0,1,1,2,2,3,3,4,4,5,5,6,6,7,7,8,8
0,0.99967,0.99967,2.0002,2.0002,2.9998,2.9998,4.0003,4.0003,5,5,5.9997,5.9997,7.0002,7.0002,7.9998,7.9998
0.1,0.99967,0.99967,2.0002,2.0002,2.9998,2.9998,4.0003,4.0003,5,5,5.9997,5.9997,7.0002,7.0002,7.9998,7.9998
0.2,0.99967,0.99967,2.0002,2.0002,2.9998,2.9998,4.0003,4.0003,5,4.9983,5.9997,5.9997,7.0002,7.0002,7.9998,7.9998
0.3,0.99967,0.99967,2.0002,2.0002,2.9998,2.9998,4.0003,4.0003,5,4.9983,5.9997,5.9997,7.0002,7.0002,7.9998,7.9998
0.4,0.99967,0.99967,2.0002,2.0002,2.9998,2.9998,4.0003,4.0003,5,4.9983,5.9997,5.9997,7.0002,7.0002,7.9998,7.9998
0.5,0.99967,0.99967,2.0002,2.0002,2.9998,2.9998,4.0003,4.0003,5,5,5.9997,5.9997,7.0002,6.9985,7.9973,7.994
0.6,0.99967,0.99967,2.0002,2.0002,2.9998,2.9998,4.0003,4.0003,5,5,5.9997,5.9997,7.0002,6.9985,7.9973,7.994
0.7,0.99967,0.99967,2.0002,2.0002,2.9998,2.9998,4.0003,4.0003,5,5,5.998,5.9997,7.0002,6.9985,7.9907,7.9874
0.8,0.99967,0.99967,2.0002,2.0002,2.9973,2.9998,4.0003,4.0003,5,5,5.998,5.9997,6.9985,6.996,7.9907,7.9874
0.9,0.99967,0.99967,2.0002,2.0002,2.9973,2.9998,4.0003,4.0003,5,5,5.9889,5.998,6.9985,6.996,7.9733,7.9791
1,0.99967,0.99967,2.0002,2.0002,2.9973,2.9998,4.0003,3.9978,5,5,5.9889,5.998,6.9728,6.9885,7.9733,7.9791
1.1,0.99967,0.99967,2.0002,2.0002,2.9973,2.9998,4.0003,3.9978,5,4.9842,5.9889,5.998,6.9728,6.9885,7.955,7.9591
1.2,0.99967,0.99967,2.0002,2.0002,2.9973,2.9998,4.0003,3.9978,4.9809,4.9842,5.9681,5.9864,6.9728,6.9412,7.955,7.9591
1.3,0.99967,0.99967,1.9944,2.0002,2.9973,2.9998,4.0003,3.9978,4.9809,4.9842,5.9681,5.9864,6.9188,6.9412,7.9135,7.9185
1.4,0.99967,0.99967,1.9944,2.0002,2.994,2.9998,4.0003,3.9978,4.9809,4.9842,5.9681,5.9864,6.9188,6.9412,7.9135,7.9185
1.5,0.99967,0.99967,1.9944,2.0002,2.994,2.9865,3.987,3.9688,4.9809,4.9518,5.9125,5.9864,6.859,6.8657,7.8637,7.8529
1.6,0.99967,0.99967,1.9944,2.0002,2.994,2.9865,3.987,3.9688,4.9593,4.9518,5.9125,5.9557,6.859,6.8657,7.8637,7.8529
1.7,0.99967,0.99967,1.9944,2.0002,2.994,2.9865,3.987,3.9688,4.9593,4.9518,5.9125,5.9557,6.7502,6.7536,7.7624,7.7599
1.8,0.99967,0.99967,1.9944,2.0002,2.994,2.9865,3.987,3.9688,4.9593,4.9518,5.8386,5.9557,6.7502,6.7536,7.7624,7.7599
1.9,0.99967,0.99967,1.9944,2.0002,2.994,2.9865,3.987,3.9688,4.9593,4.912,5.8386,5.8992,6.6207,6.7536,7.6196,7.6362
2,0.99967,0.99967,1.9944,2.0002,2.994,2.9865,3.987,3.9107,4.8954,4.912,5.8386,5.8992,6.6207,6.6083,7.6196,7.6362
2.1,0.99967,0.99967,1.9944,2.0002,2.9484,2.9865,3.9422,3.9107,4.8954,4.912,5.729,5.8992,6.6207,6.4563,7.4851,7.5066
2.2,0.99967,0.99967,1.9944,2.0002,2.9484,2.9558,3.9422,3.9107,4.8954,4.912,5.729,5.7962,6.4895,6.4563,7.4851,7.5066
2.3,0.99967,0.99967,1.9944,2.0002,2.9484,2.9558,3.9422,3.9107,4.824,4.824,5.6094,5.7962,6.4895,6.2903,7.3065,7.3638
2.4,0.99967,0.99967,1.9744,2.0002,2.9484,2.9558,3.9422,3.9107,4.824,4.824,5.6094,5.7962,6.3559,6.2903,7.1355,7.2102
2.5,0.99967,0.99967,1.9744,2.0002,2.9484,2.9558,3.9422,3.8301,4.824,4.824,5.6094,5.6609,6.3559,6.1242,7.1355,7.2102
2.6,0.99967,0.99967,1.9744,1.9952,2.9484,2.9558,3.8758,3.8301,4.824,4.6903,5.4567,5.6609,6.1989,6.1242,6.9578,7.0458
2.7,0.99967,0.99967,1.9744,1.9952,2.9484,2.9558,3.8758,3.8301,4.7127,4.6903,5.4567,5.6609,6.0345,5.9582,6.7718,7.0458
2.8,0.99967,0.99967,1.9744,1.9952,2.9484,2.9558,3.8758,3.8301,4.7127,4.6903,5.2823,5.4907,6.0345,5.7971,6.7718,6.8665
2.9,0.99967,0.99967,1.9744,1.9952,2.9085,2.9558,3.8758,3.8301,4.7127,4.6903,5.2823,5.4907,5.8527,5.7971,6.5601,6.6822
3,0.99967,0.99967,1.9744,1.9952,2.9085,2.9558,3.8758,3.7147,4.7127,4.5392,5.2823,5.4907,5.8527,5.6277,6.3617,6.6822
3.1,0.99967,0.99967,1.9744,1.9952,2.9085,2.8811,3.7529,3.7147,4.5392,4.5392,5.1121,5.3338,5.6692,5.6277,6.1666,6.4787
3.2,0.99967,0.99967,1.9744,1.9952,2.9085,2.8811,3.7529,3.7147,4.5392,4.5392,5.1121,5.3338,5.5206,5.4616,6.1666,6.2737
3.3,0.99967,0.99967,1.9744,1.9952,2.9085,2.8811,3.7529,3.7147,4.3756,4.3823,4.9344,5.1578,5.5206,5.284,5.964,6.2737
3.4,0.99967,0.99967,1.9744,1.9952,2.9085,2.8811,3.7529,3.7147,4.3756,4.3823,4.9344,5.1578,5.3479,5.284,5.7929,6.1001
3.5,0.99967,0.99967,1.9744,1.9952,2.9085,2.8811,3.7529,3.5993,4.3756,4.3823,4.7733,4.9709,5.3479,5.1005,5.631,5.8984
3.6,0.99967,0.99967,1.9744,1.9952,2.9085,2.8811,3.5985,3.5993,4.2062,4.2287,4.7733,4.9709,5.1553,4.9344,5.631,5.8984
3.7,0.99967,0.99967,1.9744,1.9952,2.9085,2.8811,3.5985,3.5993,4.2062,4.2287,4.5849,4.8007,4.9743,4.9344,5.4708,5.7248
3.8,0.99967,0.99967,1.8897,1.9952,2.8255,2.7748,3.5985,3.5993,4.0269,4.2287,4.5849,4.8007,4.9743,4.7717,5.2939,5.5704
3.9,0.99386,0.99967,1.8897,1.9952,2.8255,2.7748,3.5985,3.5993,4.0269,4.0659,4.4097,4.8007,4.7916,4.6056,5.2939,5.372
4,0.99386,0.99967,1.8897,1.9952,2.8255,2.7748,3.4424,3.4681,4.0269,4.0659,4.4097,4.6546,4.6255,4.6056,5.0839,5.372
4.1,0.99386,0.99967,1.8897,1.9952,2.8255,2.7748,3.4424,3.4681,3.8517,3.8691,4.2386,4.6546,4.6255,4.4246,4.907,5.1959
4.2,0.99386,0.99967,1.8897,1.9952,2.8255,2.7748,3.4424,3.4681,3.8517,3.8691,4.0651,4.4861,4.4545,4.2619,4.7476,5.0033
4.3,0.99386,0.99967,1.8897,1.9952,2.8255,2.7748,3.4424,3.4681,3.7031,3.8691,4.0651,4.4861,4.2727,4.2619,4.7476,5.0033
4.4,0.99386,0.99967,1.8897,1.908,2.8255,2.7748,3.2705,3.3419,3.7031,3.6998,3.9123,4.2934,4.2727,4.1116,4.5707,4.8497
4.5,0.99386,0.99386,1.8897,1.908,2.8255,2.6519,3.2705,3.3419,3.5487,3.6998,3.9123,4.2934,4.1382,3.9572,4.3964,4.6828
4.6,0.99386,0.99386,1.8897,1.908,2.6835,2.6519,3.2705,3.3419,3.5487,3.5619,3.7737,4.0809,3.9787,3.9572,4.232,4.6828
4.7,0.99386,0.99386,1.8897,1.908,2.6835,2.6519,3.102,3.3419,3.5487,3.5619,3.7737,4.0809,3.9787,3.8077,4.232,4.5201
4.8,0.99386,0.99386,1.8897,1.908,2.6835,2.6519,3.102,3.3419,3.3593,3.5619,3.6068,3.9073,3.8193,3.8077,4.0859,4.3574
4.9,0.99386,0.99386,1.8897,1.908,2.6835,2.6519,3.102,3.1833,3.3593,3.4,3.6068,3.9073,3.8193,3.6707,3.9132,4.3574
5,0.99386,0.99386,1.8897,1.908,2.6835,2.6519,3.102,3.1833,3.2016,3.4,3.4399,3.7346,3.6425,3.6707,3.9132,4.1921
5.1,0.99386,0.99386,1.7951,1.908,2.6835,2.5108,2.9392,3.1833,3.2016,3.2431,3.4399,3.7346,3.4972,3.5503,3.777,4.0402
5.2,0.99386,0.99386,1.7951,1.908,2.6835,2.5108,2.9392,3.1833,3.0405,3.2431,3.2913,3.5727,3.4972,3.5503,3.6458,4.0402
5.3,0.99386,0.99386,1.7951,1.908,2.5274,2.5108,2.9392,3.0538,3.0405,3.2431,3.2913,3.5727,3.3685,3.3992,3.6458,3.9132
5.4,0.99386,0.99386,1.7951,1.908,2.5274,2.5108,2.9392,3.0538,3.0405,3.0671,3.1667,3.3967,3.3685,3.2713,3.493,3.7753
5.5,0.99386,0.99386,1.7951,1.908,2.5274,2.5108,2.8022,3.0538,2.8985,3.0671,3.0206,3.3967,3.2199,3.2713,3.3726,3.7753
5.6,0.99386,0.99386,1.7951,1.908,2.5274,2.3846,2.8022,2.8886,2.8985,2.911,3.0206,3.2398,3.0862,3.1576,3.3726,3.625
5.7,0.99386,0.99386,1.7951,1.908,2.5274,2.3846,2.8022,2.8886,2.7591,2.911,2.8861,3.2398,3.0862,3.1576,3.2456,3.625
5.8,0.99386,0.99386,1.7951,1.908,2.5274,2.3846,2.6744,2.8886,2.7591,2.911,2.8861,3.0895,2.9525,3.0231,3.2456,3.4947
5.9,0.99386,0.99386,1.7951,1.8117,2.3937,2.3846,2.6744,2.8886,2.7591,2.784,2.7582,3.0895,2.9525,3.0231,3.1078,3.3502
6,0.99386,0.99386,1.7951,1.8117,2.3937,2.3846,2.6744,2.7483,2.6171,2.784,2.7582,2.9434,2.823,2.9019,3.1078,3.3502
6.1,0.99386,0.99386,1.7951,1.8117,2.3937,2.2376,2.5349,2.7483,2.6171,2.784,2.6187,2.9434,2.823,2.9019,2.9824,3.2224
6.2,0.99386,0.99386,1.7951,1.8117,2.3937,2.2376,2.5349,2.7483,2.6171,2.6428,2.6187,2.8246,2.7117,2.8097,2.8653,3.2224
6.3,0.99386,0.99386,1.6996,1.8117,2.3937,2.2376,2.5349,2.7483,2.4734,2.6428,2.4975,2.8246,2.7117,2.8097,2.8653,3.1235
6.4,0.99386,0.99386,1.6996,1.8117,2.3937,2.2376,2.5349,2.6328,2.4734,2.5241,2.4975,2.7076,2.7117,2.6926,2.7524,3.1235
6.5,0.99386,0.99386,1.6996,1.8117,2.2642,2.1255,2.373,2.6328,2.4734,2.5241,2.4975,2.7076,2.5872,2.6926,2.7524,2.994
6.6,0.99386,0.99386,1.6996,1.8117,2.2642,2.1255,2.373,2.6328,2.3763,2.5241,2.3672,2.5639,2.5872,2.6926,2.6627,2.8662
6.7,0.99386,0.99386,1.6996,1.8117,2.2642,2.1255,2.373,2.6328,2.3763,2.4078,2.3672,2.5639,2.4851,2.6088,2.6627,2.8662
6.8,0.99386,0.99386,1.6996,1.8117,2.2642,2.1255,2.2866,2.4875,2.3763,2.4078,2.2393,2.5639,2.4851,2.6088,2.5681,2.764
6.9,0.99386,0.99386,1.6996,1.8117,2.2642,2.1255,2.2866,2.4875,2.2866,2.4078,2.2393,2.456,2.407,2.5116,2.5681,2.764
7,0.99386,0.99386,1.6996,1.8117,2.1289,2.0118,2.2866,2.4875,2.2866,2.3165,2.1206,2.456,2.407,2.5116,2.4701,2.6287
7.1,0.99386,0.99386,1.6996,1.8117,2.1289,2.0118,2.2866,2.3464,2.2866,2.3165,2.1206,2.3597,2.2966,2.5116,2.4701,2.6287
7.2,0.99386,0.99386,1.6996,1.8117,2.1289,2.0118,2.1712,2.3464,2.2036,2.3165,2.1206,2.3597,2.2966,2.3779,2.3946,2.6287
7.3,0.99386,0.99386,1.585,1.7345,2.1289,2.0118,2.1712,2.3464,2.2036,2.2044,2.0267,2.3597,2.2966,2.3779,2.3946,2.5399
7.4,0.99386,0.99386,1.585,1.7345,2.1289,2.0118,2.1712,2.3464,2.2036,2.2044,2.0267,2.2517,2.2136,2.2675,2.3946,2.5399
7.5,0.99386,0.99386,1.585,1.7345,2.0002,1.9146,2.0807,2.2119,2.0799,2.2044,1.9346,2.2517,2.2136,2.2675,2.2858,2.4186
7.6,0.99386,0.99386,1.585,1.7345,2.0002,1.9146,2.0807,2.2119,2.0799,2.0857,1.9346,2.2517,2.2136,2.2675,2.2858,2.4186
7.7,0.99386,0.99386,1.585,1.7345,2.0002,1.9146,2.0807,2.2119,2.0799,2.0857,1.9346,2.1463,2.1363,2.1712,2.2036,2.4186
7.8,0.99386,0.99386,1.585,1.7345,2.0002,1.9146,2.0807,2.2119,2.0799,2.0857,1.8474,2.1463,2.1363,2.1712,2.2036,2.2982
7.9,0.99386,0.99386,1.585,1.7345,2.0002,1.9146,1.9537,2.099,2.0259,1.9636,1.8474,2.1463,2.1363,2.0956,2.2036,2.2982
8,0.99386,0.99386,1.585,1.7345,1.9088,1.8183,1.9537,2.099,2.0259,1.9636,1.81,2.0658,2.0317,2.0956,2.1023,2.2144
8.1,0.99386,0.99386,1.585,1.7345,1.9088,1.8183,1.9537,2.099,2.0259,1.9636,1.81,2.0658,2.0317,2.0956,2.1023,2.2144
8.2,0.99386,0.99386,1.4754,1.7345,1.9088,1.8183,1.9537,2.099,1.9254,1.8806,1.81,2.0658,2.0317,2.0068,2.0292,2.2144
8.3,0.99386,0.99386,1.4754,1.7345,1.9088,1.8183,1.8358,1.9827,1.9254,1.8806,1.737,1.9736,1.9661,2.0068,2.0292,2.1114
8.4,0.99386,0.99386,1.4754,1.7345,1.9088,1.8183,1.8358,1.9827,1.9254,1.8806,1.737,1.9736,1.9661,2.0068,2.0292,2.1114
8.5,0.99386,0.99386,1.4754,1.7345,1.7967,1.7312,1.8358,1.9827,1.9254,1.8275,1.737,1.9736,1.9661,1.9537,1.9371,2.0359
8.6,0.99386,0.99386,1.4754,1.6407,1.7967,1.7312,1.8358,1.9827,1.8515,1.8275,1.737,1.8947,1.918,1.9537,1.9371,2.0359
8.7,0.99386,0.99386,1.4754,1.6407,1.7967,1.7312,1.7386,1.8989,1.8515,1.8275,1.6631,1.8947,1.918,1.9537,1.9371,2.0359
8.8,0.94072,0.99386,1.4754,1.6407,1.7967,1.7312,1.7386,1.8989,1.8515,1.8275,1.6631,1.8947,1.918,1.874,1.8682,1.957
8.9,0.94072,0.99386,1.4754,1.6407,1.6755,1.7312,1.7386,1.8989,1.7718,1.7278,1.6631,1.8947,1.8657,1.874,1.8682,1.957
9,0.94072,0.99386,1.4754,1.6407,1.6755,1.6265,1.7386,1.8989,1.7718,1.7278,1.6108,1.7901,1.8657,1.874,1.8682,1.957
9.1,0.94072,0.99386,1.3999,1.6407,1.6755,1.6265,1.6556,1.8225,1.7718,1.7278,1.6108,1.7901,1.8657,1.8158,1.8682,1.8756
9.2,0.94072,0.99386,1.3999,1.6407,1.6755,1.6265,1.6556,1.8225,1.7718,1.6382,1.6108,1.7901,1.786,1.8158,1.7984,1.8756
9.3,0.94072,0.99386,1.3999,1.6407,1.6755,1.6265,1.6556,1.8225,1.7004,1.6382,1.6108,1.7901,1.786,1.8158,1.7984,1.8756
9.4,0.94072,0.99386,1.3999,1.6407,1.5867,1.6265,1.6556,1.8225,1.7004,1.6382,1.5568,1.7303,1.786,1.7303,1.7984,1.7943
9.5,0.94072,0.99386,1.3999,1.6407,1.5867,1.536,1.5609,1.7345,1.7004,1.6382,1.5568,1.7303,1.786,1.7303,1.722,1.7943
9.6,0.94072,0.99386,1.3999,1.5468,1.5867,1.536,1.5609,1.7345,1.7004,1.5651,1.5568,1.7303,1.7029,1.7303,1.722,1.7943
9.7,0.94072,0.99386,1.3999,1.5468,1.5867,1.536,1.5609,1.7345,1.634,1.5651,1.5568,1.7303,1.7029,1.6813,1.722,1.6921
9.8,0.94072,0.99386,1.3999,1.5468,1.5867,1.536,1.5609,1.7345,1.634,1.5651,1.5037,1.6647,1.7029,1.6813,1.693,1.6921
9.9,0.94072,0.99386,1.3999,1.5468,1.5003,1.536,1.5609,1.7345,1.634,1.5651,1.5037,1.6647,1.7029,1.6813,1.693,1.6921
10,0.94072,0.99386,1.3492,1.5468,1.5003,1.536,1.5186,1.6888,1.634,1.5037,1.5037,1.6647,1.6622,1.6813,1.693,1.639
10.1,0.94072,0.99386,1.3492,1.5468,1.5003,1.4671,1.5186,1.6888,1.6083,1.5037,1.5037,1.6647,1.6622,1.6315,1.693,1.639
10.2,0.94072,0.99386,1.3492,1.5468,1.5003,1.4671,1.5186,1.6888,1.6083,1.5037,1.4339,1.5883,1.6622,1.6315,1.649,1.639
10.3,0.94072,0.99386,1.3492,1.5468,1.5003,1.4671,1.5186,1.6888,1.6083,1.5037,1.4339,1.5883,1.5859,1.6315,1.649,1.6041
10.4,0.94072,0.99386,1.3492,1.5468,1.4605,1.4671,1.5186,1.6888,1.6083,1.458,1.4339,1.5883,1.5859,1.5975,1.649,1.6041
10.5,0.94072,0.99386,1.3492,1.5468,1.4605,1.4671,1.5186,1.5975,1.5775,1.458,1.4339,1.5883,1.5859,1.5975,1.6066,1.6041
10.6,0.94072,0.99386,1.3492,1.4547,1.4605,1.4671,1.443,1.5975,1.5775,1.458,1.4198,1.5111,1.5859,1.5975,1.6066,1.556
10.7,0.94072,0.99386,1.3492,1.4547,1.4605,1.3899,1.443,1.5975,1.5775,1.458,1.4198,1.5111,1.5543,1.5975,1.6066,1.556
10.8,0.94072,0.99386,1.3127,1.4547,1.4605,1.3899,1.443,1.5975,1.5775,1.4082,1.4198,1.5111,1.5543,1.5394,1.6066,1.556
10.9,0.94072,0.99386,1.3127,1.4547,1.3899,1.3899,1.443,1.5975,1.5775,1.4082,1.4198,1.5111,1.5543,1.5394,1.5709,1.556
11,0.94072,0.99386,1.3127,1.4547,1.3899,1.3899,1.443,1.5568,1.5286,1.4082,1.4032,1.4505,1.5543,1.5394,1.5709,1.487
11.1,0.94072,0.94819,1.3127,1.4547,1.3899,1.3899,1.443,1.5568,1.5286,1.4082,1.4032,1.4505,1.4937,1.5394,1.5709,1.487
11.2,0.94072,0.94819,1.3127,1.4547,1.3899,1.3899,1.4048,1.5568,1.5286,1.4082,1.4032,1.4505,1.4937,1.5028,1.5709,1.487
11.3,0.94072,0.94819,1.3127,1.4547,1.3899,1.3899,1.4048,1.5568,1.5286,1.3758,1.4032,1.4505,1.4937,1.5028,1.5709,1.487
11.4,0.94072,0.94819,1.3127,1.4547,1.3658,1.3401,1.4048,1.5568,1.4846,1.3758,1.4032,1.4007,1.4937,1.5028,1.5186,1.419
11.5,0.94072,0.94819,1.3127,1.4547,1.3658,1.3401,1.4048,1.5103,1.4846,1.3758,1.3957,1.4007,1.4397,1.5028,1.5186,1.419
11.6,0.94072,0.94819,1.3127,1.4547,1.3658,1.3401,1.4048,1.5103,1.4846,1.3758,1.3957,1.4007,1.4397,1.4447,1.5186,1.419
11.7,0.94072,0.94819,1.2778,1.4007,1.3658,1.3401,1.4048,1.5103,1.4846,1.3202,1.3957,1.4007,1.4397,1.4447,1.5186,1.419
11.8,0.94072,0.94819,1.2778,1.4007,1.3658,1.3401,1.3667,1.5103,1.4846,1.3202,1.3957,1.3858,1.4397,1.4447,1.5003,1.3824
11.9,0.94072,0.94819,1.2778,1.4007,1.3658,1.3401,1.3667,1.5103,1.4621,1.3202,1.3957,1.3858,1.4397,1.4447,1.5003,1.3824
12,0.94072,0.94819,1.2778,1.4007,1.3193,1.3401,1.3667,1.5103,1.4621,1.3202,1.3658,1.3858,1.3907,1.3808,1.5003,1.3824
12.1,0.94072,0.94819,1.2778,1.4007,1.3193,1.306,1.3667,1.4406,1.4621,1.3202,1.3658,1.3858,1.3907,1.3808,1.5003,1.3824
12.2,0.94072,0.94819,1.2778,1.4007,1.3193,1.306,1.3667,1.4406,1.4621,1.2953,1.3658,1.3858,1.3907,1.3808,1.4779,1.3824
12.3,0.94072,0.94819,1.2778,1.4007,1.3193,1.306,1.3667,1.4406,1.3965,1.2953,1.3658,1.36,1.3907,1.3808,1.4779,1.3824
12.4,0.94072,0.94819,1.2778,1.4007,1.3193,1.306,1.3667,1.4406,1.3965,1.2953,1.3658,1.36,1.3667,1.3426,1.4779,1.3824
12.5,0.94072,0.94819,1.2297,1.4007,1.3193,1.306,1.3625,1.4406,1.3965,1.2953,1.3177,1.36,1.3667,1.3426,1.4779,1.3824
12.6,0.94072,0.94819,1.2297,1.4007,1.3019,1.306,1.3625,1.4015,1.3965,1.2953,1.3177,1.36,1.3667,1.3426,1.4555,1.3376
12.7,0.94072,0.94819,1.2297,1.4007,1.3019,1.306,1.3625,1.4015,1.3965,1.2986,1.3177,1.316,1.3667,1.3426,1.4555,1.3376
12.8,0.94072,0.94819,1.2297,1.3368,1.3019,1.2836,1.3625,1.4015,1.3766,1.2986,1.3177,1.316,1.3667,1.3077,1.4555,1.3376
12.9,0.94072,0.94819,1.2297,1.3368,1.3019,1.2836,1.3625,1.4015,1.3766,1.2986,1.3177,1.316,1.3484,1.3077,1.4555,1.3376
13,0.94072,0.94819,1.2297,1.3368,1.3019,1.2836,1.3625,1.4015,1.3766,1.2986,1.3094,1.316,1.3484,1.3077,1.4555,1.3251
13.1,0.94072,0.94819,1.2297,1.3368,1.2803,1.2836,1.3625,1.3459,1.3766,1.2986,1.3094,1.316,1.3484,1.3077,1.4289,1.3251
13.2,0.94072,0.94819,1.2297,1.3368,1.2803,1.2836,1.3251,1.3459,1.3326,1.2986,1.3094,1.2878,1.3484,1.2762,1.4289,1.3251
13.3,0.94072,0.94819,1.2297,1.3368,1.2803,1.2836,1.3251,1.3459,1.3326,1.2529,1.3094,1.2878,1.3177,1.2762,1.4289,1.3168
13.4,0.94072,0.94819,1.1923,1.3368,1.2803,1.2836,1.3251,1.3459,1.3326,1.2529,1.3094,1.2878,1.3177,1.2762,1.4289,1.3168
13.5,0.94072,0.94819,1.1923,1.3368,1.2803,1.2836,1.3251,1.3459,1.3326,1.2529,1.3102,1.2878,1.3177,1.2762,1.4397,1.3168
13.6,0.94072,0.94819,1.1923,1.3368,1.2803,1.2429,1.3251,1.3459,1.3326,1.2529,1.3102,1.2878,1.3177,1.2529,1.4397,1.3168
13.7,0.94072,0.94819,1.1923,1.3368,1.2803,1.2429,1.3251,1.3417,1.3102,1.2529,1.3102,1.238,1.3177,1.2529,1.4397,1.3251
13.8,0.91249,0.94819,1.1923,1.2928,1.2762,1.2429,1.3251,1.3417,1.3102,1.2438,1.3102,1.238,1.3235,1.2529,1.4397,1.3251
13.9,0.91249,0.94819,1.1923,1.2928,1.2762,1.2429,1.2969,1.3417,1.3102,1.2438,1.3102,1.238,1.3235,1.2529,1.4181,1.3251
14,0.91249,0.94819,1.1923,1.2928,1.2762,1.2429,1.2969,1.3417,1.3102,1.2438,1.3102,1.238,1.3235,1.2529,1.4181,1.3251
14.1,0.91249,0.94819,1.1923,1.2928,1.2762,1.2429,1.2969,1.3417,1.2795,1.2438,1.3011,1.238,1.3235,1.2072,1.4181,1.2994
14.2,0.91249,0.94819,1.1699,1.2928,1.2762,1.2429,1.2969,1.3417,1.2795,1.2438,1.3011,1.218,1.326,1.2072,1.4181,1.2994
14.3,0.91249,0.94819,1.1699,1.2928,1.2762,1.2429,1.2969,1.3193,1.2795,1.2388,1.3011,1.218,1.326,1.2072,1.4181,1.2994
14.4,0.91249,0.94819,1.1699,1.2928,1.2604,1.2429,1.2969,1.3193,1.2795,1.2388,1.3011,1.218,1.326,1.2072,1.3525,1.2994
14.5,0.91249,0.94819,1.1699,1.2928,1.2604,1.2089,1.2969,1.3193,1.2463,1.2388,1.3011,1.218,1.326,1.1948,1.3525,1.2679
14.6,0.91249,0.94819,1.1699,1.2928,1.2604,1.2089,1.2828,1.3193,1.2463,1.2388,1.2654,1.218,1.326,1.1948,1.3525,1.2679
14.7,0.91249,0.94819,1.1699,1.2928,1.2604,1.2089,1.2828,1.3193,1.2463,1.2388,1.2654,1.2023,1.2977,1.1948,1.3525,1.2679
14.8,0.91249,0.94819,1.1699,1.2786,1.2604,1.2089,1.2828,1.3193,1.2463,1.2438,1.2654,1.2023,1.2977,1.1948,1.3525,1.2679
14.9,0.91249,0.94819,1.1541,1.2786,1.2604,1.2089,1.2828,1.3193,1.2463,1.2438,1.2654,1.2023,1.2977,1.1981,1.3534,1.2388
15,0.91249,0.94819,1.1541,1.2786,1.2604,1.2089,1.2828,1.3102,1.2429,1.2438,1.2654,1.2023,1.2977,1.1981,1.3534,1.2388
15.1,0.91249,0.94819,1.1541,1.2786,1.2687,1.2089,1.2828,1.3102,1.2429,1.2438,1.2654,1.2023,1.2571,1.1981,1.3534,1.2388
15.2,0.91249,0.94819,1.1541,1.2786,1.2687,1.2089,1.2828,1.3102,1.2429,1.2438,1.2388,1.1973,1.2571,1.1981,1.3534,1.2388
15.3,0.91249,0.94819,1.1541,1.2786,1.2687,1.223,1.2554,1.3102,1.2429,1.2438,1.2388,1.1973,1.2571,1.1981,1.3052,1.2288
15.4,0.91249,0.94819,1.1541,1.2786,1.2687,1.223,1.2554,1.3102,1.2429,1.2238,1.2388,1.1973,1.2571,1.1923,1.3052,1.2288
15.5,0.91249,0.94819,1.1541,1.2786,1.2687,1.223,1.2554,1.3102,1.2238,1.2238,1.2388,1.1973,1.2571,1.1923,1.3052,1.2288
15.6,0.91249,0.94819,1.1541,1.2786,1.2687,1.223,1.2554,1.2869,1.2238,1.2238,1.2388,1.1973,1.2762,1.1923,1.3052,1.2288
15.7,0.91249,0.94819,1.1599,1.2786,1.2687,1.223,1.2554,1.2869,1.2238,1.2238,1.2388,1.1973,1.2762,1.1923,1.3052,1.2288
15.8,0.91249,0.94819,1.1599,1.2396,1.2969,1.223,1.2554,1.2869,1.2238,1.2238,1.2388,1.2056,1.2762,1.1898,1.272,1.2363
15.9,0.91249,0.94819,1.1599,1.2396,1.2969,1.223,1.2396,1.2869,1.2238,1.2072,1.2089,1.2056,1.2762,1.1898,1.272,1.2363
16,0.91249,0.94819,1.1599,1.2396,1.2969,1.223,1.2396,1.2869,1.218,1.2072,1.2089,1.2056,1.2762,1.1898,1.272,1.2363
16.1,0.91249,0.94819,1.1599,1.2396,1.2969,1.2064,1.2396,1.2869,1.218,1.2072,1.2089,1.2056,1.2762,1.1898,1.272,1.2363
16.2,0.91249,0.94819,1.1599,1.2396,1.2969,1.2064,1.2396,1.2604,1.218,1.2072,1.2089,1.2056,1.3027,1.1724,1.2604,1.2288
16.3,0.91249,0.94819,1.1599,1.2396,1.2969,1.2064,1.2396,1.2604,1.218,1.2072,1.2089,1.2255,1.3027,1.1724,1.2604,1.2288
16.4,0.91249,0.94819,1.1524,1.2396,1.2604,1.2064,1.2396,1.2604,1.218,1.2056,1.2089,1.2255,1.3027,1.1724,1.2604,1.2288
16.5,0.91249,0.94819,1.1524,1.2396,1.2604,1.2064,1.2396,1.2604,1.2155,1.2056,1.2155,1.2255,1.3027,1.1724,1.2604,1.2288
16.6,0.91249,0.94819,1.1524,1.2396,1.2604,1.2064,1.228,1.2604,1.2155,1.2056,1.2155,1.2255,1.3027,1.1724,1.2604,1.2288
16.7,0.91249,0.94819,1.1524,1.2396,1.2604,1.2064,1.228,1.2604,1.2155,1.2056,1.2155,1.2255,1.3119,1.1973,1.2421,1.2097
16.8,0.91249,0.94819,1.1524,1.2396,1.2604,1.2064,1.228,1.2604,1.2155,1.2056,1.2155,1.2255,1.3119,1.1973,1.2421,1.2097
16.9,0.91249,0.94819,1.1524,1.1832,1.2604,1.2064,1.228,1.2737,1.2155,1.2056,1.2155,1.2139,1.3119,1.1973,1.2421,1.2097
17,0.91249,0.94819,1.1524,1.1832,1.2604,1.1956,1.228,1.2737,1.2155,1.2147,1.2155,1.2139,1.3119,1.1973,1.2421,1.2097
17.1,0.91249,0.94819,1.1524,1.1832,1.2512,1.1956,1.228,1.2737,1.2039,1.2147,1.1989,1.2139,1.3119,1.1981,1.2405,1.2272
17.2,0.91249,0.91996,1.1749,1.1832,1.2512,1.1956,1.228,1.2737,1.2039,1.2147,1.1989,1.2139,1.282,1.1981,1.2405,1.2272
17.3,0.91249,0.91996,1.1749,1.1832,1.2512,1.1956,1.2321,1.2737,1.2039,1.2147,1.1989,1.2139,1.282,1.1981,1.2405,1.2272
17.4,0.91249,0.91996,1.1749,1.1832,1.2512,1.1956,1.2321,1.2737,1.2039,1.2147,1.1989,1.2139,1.282,1.1981,1.2405,1.2272
17.5,0.91249,0.91996,1.1749,1.1832,1.2512,1.1956,1.2321,1.2604,1.2039,1.2147,1.1989,1.2263,1.282,1.2139,1.2405,1.2346
17.6,0.91249,0.91996,1.1749,1.1832,1.2512,1.1956,1.2321,1.2604,1.2081,1.2064,1.174,1.2263,1.282,1.2139,1.2454,1.2346
17.7,0.91249,0.91996,1.1749,1.1832,1.2512,1.1956,1.2321,1.2604,1.2081,1.2064,1.174,1.2263,1.267,1.2139,1.2454,1.2346
17.8,0.91249,0.91996,1.1749,1.1832,1.2338,1.2131,1.2321,1.2604,1.2081,1.2064,1.174,1.2263,1.267,1.2139,1.2454,1.2346
17.9,0.91249,0.91996,1.1749,1.1832,1.2338,1.2131,1.2546,1.2604,1.2081,1.2064,1.174,1.2263,1.267,1.179,1.2454,1.2346
18,0.91249,0.91996,1.1425,1.1757,1.2338,1.2131,1.2546,1.2604,1.2081,1.2064,1.174,1.2454,1.267,1.179,1.2454,1.2255
18.1,0.91249,0.91996,1.1425,1.1757,1.2338,1.2131,1.2546,1.2604,1.2081,1.2164,1.174,1.2454,1.267,1.179,1.2587,1.2255
18.2,0.91249,0.91996,1.1425,1.1757,1.2338,1.2131,1.2546,1.2238,1.2081,1.2164,1.1707,1.2454,1.2595,1.179,1.2587,1.2255
18.3,0.90917,0.91996,1.1425,1.1757,1.2338,1.2131,1.2546,1.2238,1.2081,1.2164,1.1707,1.2454,1.2595,1.179,1.2587,1.2255
18.4,0.90917,0.91996,1.1425,1.1757,1.228,1.2131,1.2546,1.2238,1.2081,1.2164,1.1707,1.2454,1.2595,1.1964,1.2587,1.2438
18.5,0.90917,0.91996,1.1425,1.1757,1.228,1.2131,1.2446,1.2238,1.2081,1.2164,1.1707,1.2454,1.2595,1.1964,1.2587,1.2438
18.6,0.90917,0.91996,1.1425,1.1757,1.228,1.2155,1.2446,1.2238,1.2081,1.2164,1.1707,1.2463,1.2595,1.1964,1.2703,1.2438
18.7,0.90917,0.91996,1.15,1.1757,1.228,1.2155,1.2446,1.2238,1.1931,1.2413,1.1491,1.2463,1.2355,1.1964,1.2703,1.2438
18.8,0.90917,0.91996,1.15,1.1757,1.228,1.2155,1.2446,1.2014,1.1931,1.2413,1.1491,1.2463,1.2355,1.1873,1.2703,1.2438
18.9,0.90917,0.91996,1.15,1.1757,1.228,1.2155,1.2446,1.2014,1.1931,1.2413,1.1491,1.2463,1.2355,1.1873,1.2703,1.2512
19,0.90917,0.91996,1.15,1.1574,1.2297,1.2155,1.2446,1.2014,1.1931,1.2413,1.1491,1.2463,1.2355,1.1873,1.2587,1.2512
19.1,0.90917,0.91996,1.15,1.1574,1.2297,1.2155,1.2446,1.2014,1.1931,1.2413,1.1491,1.2463,1.2363,1.1873,1.2587,1.2512
19.2,0.90917,0.91996,1.15,1.1574,1.2297,1.2155,1.2047,1.2014,1.1998,1.2795,1.1491,1.2421,1.2363,1.1873,1.2587,1.2512
19.3,0.90917,0.91996,1.15,1.1574,1.2297,1.2272,1.2047,1.2014,1.1998,1.2795,1.1416,1.2421,1.2363,1.1674,1.2587,1.2321
19.4,0.90917,0.91996,1.15,1.1574,1.2297,1.2272,1.2047,1.1715,1.1998,1.2795,1.1416,1.2421,1.2363,1.1674,1.2587,1.2321
19.5,0.90917,0.91996,1.1483,1.1574,1.2297,1.2272,1.2047,1.1715,1.1998,1.2795,1.1416,1.2421,1.2438,1.1674,1.2479,1.2321
19.6,0.90917,0.91996,1.1483,1.1574,1.2272,1.2272,1.2047,1.1715,1.1998,1.2795,1.1416,1.2421,1.2438,1.1674,1.2479,1.2321
19.7,0.90917,0.91996,1.1483,1.1574,1.2272,1.2272,1.2047,1.1715,1.1998,1.2795,1.1416,1.2421,1.2438,1.1657,1.2479,1.2554
19.8,0.90917,0.91996,1.1483,1.1574,1.2272,1.2272,1.1857,1.1715,1.2205,1.2645,1.1342,1.2297,1.2438,1.1657,1.2479,1.2554
19.9,0.90917,0.91996,1.1483,1.1574,1.2272,1.2272,1.1857,1.1715,1.2205,1.2645,1.1342,1.2297,1.2438,1.1657,1.2479,1.2554
20,0.90917,0.91996,1.1483,1.1367,1.2272,1.2272,1.1857,1.1715,1.2205,1.2645,1.1342,1.2297,1.2438,1.1657,1.2604,1.2554
20.1,0.90917,0.91996,1.1483,1.1367,1.2272,1.2122,1.1857,1.1715,1.2205,1.2645,1.1342,1.2297,1.2438,1.1599,1.2604,1.2338
20.2,0.90917,0.91996,1.1483,1.1367,1.1981,1.2122,1.1857,1.1715,1.2205,1.2645,1.1342,1.2297,1.2438,1.1599,1.2604,1.2338
20.3,0.90917,0.91996,1.174,1.1367,1.1981,1.2122,1.1857,1.1715,1.2321,1.2363,1.14,1.2297,1.2438,1.1599,1.2604,1.2338
20.4,0.90917,0.91996,1.174,1.1367,1.1981,1.2122,1.1815,1.1715,1.2321,1.2363,1.14,1.2421,1.2438,1.1599,1.2703,1.2338
20.5,0.90917,0.91996,1.174,1.1367,1.1981,1.2122,1.1815,1.1715,1.2321,1.2363,1.14,1.2421,1.2512,1.1599,1.2703,1.2321
20.6,0.90917,0.91996,1.174,1.1367,1.1981,1.2122,1.1815,1.1715,1.2321,1.2363,1.14,1.2421,1.2512,1.1757,1.2703,1.2321
20.7,0.90917,0.91996,1.174,1.1367,1.1981,1.2122,1.1815,1.1433,1.2321,1.2363,1.14,1.2421,1.2512,1.1757,1.2703,1.2321
20.8,0.90917,0.91996,1.174,1.1367,1.1906,1.179,1.1815,1.1433,1.2321,1.2363,1.14,1.2421,1.2512,1.1757,1.2703,1.2321
20.9,0.90917,0.91996,1.174,1.1367,1.1906,1.179,1.1815,1.1433,1.2537,1.2579,1.1524,1.2695,1.2512,1.1757,1.3044,1.2321
21,0.90917,0.91996,1.174,1.14,1.1906,1.179,1.1682,1.1433,1.2537,1.2579,1.1524,1.2695,1.2205,1.2297,1.3044,1.2429
21.1,0.90917,0.91996,1.1541,1.14,1.1906,1.179,1.1682,1.1433,1.2537,1.2579,1.1524,1.2695,1.2205,1.2297,1.3044,1.2429
21.2,0.90917,0.91996,1.1541,1.14,1.1906,1.179,1.1682,1.1433,1.2537,1.2579,1.1524,1.2695,1.2205,1.2297,1.3044,1.2429
21.3,0.90917,0.91996,1.1541,1.14,1.1906,1.179,1.1682,1.1433,1.2537,1.2579,1.1524,1.2695,1.2205,1.2297,1.3044,1.2429
21.4,0.90917,0.91996,1.1541,1.14,1.1682,1.179,1.1682,1.1408,1.2189,1.2903,1.1234,1.2695,1.2346,1.2238,1.3027,1.2562
21.5,0.90917,0.91996,1.1541,1.14,1.1682,1.1607,1.1682,1.1408,1.2189,1.2903,1.1234,1.2654,1.2346,1.2238,1.3027,1.2562
21.6,0.90917,0.91996,1.1541,1.14,1.1682,1.1607,1.1798,1.1408,1.2189,1.2903,1.1234,1.2654,1.2346,1.2238,1.3027,1.2562
21.7,0.90917,0.91996,1.1541,1.14,1.1682,1.1607,1.1798,1.1408,1.2189,1.2903,1.1234,1.2654,1.2346,1.2238,1.3027,1.2562
21.8,0.90917,0.89256,1.1541,1.14,1.1682,1.1607,1.1798,1.1408,1.2189,1.2903,1.1234,1.2654,1.2429,1.2081,1.3027,1.2562
21.9,0.90917,0.89256,1.1616,1.1333,1.1682,1.1607,1.1798,1.1408,1.2247,1.2762,1.1176,1.2654,1.2429,1.2081,1.326,1.2405
22,0.90917,0.89256,1.1616,1.1333,1.1682,1.1607,1.1798,1.1524,1.2247,1.2762,1.1176,1.2595,1.2429,1.2081,1.326,1.2405
22.1,0.90917,0.89256,1.1616,1.1333,1.1657,1.1715,1.1798,1.1524,1.2247,1.2762,1.1176,1.2595,1.2429,1.2081,1.326,1.2405
22.2,0.90917,0.89256,1.1616,1.1333,1.1657,1.1715,1.1798,1.1524,1.2247,1.2762,1.1176,1.2595,1.2429,1.2139,1.326,1.2405
22.3,0.90917,0.89256,1.1616,1.1333,1.1657,1.1715,1.1624,1.1524,1.2247,1.2762,1.1176,1.2595,1.2521,1.2139,1.3351,1.238
22.4,0.90917,0.89256,1.1616,1.1333,1.1657,1.1715,1.1624,1.1524,1.2238,1.2753,1.1358,1.2595,1.2521,1.2139,1.3351,1.238
22.5,0.90917,0.89256,1.1616,1.1333,1.1657,1.1715,1.1624,1.1524,1.2238,1.2753,1.1358,1.2595,1.2521,1.2139,1.3351,1.238
22.6,0.90917,0.89256,1.1616,1.1333,1.1657,1.1715,1.1624,1.1524,1.2238,1.2753,1.1358,1.2529,1.2521,1.1906,1.3351,1.238
22.7,0.90917,0.89256,1.1533,1.1333,1.1715,1.1715,1.1624,1.1923,1.2238,1.2753,1.1358,1.2529,1.238,1.1906,1.3351,1.2172
22.8,0.90917,0.89256,1.1533,1.1333,1.1715,1.1641,1.1624,1.1923,1.2238,1.2753,1.1491,1.2529,1.238,1.1906,1.2944,1.2172
22.9,0.90917,0.89256,1.1533,1.1275,1.1715,1.1641,1.1624,1.1923,1.2238,1.2753,1.1491,1.2529,1.238,1.1906,1.2944,1.2172
23,0.90917,0.89256,1.1533,1.1275,1.1715,1.1641,1.1566,1.1923,1.2238,1.2728,1.1491,1.2529,1.238,1.2014,1.2944,1.2172
23.1,0.90917,0.89256,1.1533,1.1275,1.1715,1.1641,1.1566,1.1923,1.2238,1.2728,1.1491,1.2496,1.2313,1.2014,1.2944,1.2222
23.2,0.90917,0.89256,1.1533,1.1275,1.1715,1.1641,1.1566,1.1923,1.2238,1.2728,1.1491,1.2496,1.2313,1.2014,1.2944,1.2222
23.3,0.90917,0.89256,1.1533,1.1275,1.1657,1.1641,1.1566,1.1923,1.2238,1.2728,1.1549,1.2496,1.2313,1.2014,1.2886,1.2222
23.4,0.89505,0.89256,1.1533,1.1275,1.1657,1.1641,1.1566,1.1657,1.2305,1.2728,1.1549,1.2496,1.2313,1.1923,1.2886,1.2222
23.5,0.89505,0.89256,1.1641,1.1275,1.1657,1.1641,1.1566,1.1657,1.2305,1.2687,1.1549,1.2496,1.2313,1.1923,1.2886,1.2504
23.6,0.89505,0.89256,1.1641,1.1275,1.1657,1.1524,1.1624,1.1657,1.2305,1.2687,1.1549,1.2571,1.2006,1.1923,1.2886,1.2504
23.7,0.89505,0.89256,1.1641,1.1275,1.1657,1.1524,1.1624,1.1657,1.2305,1.2687,1.1549,1.2571,1.2006,1.1923,1.2745,1.2504
23.8,0.89505,0.89256,1.1641,1.1275,1.1657,1.1524,1.1624,1.1657,1.2305,1.2687,1.1765,1.2571,1.2006,1.1973,1.2745,1.2504
23.9,0.89505,0.89256,1.1641,1.1433,1.1699,1.1524,1.1624,1.1657,1.2488,1.2687,1.1765,1.2571,1.2006,1.1973,1.2745,1.2496
24,0.89505,0.89256,1.1641,1.1433,1.1699,1.1524,1.1624,1.1657,1.2488,1.2629,1.1765,1.2571,1.2155,1.1973,1.2745,1.2496
24.1,0.89505,0.89256,1.1641,1.1433,1.1699,1.1524,1.1624,1.1724,1.2488,1.2629,1.1765,1.2346,1.2155,1.1973,1.2745,1.2496
24.2,0.89505,0.89256,1.1641,1.1433,1.1699,1.1524,1.1624,1.1724,1.2488,1.2629,1.1765,1.2346,1.2155,1.1989,1.2969,1.2496
24.3,0.89505,0.89256,1.1641,1.1433,1.1699,1.1632,1.1832,1.1724,1.2488,1.2629,1.1898,1.2346,1.2155,1.1989,1.2969,1.2521
24.4,0.89505,0.89256,1.1342,1.1433,1.1699,1.1632,1.1832,1.1724,1.2463,1.2629,1.1898,1.2346,1.2155,1.1989,1.2969,1.2521
24.5,0.89505,0.89256,1.1342,1.1433,1.1749,1.1632,1.1832,1.1724,1.2463,1.2878,1.1898,1.2346,1.194,1.1989,1.2969,1.2521
24.6,0.89505,0.89256,1.1342,1.1433,1.1749,1.1632,1.1832,1.1724,1.2463,1.2878,1.1898,1.2305,1.194,1.2072,1.2969,1.2521
24.7,0.89505,0.89256,1.1342,1.1433,1.1749,1.1632,1.1832,1.1724,1.2463,1.2878,1.1898,1.2305,1.194,1.2072,1.2878,1.2321
24.8,0.89505,0.89256,1.1342,1.1433,1.1749,1.1632,1.1832,1.2014,1.2463,1.2878,1.1674,1.2305,1.194,1.2072,1.2878,1.2321
24.9,0.89505,0.89256,1.1342,1.1358,1.1749,1.1632,1.1998,1.2014,1.2463,1.2878,1.1674,1.2305,1.194,1.2072,1.2878,1.2321
25,0.89505,0.89256,1.1342,1.1358,1.1749,1.1632,1.1998,1.2014,1.282,1.2878,1.1674,1.2305,1.1707,1.2139,1.2878,1.2321
25.1,0.89505,0.89256,1.1342,1.1358,1.179,1.1441,1.1998,1.2014,1.282,1.2919,1.1674,1.2438,1.1707,1.2139,1.2994,1.2321
25.2,0.89505,0.89256,1.1267,1.1358,1.179,1.1441,1.1998,1.2014,1.282,1.2919,1.1749,1.2438,1.1707,1.2139,1.2994,1.2056
25.3,0.89505,0.89256,1.1267,1.1358,1.179,1.1441,1.1998,1.2014,1.282,1.2919,1.1749,1.2438,1.1707,1.2139,1.2994,1.2056
25.4,0.89505,0.89256,1.1267,1.1358,1.179,1.1441,1.1998,1.2014,1.282,1.2919,1.1749,1.2438,1.1798,1.1923,1.2994,1.2056
25.5,0.89505,0.89256,1.1267,1.1358,1.179,1.1441,1.1574,1.1873,1.2928,1.2919,1.1749,1.2438,1.1798,1.1923,1.2994,1.2056
25.6,0.89505,0.89256,1.1267,1.1358,1.179,1.1441,1.1574,1.1873,1.2928,1.2919,1.1749,1.2438,1.1798,1.1923,1.2745,1.2039
25.7,0.89505,0.89256,1.1267,1.1358,1.1798,1.1641,1.1574,1.1873,1.2928,1.2737,1.1707,1.2562,1.1798,1.1923,1.2745,1.2039
25.8,0.89505,0.89256,1.1267,1.1358,1.1798,1.1641,1.1574,1.1873,1.2928,1.2737,1.1707,1.2562,1.1798,1.2155,1.2745,1.2039
25.9,0.89505,0.8635,1.1267,1.1433,1.1798,1.1641,1.1574,1.1873,1.2928,1.2737,1.1707,1.2562,1.1865,1.2155,1.2745,1.2039
26,0.89505,0.8635,1.1267,1.1433,1.1798,1.1641,1.145,1.1873,1.3011,1.2737,1.1707,1.2562,1.1865,1.2155,1.2745,1.2047
26.1,0.89505,0.8635,1.1051,1.1433,1.1798,1.1641,1.145,1.1857,1.3011,1.2737,1.1707,1.2562,1.1865,1.2155,1.2745,1.2047
26.2,0.89505,0.8635,1.1051,1.1433,1.1798,1.1641,1.145,1.1857,1.3011,1.2712,1.1956,1.2305,1.1865,1.2081,1.2745,1.2047
26.3,0.89505,0.8635,1.1051,1.1433,1.1798,1.1641,1.145,1.1857,1.3011,1.2712,1.1956,1.2305,1.1757,1.2081,1.2745,1.2047
26.4,0.89505,0.8635,1.1051,1.1433,1.1923,1.1674,1.145,1.1857,1.3011,1.2712,1.1956,1.2305,1.1757,1.2081,1.2745,1.1981
26.5,0.89505,0.8635,1.1051,1.1433,1.1923,1.1674,1.145,1.1857,1.3276,1.2712,1.1956,1.2305,1.1757,1.2081,1.2745,1.1981
26.6,0.89505,0.8635,1.1051,1.1433,1.1923,1.1674,1.1632,1.1857,1.3276,1.2712,1.1956,1.2305,1.1757,1.2081,1.2845,1.1981
26.7,0.89505,0.8635,1.1051,1.1433,1.1923,1.1674,1.1632,1.1857,1.3276,1.2737,1.2047,1.2562,1.1757,1.2064,1.2845,1.1981
26.8,0.89505,0.8635,1.1051,1.1433,1.1923,1.1674,1.1632,1.1358,1.3276,1.2737,1.2047,1.2562,1.1649,1.2064,1.2845,1.1724
26.9,0.89505,0.8635,1.081,1.1433,1.1923,1.1674,1.1632,1.1358,1.3276,1.2737,1.2047,1.2562,1.1649,1.2064,1.2845,1.1724
27,0.89505,0.8635,1.081,1.1267,1.1931,1.1674,1.1632,1.1358,1.2977,1.2737,1.2047,1.2562,1.1649,1.2064,1.2762,1.1724
27.1,0.89505,0.8635,1.081,1.1267,1.1931,1.1807,1.1632,1.1358,1.2977,1.2737,1.2047,1.2562,1.1649,1.2122,1.2762,1.1724
27.2,0.89505,0.8635,1.081,1.1267,1.1931,1.1807,1.1632,1.1358,1.2977,1.2762,1.2255,1.2562,1.1749,1.2122,1.2762,1.1591
27.3,0.89505,0.8635,1.081,1.1267,1.1931,1.1807,1.1333,1.1358,1.2977,1.2762,1.2255,1.2587,1.1749,1.2122,1.2762,1.1591
27.4,0.89505,0.8635,1.081,1.1267,1.1931,1.1807,1.1333,1.1383,1.2977,1.2762,1.2255,1.2587,1.1749,1.2122,1.2762,1.1591
27.5,0.89505,0.8635,1.081,1.1267,1.1931,1.1807,1.1333,1.1383,1.3218,1.2762,1.2255,1.2587,1.1749,1.2139,1.267,1.1591
27.6,0.89505,0.8635,1.081,1.1267,1.1931,1.1807,1.1333,1.1383,1.3218,1.2762,1.2255,1.2587,1.1749,1.2139,1.267,1.1591
27.7,0.89505,0.8635,1.0819,1.1267,1.2064,1.1807,1.1333,1.1383,1.3218,1.2762,1.2255,1.2587,1.2014,1.2139,1.267,1.1832
27.8,0.89505,0.8635,1.0819,1.1267,1.2064,1.15,1.1333,1.1383,1.3218,1.2645,1.2255,1.2413,1.2014,1.2139,1.267,1.1832
27.9,0.89505,0.8635,1.0819,1.1267,1.2064,1.15,1.1591,1.1383,1.3218,1.2645,1.2255,1.2413,1.2014,1.2214,1.2645,1.1832
28,0.89505,0.8635,1.0819,1.1267,1.2064,1.15,1.1591,1.1583,1.3177,1.2645,1.2255,1.2413,1.2014,1.2214,1.2645,1.1832
28.1,0.89505,0.8635,1.0819,1.1126,1.2064,1.15,1.1591,1.1583,1.3177,1.2645,1.1981,1.2413,1.1998,1.2214,1.2645,1.1948
28.2,0.89505,0.8635,1.0819,1.1126,1.2064,1.15,1.1591,1.1583,1.3177,1.2645,1.1981,1.2413,1.1998,1.2214,1.2645,1.1948
28.3,0.89505,0.8635,1.0819,1.1126,1.2023,1.15,1.1591,1.1583,1.3177,1.2504,1.1981,1.2238,1.1998,1.2313,1.2645,1.1948
28.4,0.89505,0.8635,1.0495,1.1126,1.2023,1.15,1.1591,1.1583,1.3177,1.2504,1.1981,1.2238,1.1998,1.2313,1.2612,1.1948
28.5,0.89505,0.8635,1.0495,1.1126,1.2023,1.1375,1.1815,1.1583,1.3011,1.2504,1.1981,1.2238,1.2023,1.2313,1.2612,1.1773
28.6,0.89505,0.8635,1.0495,1.1126,1.2023,1.1375,1.1815,1.14,1.3011,1.2504,1.1973,1.2238,1.2023,1.2313,1.2612,1.1773
28.7,0.89505,0.8635,1.0495,1.1126,1.2023,1.1375,1.1815,1.14,1.3011,1.2504,1.1973,1.2238,1.2023,1.2587,1.2612,1.1773
28.8,0.89505,0.8635,1.0495,1.1126,1.2023,1.1375,1.1815,1.14,1.3011,1.2571,1.1973,1.2238,1.2023,1.2587,1.2355,1.1773
28.9,0.89505,0.8635,1.0495,1.1126,1.2023,1.1375,1.1815,1.14,1.3011,1.2571,1.1973,1.2089,1.2122,1.2587,1.2355,1.1857
29,0.89505,0.8635,1.0495,1.1126,1.2155,1.1375,1.1815,1.14,1.277,1.2571,1.189,1.2089,1.2122,1.2587,1.2355,1.1857
29.1,0.90501,0.8635,1.081,1.1126,1.2155,1.1383,1.1815,1.1616,1.277,1.2571,1.189,1.2089,1.2122,1.2712,1.2355,1.1857
29.2,0.90501,0.8635,1.081,1.0736,1.2155,1.1383,1.1989,1.1616,1.277,1.2571,1.189,1.2089,1.2122,1.2712,1.2571,1.1857
29.3,0.90501,0.8635,1.081,1.0736,1.2155,1.1383,1.1989,1.1616,1.277,1.267,1.189,1.2089,1.2122,1.2712,1.2571,1.2023
29.4,0.90501,0.8635,1.081,1.0736,1.2155,1.1383,1.1989,1.1616,1.277,1.267,1.189,1.2047,1.238,1.2712,1.2571,1.2023
29.5,0.90501,0.87512,1.081,1.0736,1.2155,1.1383,1.1989,1.1616,1.2944,1.267,1.1931,1.2047,1.238,1.2529,1.2571,1.2023
29.6,0.90501,0.87512,1.081,1.0736,1.2097,1.1383,1.1989,1.1616,1.2944,1.267,1.1931,1.2047,1.238,1.2529,1.2562,1.2023
29.7,0.90501,0.87512,1.081,1.0736,1.2097,1.1383,1.1989,1.1815,1.2944,1.267,1.1931,1.2047,1.238,1.2529,1.2562,1.2031
29.8,0.90501,0.87512,1.081,1.0736,1.2097,1.1383,1.2238,1.1815,1.2944,1.267,1.1931,1.2047,1.238,1.2529,1.2562,1.2031
29.9,0.90501,0.87512,1.0877,1.0736,1.2097,1.1441,1.2238,1.1815,1.2894,1.2679,1.1848,1.2405,1.2446,1.2371,1.2562,1.2031
30,0.90501,0.87512,1.0877,1.0736,1.2097,1.1441,1.2238,1.1815,1.2894,1.2679,1.1848,1.2405,1.2446,1.2371,1.2562,1.2031
30.1,0.90501,0.87512,1.0877,1.0736,1.2097,1.1441,1.2238,1.1815,1.2894,1.2679,1.1848,1.2405,1.2446,1.2371,1.277,1.2039
30.2,0.90501,0.87512,1.0877,1.0736,1.2097,1.1441,1.2238,1.1815,1.2894,1.2679,1.1848,1.2405,1.2446,1.2371,1.277,1.2039
30.3,0.90501,0.87512,1.0877,1.0918,1.2321,1.1441,1.2238,1.184,1.2554,1.2679,1.1873,1.2405,1.2346,1.2388,1.277,1.2039
30.4,0.90501,0.87512,1.0877,1.0918,1.2321,1.1441,1.1964,1.184,1.2554,1.2836,1.1873,1.2164,1.2346,1.2388,1.277,1.2039
30.5,0.90501,0.87512,1.0877,1.0918,1.2321,1.1441,1.1964,1.184,1.2554,1.2836,1.1873,1.2164,1.2346,1.2388,1.262,1.2031
30.6,0.90501,0.87512,1.0877,1.0918,1.2321,1.1342,1.1964,1.184,1.2554,1.2836,1.1873,1.2164,1.2346,1.2388,1.262,1.2031
30.7,0.90501,0.87512,1.1151,1.0918,1.2321,1.1342,1.1964,1.184,1.2554,1.2836,1.1948,1.2164,1.223,1.2446,1.262,1.2031
30.8,0.90501,0.87512,1.1151,1.0918,1.2321,1.1342,1.1964,1.184,1.2255,1.2836,1.1948,1.2205,1.223,1.2446,1.262,1.2214
30.9,0.90501,0.87512,1.1151,1.0918,1.2371,1.1342,1.1964,1.1666,1.2255,1.262,1.1948,1.2205,1.223,1.2446,1.2612,1.2214
31,0.90501,0.87512,1.1151,1.0918,1.2371,1.1342,1.1906,1.1666,1.2255,1.262,1.1948,1.2205,1.223,1.2446,1.2612,1.2214
31.1,0.90501,0.87512,1.1151,1.0918,1.2371,1.1342,1.1906,1.1666,1.2255,1.262,1.1931,1.2205,1.2147,1.2363,1.2612,1.2214
31.2,0.90501,0.87512,1.1151,1.0918,1.2371,1.1342,1.1906,1.1666,1.2255,1.262,1.1931,1.2205,1.2147,1.2363,1.2612,1.2189
31.3,0.90501,0.87512,1.1151,1.0918,1.2371,1.1209,1.1906,1.1666,1.2122,1.262,1.1931,1.2255,1.2147,1.2363,1.272,1.2189
31.4,0.90501,0.87512,1.1358,1.1084,1.2371,1.1209,1.1906,1.1666,1.2122,1.2297,1.1931,1.2255,1.2147,1.2363,1.272,1.2189
31.5,0.90501,0.87512,1.1358,1.1084,1.2205,1.1209,1.1906,1.1583,1.2122,1.2297,1.194,1.2255,1.2147,1.2164,1.272,1.2189
31.6,0.90501,0.87512,1.1358,1.1084,1.2205,1.1209,1.1964,1.1583,1.2122,1.2297,1.194,1.2255,1.2155,1.2164,1.272,1.2305
31.7,0.90501,0.87512,1.1358,1.1084,1.2205,1.1209,1.1964,1.1583,1.1906,1.2297,1.194,1.2255,1.2155,1.2164,1.272,1.2305
31.8,0.90501,0.87512,1.1358,1.1084,1.2205,1.1209,1.1964,1.1583,1.1906,1.2297,1.194,1.2222,1.2155,1.2164,1.2811,1.2305
31.9,0.90501,0.87512,1.1358,1.1084,1.2205,1.1284,1.1964,1.1583,1.1906,1.2122,1.189,1.2222,1.2155,1.2321,1.2811,1.2305
32,0.90501,0.87512,1.1358,1.1084,1.2205,1.1284,1.1964,1.1583,1.1906,1.2122,1.189,1.2222,1.223,1.2321,1.2811,1.2288
32.1,0.90501,0.87512,1.1358,1.1084,1.2205,1.1284,1.1964,1.1732,1.179,1.2122,1.189,1.2222,1.223,1.2321,1.2811,1.2288
32.2,0.90501,0.87512,1.1624,1.1084,1.2205,1.1284,1.1998,1.1732,1.179,1.2122,1.189,1.2222,1.223,1.2321,1.2936,1.2288
32.3,0.90501,0.87512,1.1624,1.1084,1.2205,1.1284,1.1998,1.1732,1.179,1.2122,1.189,1.2056,1.223,1.2546,1.2936,1.2288
32.4,0.90501,0.87512,1.1624,1.1084,1.2205,1.1284,1.1998,1.1732,1.179,1.2106,1.2222,1.2056,1.2031,1.2546,1.2936,1.2023
32.5,0.90501,0.87512,1.1624,1.1267,1.2205,1.1284,1.1998,1.1732,1.179,1.2106,1.2222,1.2056,1.2031,1.2546,1.2936,1.2023
32.6,0.90501,0.87512,1.1624,1.1267,1.2205,1.1292,1.1998,1.1732,1.1508,1.2106,1.2222,1.2056,1.2031,1.2546,1.2728,1.2023
32.7,0.90501,0.87512,1.1624,1.1267,1.2072,1.1292,1.1998,1.1707,1.1508,1.2106,1.2222,1.2056,1.2031,1.2728,1.2728,1.2023
32.8,0.90501,0.87512,1.1624,1.1267,1.2072,1.1292,1.184,1.1707,1.1508,1.2106,1.2413,1.1898,1.1923,1.2728,1.2728,1.2006
32.9,0.90501,0.82697,1.1591,1.1267,1.2072,1.1292,1.184,1.1707,1.1508,1.1832,1.2413,1.1898,1.1923,1.2728,1.2728,1.2006
33,0.90501,0.82697,1.1591,1.1267,1.2072,1.1292,1.184,1.1707,1.1508,1.1832,1.2413,1.1898,1.1923,1.2728,1.2737,1.2006
33.1,0.90501,0.82697,1.1591,1.1267,1.2072,1.1292,1.184,1.1707,1.1375,1.1832,1.2413,1.1898,1.1923,1.267,1.2737,1.2006
33.2,0.90501,0.82697,1.1591,1.1267,1.1823,1.1292,1.184,1.1707,1.1375,1.1832,1.2363,1.1898,1.2155,1.267,1.2737,1.1964
33.3,0.90501,0.82697,1.1591,1.1267,1.1823,1.1392,1.184,1.1707,1.1375,1.1832,1.2363,1.1657,1.2155,1.267,1.2737,1.1964
33.4,0.90501,0.82697,1.1591,1.1267,1.1823,1.1392,1.184,1.1516,1.1375,1.2114,1.2363,1.1657,1.2155,1.267,1.2579,1.1964
33.5,0.90501,0.82697,1.1591,1.1267,1.1823,1.1392,1.1757,1.1516,1.1583,1.2114,1.2363,1.1657,1.2155,1.277,1.2579,1.1964
33.6,0.90501,0.82697,1.1807,1.1375,1.1823,1.1392,1.1757,1.1516,1.1583,1.2114,1.2363,1.1657,1.2023,1.277,1.2579,1.2056
33.7,0.90501,0.82697,1.1807,1.1375,1.1823,1.1392,1.1757,1.1516,1.1583,1.2114,1.2363,1.1549,1.2023,1.277,1.2579,1.2056
33.8,0.90501,0.82697,1.1807,1.1375,1.2081,1.1392,1.1757,1.1516,1.1583,1.2114,1.2363,1.1549,1.2023,1.277,1.2645,1.2056
33.9,0.90501,0.82697,1.1807,1.1375,1.2081,1.1541,1.1757,1.1516,1.1583,1.2396,1.2363,1.1549,1.2023,1.2595,1.2645,1.2056
34,0.90501,0.82697,1.1807,1.1375,1.2081,1.1541,1.1757,1.135,1.1682,1.2396,1.2363,1.1549,1.194,1.2595,1.2645,1.2122
34.1,0.90501,0.82697,1.1807,1.1375,1.2081,1.1541,1.1798,1.135,1.1682,1.2396,1.2463,1.1549,1.194,1.2595,1.2645,1.2122
34.2,0.90501,0.82697,1.1807,1.1375,1.2081,1.1541,1.1798,1.135,1.1682,1.2396,1.2463,1.1491,1.194,1.2471,1.2712,1.2122
34.3,0.90501,0.82697,1.1807,1.1375,1.2081,1.1541,1.1798,1.135,1.1682,1.2396,1.2463,1.1491,1.194,1.2471,1.2712,1.2122
34.4,0.90501,0.82697,1.1898,1.1375,1.1915,1.1541,1.1798,1.135,1.1682,1.2496,1.2463,1.1491,1.1915,1.2471,1.2712,1.2214
34.5,0.90501,0.82697,1.1898,1.1375,1.1915,1.1541,1.1798,1.135,1.2006,1.2496,1.2313,1.1491,1.1915,1.2471,1.2712,1.2214
34.6,0.90501,0.82697,1.1898,1.1375,1.1915,1.1383,1.1798,1.135,1.2006,1.2496,1.2313,1.125,1.1915,1.2338,1.2679,1.2214
34.7,0.90501,0.82697,1.1898,1.1458,1.1915,1.1383,1.1798,1.1524,1.2006,1.2496,1.2313,1.125,1.1915,1.2338,1.2679,1.2297
34.8,0.90501,0.82697,1.1898,1.1458,1.1915,1.1383,1.1516,1.1524,1.2006,1.2496,1.2313,1.125,1.2214,1.2338,1.2679,1.2297
34.9,0.93408,0.82697,1.1898,1.1458,1.1906,1.1383,1.1516,1.1524,1.2006,1.2504,1.2197,1.125,1.2214,1.2338,1.2679,1.2297
35,0.93408,0.82697,1.1898,1.1458,1.1906,1.1383,1.1516,1.1524,1.1707,1.2504,1.2197,1.125,1.2214,1.2429,1.2703,1.2297
35.1,0.93408,0.82697,1.1898,1.1458,1.1906,1.1383,1.1516,1.1524,1.1707,1.2504,1.2197,1.1624,1.2214,1.2429,1.2703,1.2297
35.2,0.93408,0.82697,1.1765,1.1458,1.1906,1.1383,1.1516,1.1524,1.1707,1.2504,1.2197,1.1624,1.223,1.2429,1.2703,1.2297
35.3,0.93408,0.82697,1.1765,1.1458,1.1906,1.1367,1.1516,1.1325,1.1707,1.2313,1.2197,1.1624,1.223,1.2429,1.2703,1.2297
35.4,0.93408,0.82697,1.1765,1.1458,1.1906,1.1367,1.1483,1.1325,1.1773,1.2313,1.2106,1.1624,1.223,1.2728,1.2762,1.2297
35.5,0.93408,0.82697,1.1765,1.1458,1.1973,1.1367,1.1483,1.1325,1.1773,1.2313,1.2106,1.179,1.223,1.2728,1.2762,1.2463
35.6,0.93408,0.82697,1.1765,1.1458,1.1973,1.1367,1.1483,1.1325,1.1773,1.2313,1.2106,1.179,1.223,1.2728,1.2762,1.2463
35.7,0.93408,0.82697,1.1765,1.1458,1.1973,1.1367,1.1483,1.1325,1.1773,1.2313,1.2106,1.179,1.2039,1.2546,1.2762,1.2463
35.8,0.93408,0.82697,1.1765,1.135,1.1973,1.1367,1.1483,1.1325,1.1773,1.2131,1.2164,1.179,1.2039,1.2546,1.2654,1.2579
35.9,0.93408,0.82697,1.1765,1.135,1.1973,1.1624,1.1483,1.169,1.2131,1.2131,1.2164,1.179,1.2039,1.2546,1.2654,1.2579
36,0.93408,0.84274,1.1707,1.135,1.1773,1.1624,1.1558,1.169,1.2131,1.2131,1.2164,1.1964,1.2039,1.2546,1.2654,1.2579
36.1,0.93408,0.84274,1.1707,1.135,1.1773,1.1624,1.1558,1.169,1.2131,1.2131,1.2164,1.1964,1.2238,1.2429,1.2654,1.2579
36.2,0.93408,0.84274,1.1707,1.135,1.1773,1.1624,1.1558,1.169,1.2131,1.2131,1.2047,1.1964,1.2238,1.2429,1.2488,1.2662
36.3,0.93408,0.84274,1.1707,1.135,1.1773,1.1624,1.1558,1.169,1.2131,1.2047,1.2047,1.1964,1.2238,1.2429,1.2488,1.2662
36.4,0.93408,0.84274,1.1707,1.135,1.1773,1.1624,1.1558,1.169,1.238,1.2047,1.2047,1.1915,1.2238,1.2429,1.2488,1.2662
36.5,0.93408,0.84274,1.1707,1.135,1.1773,1.1624,1.1558,1.169,1.238,1.2047,1.2047,1.1915,1.2122,1.2488,1.2488,1.2562
36.6,0.93408,0.84274,1.1707,1.135,1.1524,1.1632,1.1466,1.1533,1.238,1.2047,1.2047,1.1915,1.2122,1.2488,1.2388,1.2562
36.7,0.93408,0.84274,1.1707,1.135,1.1524,1.1632,1.1466,1.1533,1.238,1.1782,1.2006,1.1915,1.2122,1.2488,1.2388,1.2562
36.8,0.93408,0.84274,1.1192,1.125,1.1524,1.1632,1.1466,1.1533,1.238,1.1782,1.2006,1.1915,1.2122,1.2488,1.2388,1.2562
36.9,0.93408,0.84274,1.1192,1.125,1.1524,1.1632,1.1466,1.1533,1.2363,1.1782,1.2006,1.169,1.2272,1.2114,1.2388,1.2737
37,0.93408,0.84274,1.1192,1.125,1.1524,1.1632,1.1466,1.1533,1.2363,1.1782,1.2006,1.169,1.2272,1.2114,1.2488,1.2737
37.1,0.93408,0.84274,1.1192,1.125,1.1524,1.1632,1.1466,1.1732,1.2363,1.1782,1.2006,1.169,1.2272,1.2114,1.2488,1.2737
37.2,0.93408,0.84274,1.1192,1.125,1.1159,1.1632,1.1466,1.1732,1.2363,1.1865,1.1915,1.169,1.2272,1.2197,1.2488,1.2737
37.3,0.93408,0.84274,1.1192,1.125,1.1159,1.1832,1.1441,1.1732,1.2363,1.1865,1.1915,1.1898,1.2272,1.2197,1.2488,1.2496
37.4,0.93408,0.84274,1.1192,1.125,1.1159,1.1832,1.1441,1.1732,1.2263,1.1865,1.1915,1.1898,1.2446,1.2197,1.2504,1.2496
37.5,0.93408,0.84274,1.1192,1.125,1.1159,1.1832,1.1441,1.1732,1.2263,1.1865,1.1915,1.1898,1.2446,1.2197,1.2504,1.2496
37.6,0.93408,0.84274,1.1192,1.125,1.1159,1.1832,1.1441,1.1732,1.2263,1.1865,1.189,1.1898,1.2446,1.2064,1.2504,1.238
37.7,0.93408,0.84274,1.1342,1.125,1.1159,1.1832,1.1441,1.1616,1.2263,1.1574,1.189,1.1724,1.2446,1.2064,1.2504,1.238
37.8,0.93408,0.84274,1.1342,1.125,1.1201,1.1832,1.1657,1.1616,1.2263,1.1574,1.189,1.1724,1.2446,1.2064,1.2147,1.238
37.9,0.93408,0.84274,1.1342,1.1383,1.1201,1.1832,1.1657,1.1616,1.2081,1.1574,1.189,1.1724,1.2446,1.2064,1.2147,1.238
38,0.93408,0.84274,1.1342,1.1383,1.1201,1.1923,1.1657,1.1616,1.2081,1.1574,1.189,1.1724,1.2446,1.2056,1.2147,1.2529
38.1,0.93408,0.84274,1.1342,1.1383,1.1201,1.1923,1.1657,1.1616,1.2081,1.1574,1.223,1.174,1.2446,1.2056,1.2147,1.2529
38.2,0.93408,0.84274,1.1342,1.1383,1.1201,1.1923,1.1657,1.1616,1.2081,1.1715,1.223,1.174,1.2272,1.2056,1.2031,1.2529
38.3,0.93408,0.84274,1.1342,1.1383,1.1201,1.1923,1.1657,1.1649,1.2081,1.1715,1.223,1.174,1.2272,1.2089,1.2031,1.2529
38.4,0.93408,0.84274,1.1342,1.1383,1.1201,1.1923,1.1707,1.1649,1.1973,1.1715,1.223,1.174,1.2272,1.2089,1.2031,1.2429
38.5,0.93408,0.84274,1.1342,1.1383,1.1292,1.1923,1.1707,1.1649,1.1973,1.1715,1.223,1.1541,1.2272,1.2089,1.2031,1.2429
38.6,0.93408,0.84274,1.1566,1.1383,1.1292,1.1923,1.1707,1.1649,1.1973,1.1649,1.2106,1.1541,1.2297,1.2089,1.2263,1.2429
38.7,0.93408,0.86765,1.1566,1.1383,1.1292,1.1923,1.1707,1.1649,1.1973,1.1649,1.2106,1.1541,1.2297,1.2056,1.2263,1.2089
38.8,0.93408,0.86765,1.1566,1.1383,1.1292,1.1865,1.1707,1.1649,1.1973,1.1649,1.2106,1.1541,1.2297,1.2056,1.2263,1.2089
38.9,0.93408,0.86765,1.1566,1.1201,1.1292,1.1865,1.1707,1.1533,1.2006,1.1649,1.2106,1.1541,1.2297,1.2056,1.2263,1.2089
39,0.93408,0.86765,1.1566,1.1201,1.1292,1.1865,1.1558,1.1533,1.2006,1.1649,1.2122,1.1591,1.2546,1.2056,1.2189,1.2089
39.1,0.93408,0.86765,1.1566,1.1201,1.1508,1.1865,1.1558,1.1533,1.2006,1.1441,1.2122,1.1591,1.2546,1.2338,1.2189,1.1865
39.2,0.93408,0.86765,1.1566,1.1201,1.1508,1.1865,1.1558,1.1533,1.2006,1.1441,1.2122,1.1591,1.2546,1.2338,1.2189,1.1865
39.3,0.93408,0.86765,1.1566,1.1201,1.1508,1.1865,1.1558,1.1533,1.2421,1.1441,1.2122,1.1591,1.2546,1.2338,1.2189,1.1865
39.4,0.93408,0.86765,1.1566,1.1201,1.1508,1.1865,1.1558,1.1533,1.2421,1.1441,1.2122,1.1881,1.2546,1.1848,1.1989,1.1865
39.5,0.93408,0.86765,1.1566,1.1201,1.1508,1.2097,1.1558,1.1649,1.2421,1.1441,1.1981,1.1881,1.2745,1.1848,1.1989,1.1915
39.6,0.93408,0.86765,1.1458,1.1201,1.1508,1.2097,1.1699,1.1649,1.2421,1.1275,1.1981,1.1881,1.2745,1.1848,1.1989,1.1915
39.7,0.93408,0.86765,1.1458,1.1201,1.1549,1.2097,1.1699,1.1649,1.2421,1.1275,1.1981,1.1881,1.2745,1.1848,1.223,1.1915
39.8,0.93408,0.86765,1.1458,1.1201,1.1549,1.2097,1.1699,1.1649,1.267,1.1275,1.1981,1.1782,1.2745,1.1832,1.223,1.1915
39.9,0.93408,0.86765,1.1458,1.1201,1.1549,1.2097,1.1699,1.1649,1.267,1.1275,1.1981,1.1782,1.2604,1.1832,1.223,1.2064
40,0.93408,0.86765,1.1458,1.1201,1.1549,1.2097,1.1699,1.1649,1.267,1.1275,1.2006,1.1782,1.2604,1.1832,1.223,1.2064
40.1,0.91166,0.86765,1.1458,1.1367,1.1549,1.2097,1.1807,1.1798,1.267,1.1682,1.2006,1.1782,1.2604,1.1832,1.2189,1.2064
40.2,0.91166,0.86765,1.1458,1.1367,1.1549,1.2114,1.1807,1.1798,1.267,1.1682,1.2006,1.1782,1.2604,1.1989,1.2189,1.2139
40.3,0.91166,0.86765,1.1458,1.1367,1.1674,1.2114,1.1807,1.1798,1.2396,1.1682,1.2006,1.1657,1.2521,1.1989,1.2189,1.2139
40.4,0.91166,0.86765,1.1458,1.1367,1.1674,1.2114,1.1807,1.1798,1.2396,1.1682,1.1998,1.1657,1.2521,1.1989,1.2189,1.2139
40.5,0.91166,0.86765,1.1134,1.1367,1.1674,1.2114,1.1807,1.1798,1.2396,1.1699,1.1998,1.1657,1.2521,1.1989,1.2197,1.2139
40.6,0.91166,0.86765,1.1134,1.1367,1.1674,1.2114,1.1807,1.1798,1.2396,1.1699,1.1998,1.1657,1.2521,1.1989,1.2197,1.2197
40.7,0.91166,0.86765,1.1134,1.1367,1.1674,1.2114,1.1782,1.1782,1.2396,1.1699,1.1998,1.1782,1.2654,1.1989,1.2197,1.2197
40.8,0.91166,0.86765,1.1134,1.1367,1.1674,1.2114,1.1782,1.1782,1.2604,1.1699,1.1998,1.1782,1.2654,1.1989,1.2197,1.2197
40.9,0.91166,0.86765,1.1134,1.1367,1.1699,1.2247,1.1782,1.1782,1.2604,1.1699,1.2056,1.1782,1.2654,1.1989,1.2164,1.2197
41,0.91166,0.86765,1.1134,1.1367,1.1699,1.2247,1.1782,1.1782,1.2604,1.1715,1.2056,1.1782,1.2654,1.1931,1.2164,1.2172
41.1,0.91166,0.86765,1.1134,1.1367,1.1699,1.2247,1.1782,1.1782,1.2604,1.1715,1.2056,1.2014,1.2977,1.1931,1.2164,1.2172
41.2,0.91166,0.86765,1.1134,1.1558,1.1699,1.2247,1.1782,1.1782,1.2604,1.1715,1.2056,1.2014,1.2977,1.1931,1.2164,1.2172
41.3,0.91166,0.86765,1.1134,1.1558,1.1699,1.2247,1.1998,1.184,1.2969,1.1715,1.2155,1.2014,1.2977,1.1931,1.2421,1.2147
41.4,0.91166,0.86765,1.0893,1.1558,1.1699,1.2247,1.1998,1.184,1.2969,1.1715,1.2155,1.2014,1.2977,1.2205,1.2421,1.2147
41.5,0.91166,0.86765,1.0893,1.1558,1.1591,1.2463,1.1998,1.184,1.2969,1.1931,1.2155,1.1782,1.2703,1.2205,1.2421,1.2147
41.6,0.91166,0.91415,1.0893,1.1558,1.1591,1.2463,1.1998,1.184,1.2969,1.1931,1.2155,1.1782,1.2703,1.2205,1.2421,1.2147
41.7,0.91166,0.91415,1.0893,1.1558,1.1591,1.2463,1.1998,1.184,1.3044,1.1931,1.2155,1.1782,1.2703,1.2205,1.238,1.2338
41.8,0.91166,0.91415,1.0893,1.1558,1.1591,1.2463,1.1998,1.184,1.3044,1.1931,1.2072,1.1782,1.2703,1.2189,1.238,1.2338
41.9,0.91166,0.91415,1.0893,1.1558,1.1591,1.2463,1.1558,1.184,1.3044,1.1931,1.2072,1.1782,1.2662,1.2189,1.238,1.2338
42,0.91166,0.91415,1.0893,1.1558,1.1591,1.2463,1.1558,1.184,1.3044,1.1715,1.2072,1.1682,1.2662,1.2189,1.2571,1.2338
42.1,0.91166,0.91415,1.0893,1.1558,1.1649,1.2463,1.1558,1.184,1.3044,1.1715,1.2072,1.1682,1.2662,1.2189,1.2571,1.2388
42.2,0.91166,0.91415,1.0893,1.1558,1.1649,1.2222,1.1558,1.184,1.2786,1.1715,1.2106,1.1682,1.2662,1.2288,1.2571,1.2388
42.3,0.91166,0.91415,1.0993,1.1524,1.1649,1.2222,1.1558,1.184,1.2786,1.1715,1.2106,1.1682,1.2695,1.2288,1.2571,1.2388
42.4,0.91166,0.91415,1.0993,1.1524,1.1649,1.2222,1.1558,1.184,1.2786,1.1715,1.2106,1.1682,1.2695,1.2288,1.2579,1.2147
42.5,0.91166,0.91415,1.0993,1.1524,1.1649,1.2222,1.169,1.184,1.2786,1.1524,1.2106,1.1682,1.2695,1.2288,1.2579,1.2147
42.6,0.91166,0.91415,1.0993,1.1524,1.1649,1.2222,1.169,1.184,1.2786,1.1524,1.2106,1.1682,1.2695,1.2106,1.2579,1.2147
42.7,0.91166,0.91415,1.0993,1.1524,1.1832,1.2222,1.169,1.189,1.272,1.1524,1.2081,1.1682,1.2778,1.2106,1.2579,1.2147
42.8,0.91166,0.91415,1.0993,1.1524,1.1832,1.2006,1.169,1.189,1.272,1.1524,1.2081,1.1815,1.2778,1.2106,1.2371,1.2147
42.9,0.91166,0.91415,1.0993,1.1524,1.1832,1.2006,1.169,1.189,1.272,1.1524,1.2081,1.1815,1.2778,1.2139,1.2371,1.2147
43,0.91166,0.91415,1.0993,1.1524,1.1832,1.2006,1.169,1.189,1.272,1.1375,1.2081,1.1815,1.2778,1.2139,1.2371,1.2147
43.1,0.91166,0.91415,1.0993,1.1524,1.1832,1.2006,1.2114,1.189,1.2529,1.1375,1.2255,1.1815,1.2471,1.2139,1.2371,1.2479
43.2,0.91166,0.91415,1.0819,1.1524,1.1832,1.2006,1.2114,1.189,1.2529,1.1375,1.2255,1.1707,1.2471,1.2139,1.1948,1.2479
43.3,0.91166,0.91415,1.0819,1.14,1.189,1.2006,1.2114,1.1857,1.2529,1.1375,1.2255,1.1707,1.2471,1.2222,1.1948,1.2479
43.4,0.91166,0.91415,1.0819,1.14,1.189,1.1906,1.2114,1.1857,1.2529,1.1566,1.2255,1.1707,1.2471,1.2222,1.1948,1.2479
43.5,0.91166,0.91415,1.0819,1.14,1.189,1.1906,1.2114,1.1857,1.2529,1.1566,1.2255,1.1707,1.2537,1.2222,1.194,1.2595
43.6,0.91166,0.91415,1.0819,1.14,1.189,1.1906,1.2114,1.1857,1.2438,1.1566,1.2321,1.1707,1.2537,1.2222,1.194,1.2595
43.7,0.91166,0.91415,1.0819,1.14,1.189,1.1906,1.1998,1.1857,1.2438,1.1566,1.2321,1.1416,1.2537,1.2371,1.194,1.2595
43.8,0.91166,0.91415,1.0819,1.14,1.189,1.1906,1.1998,1.1857,1.2438,1.1566,1.2321,1.1416,1.2537,1.2371,1.194,1.2703
43.9,0.91166,0.91415,1.0819,1.14,1.2288,1.1906,1.1998,1.1857,1.2438,1.1524,1.2321,1.1416,1.2396,1.2371,1.2031,1.2703
44,0.91166,0.91415,1.0819,1.14,1.2288,1.2006,1.1998,1.174,1.2479,1.1524,1.2446,1.1416,1.2396,1.2371,1.2031,1.2703
44.1,0.91166,0.91415,1.0819,1.14,1.2288,1.2006,1.1998,1.174,1.2479,1.1524,1.2446,1.1848,1.2396,1.2371,1.2031,1.2488
44.2,0.91166,0.91415,1.0678,1.14,1.2288,1.2006,1.1998,1.174,1.2479,1.1524,1.2446,1.1848,1.2396,1.2371,1.2031,1.2488
44.3,0.91166,0.91415,1.0678,1.14,1.2288,1.2006,1.1998,1.174,1.2479,1.1616,1.2446,1.1848,1.2238,1.2371,1.2031,1.2488
44.4,0.91166,0.91415,1.0678,1.1383,1.2288,1.2006,1.2064,1.174,1.2388,1.1616,1.2446,1.1848,1.2238,1.2371,1.2006,1.2488
44.5,0.91166,0.91415,1.0678,1.1383,1.2288,1.2006,1.2064,1.174,1.2388,1.1616,1.2537,1.1848,1.2238,1.2438,1.2006,1.2786
44.6,0.91166,0.91747,1.0678,1.1383,1.238,1.1973,1.2064,1.1699,1.2388,1.1616,1.2537,1.1948,1.2238,1.2438,1.2006,1.2786
44.7,0.91166,0.91747,1.0678,1.1383,1.238,1.1973,1.2064,1.1699,1.2388,1.1583,1.2537,1.1948,1.2346,1.2438,1.2006,1.2786
44.8,0.92162,0.91747,1.0678,1.1383,1.238,1.1973,1.2064,1.1699,1.223,1.1583,1.2537,1.1948,1.2346,1.2753,1.2097,1.2762
44.9,0.92162,0.91747,1.0678,1.1383,1.238,1.1973,1.2064,1.1699,1.223,1.1583,1.2537,1.1948,1.2346,1.2753,1.2097,1.2762
45,0.92162,0.91747,1.0678,1.1383,1.238,1.1973,1.2089,1.1699,1.223,1.1583,1.2861,1.2122,1.2388,1.2753,1.2097,1.2762
45.1,0.92162,0.91747,1.0678,1.1383,1.238,1.1973,1.2089,1.1699,1.223,1.1583,1.2861,1.2122,1.2388,1.2753,1.2097,1.2504
45.2,0.92162,0.91747,1.0802,1.1383,1.238,1.1807,1.2089,1.1699,1.2139,1.1583,1.2861,1.2122,1.2388,1.2454,1.1956,1.2504
45.3,0.92162,0.91747,1.0802,1.1383,1.2355,1.1807,1.2089,1.1458,1.2139,1.1583,1.2861,1.2122,1.2388,1.2454,1.1956,1.2504
45.4,0.92162,0.91747,1.0802,1.1383,1.2355,1.1807,1.2089,1.1458,1.2139,1.1583,1.2861,1.2122,1.267,1.2454,1.1956,1.2537
45.5,0.92162,0.91747,1.0802,1.174,1.2355,1.1807,1.2089,1.1458,1.2139,1.1583,1.2554,1.2388,1.267,1.2413,1.1956,1.2537
45.6,0.92162,0.91747,1.0802,1.174,1.2355,1.1807,1.2089,1.1458,1.2139,1.1541,1.2554,1.2388,1.267,1.2413,1.1857,1.2537
45.7,0.92162,0.91747,1.0802,1.174,1.2355,1.1807,1.2238,1.1458,1.2272,1.1541,1.2554,1.2388,1.267,1.2413,1.1857,1.2496
45.8,0.92162,0.91747,1.0802,1.174,1.2355,1.1857,1.2238,1.1458,1.2272,1.1541,1.2554,1.2388,1.272,1.2413,1.1857,1.2496
45.9,0.92162,0.91747,1.0802,1.174,1.2114,1.1857,1.2238,1.1549,1.2272,1.1541,1.2654,1.2388,1.272,1.2629,1.1857,1.2496
46,0.92162,0.91747,1.0802,1.174,1.2114,1.1857,1.2238,1.1549,1.2272,1.1541,1.2654,1.2346,1.272,1.2629,1.1989,1.2496
46.1,0.92162,0.91747,1.0802,1.174,1.2114,1.1857,1.2238,1.1549,1.2554,1.189,1.2654,1.2346,1.2836,1.2629,1.1989,1.2363
46.2,0.92162,0.91747,1.0802,1.174,1.2114,1.1857,1.2238,1.1549,1.2554,1.189,1.2654,1.2346,1.2836,1.2629,1.1989,1.2363
46.3,0.92162,0.91747,1.0785,1.174,1.2114,1.1857,1.228,1.1549,1.2554,1.189,1.2795,1.2346,1.2836,1.2712,1.1989,1.2363
46.4,0.92162,0.91747,1.0785,1.174,1.2114,1.1798,1.228,1.1549,1.2554,1.189,1.2795,1.2546,1.2836,1.2712,1.233,1.2488
46.5,0.92162,0.91747,1.0785,1.174,1.2114,1.1798,1.228,1.1724,1.2554,1.1798,1.2795,1.2546,1.2728,1.2712,1.233,1.2488
46.6,0.92162,0.91747,1.0785,1.169,1.2405,1.1798,1.228,1.1724,1.2521,1.1798,1.2795,1.2546,1.2728,1.2587,1.233,1.2488
46.7,0.92162,0.91747,1.0785,1.169,1.2405,1.1798,1.228,1.1724,1.2521,1.1798,1.2795,1.2546,1.2728,1.2587,1.233,1.2438
46.8,0.92162,0.91747,1.0785,1.169,1.2405,1.1798,1.228,1.1724,1.2521,1.1798,1.2737,1.2155,1.2728,1.2587,1.2288,1.2438
46.9,0.92162,0.91747,1.0785,1.169,1.2405,1.2072,1.228,1.1724,1.2521,1.1641,1.2737,1.2155,1.3127,1.2587,1.2288,1.2438
47,0.92162,0.91747,1.0785,1.169,1.2405,1.2072,1.2463,1.1724,1.2355,1.1641,1.2737,1.2155,1.3127,1.2562,1.2288,1.2396
47.1,0.92162,0.91747,1.0785,1.169,1.2405,1.2072,1.2463,1.1566,1.2355,1.1641,1.2737,1.2155,1.3127,1.2562,1.2288,1.2396
47.2,0.92162,0.91747,1.0785,1.169,1.2355,1.2072,1.2463,1.1566,1.2355,1.1641,1.2861,1.2155,1.3127,1.2562,1.2479,1.2396
47.3,0.92162,0.91747,1.057,1.169,1.2355,1.2072,1.2463,1.1566,1.2355,1.1749,1.2861,1.2097,1.3019,1.2679,1.2479,1.2396
47.4,0.92162,0.91747,1.057,1.169,1.2355,1.2072,1.2463,1.1566,1.2222,1.1749,1.2861,1.2097,1.3019,1.2679,1.2479,1.2222
47.5,0.92162,0.91747,1.057,1.169,1.2355,1.2313,1.2463,1.1566,1.2222,1.1749,1.2861,1.2097,1.3019,1.2679,1.2479,1.2222
47.6,0.92162,0.91747,1.057,1.1292,1.2355,1.2313,1.2429,1.1566,1.2222,1.1749,1.2861,1.2097,1.3019,1.2679,1.2238,1.2222
47.7,0.92162,0.91747,1.057,1.1292,1.2355,1.2313,1.2429,1.1483,1.2222,1.1749,1.282,1.1757,1.2853,1.2703,1.2238,1.2072
47.8,0.92162,0.90501,1.057,1.1292,1.2355,1.2313,1.2429,1.1483,1.2396,1.1616,1.282,1.1757,1.2853,1.2703,1.2238,1.2072
47.9,0.92162,0.90501,1.057,1.1292,1.2429,1.2313,1.2429,1.1483,1.2396,1.1616,1.282,1.1757,1.2853,1.2703,1.2238,1.2072
48,0.92162,0.90501,1.057,1.1292,1.2429,1.2313,1.2429,1.1483,1.2396,1.1616,1.282,1.1757,1.277,1.2712,1.2529,1.2072
48.1,0.92162,0.90501,1.057,1.1292,1.2429,1.2205,1.2429,1.1483,1.2396,1.1616,1.2886,1.1757,1.277,1.2712,1.2529,1.2072
48.2,0.92162,0.90501,1.057,1.1292,1.2429,1.2205,1.2321,1.1483,1.2396,1.1591,1.2886,1.1624,1.277,1.2712,1.2529,1.2072
48.3,0.92162,0.90501,1.0528,1.1292,1.2429,1.2205,1.2321,1.1333,1.228,1.1591,1.2886,1.1624,1.277,1.2712,1.2529,1.2222
48.4,0.92162,0.90501,1.0528,1.1292,1.2429,1.2205,1.2321,1.1333,1.228,1.1591,1.2886,1.1624,1.2728,1.2712,1.2479,1.2222
48.5,0.92162,0.90501,1.0528,1.1292,1.238,1.2205,1.2321,1.1333,1.228,1.1591,1.2886,1.1624,1.2728,1.2712,1.2479,1.2222
48.6,0.92162,0.90501,1.0528,1.1234,1.238,1.1981,1.2321,1.1333,1.228,1.1591,1.2795,1.1549,1.2728,1.2712,1.2479,1.2288
48.7,0.92162,0.90501,1.0528,1.1234,1.238,1.1981,1.2321,1.1333,1.2413,1.1815,1.2795,1.1549,1.2587,1.2712,1.2479,1.2288
48.8,0.92162,0.90501,1.0528,1.1234,1.238,1.1981,1.2164,1.1333,1.2413,1.1815,1.2795,1.1549,1.2587,1.2695,1.2454,1.2288
48.9,0.92162,0.90501,1.0528,1.1234,1.238,1.1981,1.2164,1.1134,1.2413,1.1815,1.2795,1.1549,1.2587,1.2695,1.2454,1.2288
49,0.92162,0.90501,1.0528,1.1234,1.238,1.1981,1.2164,1.1134,1.2413,1.1815,1.2795,1.1591,1.2587,1.2695,1.2454,1.2438
49.1,0.92162,0.90501,1.0528,1.1234,1.238,1.1981,1.2164,1.1134,1.2097,1.1898,1.2795,1.1591,1.2654,1.2488,1.2454,1.2438
49.2,0.92162,0.90501,1.0404,1.1234,1.2288,1.1782,1.2164,1.1134,1.2097,1.1898,1.2795,1.1591,1.2654,1.2488,1.2512,1.2438
49.3,0.92162,0.90501,1.0404,1.1234,1.2288,1.1782,1.2164,1.1134,1.2097,1.1898,1.2795,1.1591,1.2654,1.2488,1.2512,1.2546
49.4,0.94155,0.90501,1.0404,1.1234,1.2288,1.1782,1.2089,1.1134,1.2097,1.1898,1.2795,1.1591,1.2654,1.2488,1.2512,1.2546
49.5,0.94155,0.90501,1.0404,1.1234,1.2288,1.1782,1.2089,1.1267,1.2006,1.1898,1.2753,1.1757,1.2446,1.2546,1.2512,1.2546
49.6,0.94155,0.90501,1.0404,1.1151,1.2288,1.1782,1.2089,1.1267,1.2006,1.1682,1.2753,1.1757,1.2446,1.2546,1.2562,1.2537
49.7,0.94155,0.90501,1.0404,1.1151,1.2288,1.1782,1.2089,1.1267,1.2006,1.1682,1.2753,1.1757,1.2446,1.2546,1.2562,1.2537
49.8,0.94155,0.90501,1.0404,1.1151,1.2363,1.1699,1.2089,1.1267,1.2006,1.1682,1.2753,1.1757,1.2122,1.2803,1.2562,1.2537
49.9,0.94155,0.90501,1.0404,1.1151,1.2363,1.1699,1.2089,1.1267,1.2006,1.1682,1.2637,1.1757,1.2122,1.2803,1.2562,1.2537
50,0.94155,0.90501,1.0404,1.1151,1.2363,1.1699,1.1715,1.1267,1.2031,1.1898,1.2637,1.2014,1.2122,1.2803,1.277,1.2263
50.1,0.94155,0.90501,1.0404,1.1151,1.2363,1.1699,1.1715,1.1524,1.2031,1.1898,1.2637,1.2014,1.2122,1.2803,1.277,1.2263
50.2,0.94155,0.90501,1.0495,1.1151,1.2363,1.1699,1.1715,1.1524,1.2031,1.1898,1.2637,1.2014,1.2546,1.2629,1.277,1.2263
50.3,0.94155,0.90501,1.0495,1.1151,1.2363,1.1699,1.1715,1.1524,1.2031,1.1898,1.2637,1.2014,1.2546,1.2629,1.277,1.2131
50.4,0.94155,0.90501,1.0495,1.1151,1.2363,1.1483,1.1715,1.1524,1.2338,1.1898,1.2571,1.2014,1.2546,1.2629,1.2637,1.2131
50.5,0.94155,0.90501,1.0495,1.1151,1.2272,1.1483,1.1715,1.1524,1.2338,1.1898,1.2571,1.2031,1.2762,1.2629,1.2637,1.2131
50.6,0.94155,0.90501,1.0495,1.1151,1.2272,1.1483,1.1607,1.1524,1.2338,1.1898,1.2571,1.2031,1.2762,1.2338,1.2637,1.2131
50.7,0.94155,0.90501,1.0495,1.1167,1.2272,1.1483,1.1607,1.1757,1.2338,1.1898,1.2571,1.2031,1.2762,1.2338,1.2637,1.2106
50.8,0.94155,0.90501,1.0495,1.1167,1.2272,1.1483,1.1607,1.1757,1.218,1.1898,1.2629,1.2031,1.2762,1.2338,1.2504,1.2106
50.9,0.94155,0.90501,1.0495,1.1167,1.2272,1.1483,1.1607,1.1757,1.218,1.1881,1.2629,1.2438,1.3069,1.2122,1.2504,1.2106
51,0.94155,0.90501,1.0495,1.1167,1.2272,1.1483,1.1607,1.1757,1.218,1.1881,1.2629,1.2438,1.3069,1.2122,1.2504,1.2222
51.1,0.94155,0.92328,1.0578,1.1167,1.2272,1.1732,1.1607,1.1757,1.218,1.1881,1.2629,1.2438,1.3069,1.2122,1.2504,1.2222
51.2,0.94155,0.92328,1.0578,1.1167,1.233,1.1732,1.1807,1.1757,1.218,1.1881,1.2595,1.2438,1.3069,1.2297,1.2537,1.2222
51.3,0.94155,0.92328,1.0578,1.1167,1.233,1.1732,1.1807,1.1981,1.2072,1.1549,1.2595,1.2438,1.2836,1.2297,1.2537,1.2197
51.4,0.94155,0.92328,1.0578,1.1167,1.233,1.1732,1.1807,1.1981,1.2072,1.1549,1.2595,1.2255,1.2836,1.2297,1.2537,1.2197
51.5,0.94155,0.92328,1.0578,1.1167,1.233,1.1732,1.1807,1.1981,1.2072,1.1549,1.2595,1.2255,1.2836,1.2297,1.2537,1.2197
51.6,0.94155,0.92328,1.0578,1.1167,1.233,1.1732,1.1807,1.1981,1.2072,1.1549,1.2662,1.2255,1.2446,1.2214,1.2355,1.2197
51.7,0.94155,0.92328,1.0578,1.1167,1.233,1.1732,1.1807,1.1981,1.2363,1.1541,1.2662,1.2255,1.2446,1.2214,1.2355,1.2421
51.8,0.94155,0.92328,1.0578,1.0918,1.2421,1.1732,1.1807,1.1981,1.2363,1.1541,1.2662,1.2255,1.2446,1.2214,1.2355,1.2421
51.9,0.94155,0.92328,1.0578,1.0918,1.2421,1.1732,1.1782,1.1981,1.2363,1.1541,1.2662,1.2214,1.2712,1.2355,1.2355,1.2421
52,0.94155,0.92328,1.0337,1.0918,1.2421,1.1732,1.1782,1.2014,1.2363,1.1541,1.2562,1.2214,1.2712,1.2355,1.2164,1.2338
52.1,0.94155,0.92328,1.0337,1.0918,1.2421,1.1732,1.1782,1.2014,1.2504,1.1541,1.2562,1.2214,1.2712,1.2355,1.2164,1.2338
52.2,0.94155,0.92328,1.0337,1.0918,1.2421,1.1732,1.1782,1.2014,1.2504,1.1541,1.2562,1.2214,1.2712,1.2355,1.2164,1.2338
52.3,0.94155,0.92328,1.0337,1.0918,1.2421,1.1732,1.1782,1.2014,1.2504,1.1541,1.2562,1.2205,1.2869,1.238,1.2164,1.2338
52.4,0.94155,0.92328,1.0337,1.0918,1.2421,1.1732,1.1782,1.2014,1.2504,1.1541,1.2604,1.2205,1.2869,1.238,1.2238,1.2479
52.5,0.94155,0.92328,1.0337,1.0918,1.2131,1.2072,1.2089,1.2463,1.2504,1.1483,1.2604,1.2205,1.2869,1.238,1.2238,1.2479
52.6,0.94155,0.92328,1.0337,1.0918,1.2131,1.2072,1.2089,1.2463,1.2313,1.1483,1.2604,1.2205,1.3069,1.2429,1.2238,1.2479
52.7,0.94155,0.92328,1.0337,1.0918,1.2131,1.2072,1.2089,1.2463,1.2313,1.1483,1.2604,1.2205,1.3069,1.2429,1.2238,1.238
52.8,0.94155,0.92328,1.0337,1.0918,1.2131,1.2072,1.2089,1.2463,1.2313,1.1483,1.2753,1.2047,1.3069,1.2429,1.2247,1.238
52.9,0.94155,0.92328,1.0428,1.0918,1.2131,1.2072,1.2089,1.2463,1.2313,1.1192,1.2753,1.2047,1.3069,1.2429,1.2247,1.238
53,0.94155,0.92328,1.0428,1.1059,1.2131,1.2072,1.2089,1.2463,1.1873,1.1192,1.2753,1.2047,1.316,1.267,1.2247,1.233
53.1,0.94155,0.92328,1.0428,1.1059,1.2131,1.2072,1.2288,1.2587,1.1873,1.1192,1.2753,1.2047,1.316,1.267,1.2247,1.233
53.2,0.94155,0.92328,1.0428,1.1059,1.1881,1.2122,1.2288,1.2587,1.1873,1.1192,1.2454,1.2047,1.316,1.267,1.2263,1.233
53.3,0.94155,0.92328,1.0428,1.1059,1.1881,1.2122,1.2288,1.2587,1.1873,1.1483,1.2454,1.1815,1.3085,1.2529,1.2263,1.233
53.4,0.94155,0.92328,1.0428,1.1059,1.1881,1.2122,1.2288,1.2587,1.1873,1.1483,1.2454,1.1815,1.3085,1.2529,1.2263,1.2272
53.5,0.94155,0.92328,1.0428,1.1059,1.1881,1.2122,1.2288,1.2587,1.1857,1.1483,1.2454,1.1815,1.3085,1.2529,1.2263,1.2272
53.6,0.94155,0.92328,1.0428,1.1059,1.1881,1.2122,1.2288,1.2587,1.1857,1.1483,1.2297,1.1815,1.3276,1.2446,1.2604,1.2272
53.7,0.94155,0.92328,1.0428,1.1059,1.1881,1.2122,1.2288,1.2479,1.1857,1.1641,1.2297,1.1931,1.3276,1.2446,1.2604,1.2421
53.8,0.94155,0.92328,1.0428,1.1059,1.1906,1.189,1.1956,1.2479,1.1857,1.1641,1.2297,1.1931,1.3276,1.2446,1.2604,1.2421
53.9,0.94155,0.92328,1.047,1.1059,1.1906,1.189,1.1956,1.2479,1.189,1.1641,1.2297,1.1931,1.3036,1.2446,1.2604,1.2421
54,0.94155,0.92328,1.047,1.1059,1.1906,1.189,1.1956,1.2479,1.189,1.1641,1.2222,1.1931,1.3036,1.228,1.262,1.2645
54.1,0.93906,0.92328,1.047,1.1059,1.1906,1.189,1.1956,1.2479,1.189,1.1757,1.2222,1.1931,1.3036,1.228,1.262,1.2645
54.2,0.93906,0.92328,1.047,1.0952,1.1906,1.189,1.1956,1.2504,1.189,1.1757,1.2222,1.2006,1.3036,1.228,1.262,1.2645
54.3,0.93906,0.92328,1.047,1.0952,1.1906,1.189,1.1956,1.2504,1.189,1.1757,1.2222,1.2006,1.3002,1.2355,1.2463,1.2255
54.4,0.93906,0.92328,1.047,1.0952,1.1815,1.189,1.2056,1.2504,1.1956,1.1757,1.2612,1.2006,1.3002,1.2355,1.2463,1.2255
54.5,0.93906,0.92328,1.047,1.0952,1.1815,1.2164,1.2056,1.2504,1.1956,1.1699,1.2612,1.2006,1.3002,1.2355,1.2463,1.2255
54.6,0.93906,0.92328,1.047,1.0952,1.1815,1.2164,1.2056,1.2504,1.1956,1.1699,1.2612,1.2006,1.2836,1.2097,1.2463,1.2255
54.7,0.93906,0.91996,1.047,1.0952,1.1815,1.2164,1.2056,1.2438,1.1956,1.1699,1.2612,1.2064,1.2836,1.2097,1.2413,1.2454
54.8,0.93906,0.91996,1.0611,1.0952,1.1815,1.2164,1.2056,1.2438,1.1583,1.1699,1.2737,1.2064,1.2836,1.2097,1.2413,1.2454
54.9,0.93906,0.91996,1.0611,1.0952,1.1815,1.2164,1.2056,1.2438,1.1583,1.14,1.2737,1.2064,1.2778,1.2097,1.2413,1.2454
55,0.93906,0.91996,1.0611,1.0952,1.1815,1.2164,1.2056,1.2438,1.1583,1.14,1.2737,1.2064,1.2778,1.2081,1.2089,1.2429
55.1,0.93906,0.91996,1.0611,1.0952,1.1815,1.2122,1.1948,1.2438,1.1583,1.14,1.2737,1.189,1.2778,1.2081,1.2089,1.2429
55.2,0.93906,0.91996,1.0611,1.0761,1.2023,1.2122,1.1948,1.2438,1.1583,1.14,1.2911,1.189,1.2587,1.2081,1.2089,1.2429
55.3,0.93906,0.91996,1.0611,1.0761,1.2023,1.2122,1.1948,1.2147,1.2039,1.14,1.2911,1.189,1.2587,1.2097,1.2089,1.2479
55.4,0.93906,0.91996,1.0611,1.0761,1.2023,1.2122,1.1948,1.2147,1.2039,1.1234,1.2911,1.189,1.2587,1.2097,1.2006,1.2479
55.5,0.93906,0.91996,1.0611,1.0761,1.2023,1.2122,1.1948,1.2147,1.2039,1.1234,1.2911,1.2131,1.2338,1.2097,1.2006,1.2479
55.6,0.93906,0.91996,1.0611,1.0761,1.2023,1.2122,1.1948,1.2147,1.2039,1.1234,1.2969,1.2131,1.2338,1.2147,1.2006,1.2479
55.7,0.93906,0.91996,1.0644,1.0761,1.2023,1.1948,1.179,1.2147,1.2106,1.1234,1.2969,1.2131,1.2338,1.2147,1.2006,1.2546
55.8,0.93906,0.91996,1.0644,1.0761,1.2023,1.1948,1.179,1.2097,1.2106,1.1284,1.2969,1.2131,1.2338,1.2147,1.2114,1.2546
55.9,0.93906,0.91996,1.0644,1.0761,1.2288,1.1948,1.179,1.2097,1.2106,1.1284,1.2969,1.2131,1.2155,1.262,1.2114,1.2546
56,0.93906,0.91996,1.0644,1.0761,1.2288,1.1948,1.179,1.2097,1.2106,1.1284,1.2969,1.2305,1.2155,1.262,1.2114,1.2546
56.1,0.93906,0.91996,1.0644,1.1001,1.2288,1.1948,1.179,1.2097,1.2106,1.1284,1.3027,1.2305,1.2155,1.262,1.2454,1.2579
56.2,0.93906,0.91996,1.0644,1.1001,1.2288,1.1948,1.179,1.2097,1.2463,1.1292,1.3027,1.2305,1.2396,1.2521,1.2454,1.2579
56.3,0.93906,0.91996,1.0644,1.1001,1.2288,1.1948,1.179,1.2205,1.2463,1.1292,1.3027,1.2305,1.2396,1.2521,1.2454,1.2579
56.4,0.93906,0.91996,1.0644,1.1001,1.2288,1.2031,1.1632,1.2205,1.2463,1.1292,1.3027,1.2305,1.2396,1.2521,1.2454,1.2321
56.5,0.93906,0.91996,1.0644,1.1001,1.2288,1.2031,1.1632,1.2205,1.2463,1.1292,1.3069,1.2413,1.2396,1.2521,1.2454,1.2321
56.6,0.93906,0.91996,1.0644,1.1001,1.2546,1.2031,1.1632,1.2205,1.2247,1.1292,1.3069,1.2413,1.2396,1.238,1.2454,1.2321
56.7,0.93906,0.91996,1.0619,1.1001,1.2546,1.2031,1.1632,1.2205,1.2247,1.125,1.3069,1.2413,1.2396,1.238,1.2454,1.2321
56.8,0.93906,0.91996,1.0619,1.1001,1.2546,1.2031,1.1632,1.1956,1.2247,1.125,1.3069,1.2413,1.2222,1.238,1.2454,1.2479
56.9,0.93906,0.91996,1.0619,1.1001,1.2546,1.2031,1.1632,1.1956,1.2247,1.125,1.2836,1.2413,1.2222,1.2463,1.2164,1.2479
57,0.93906,0.91996,1.0619,1.1001,1.2546,1.2197,1.1973,1.1956,1.2247,1.125,1.2836,1.2413,1.2222,1.2463,1.2164,1.2479
57.1,0.93906,0.91996,1.0619,1.0852,1.2546,1.2197,1.1973,1.1956,1.223,1.1209,1.2836,1.2413,1.2222,1.2463,1.2164,1.2579
57.2,0.93906,0.91996,1.0619,1.0852,1.2546,1.2197,1.1973,1.1956,1.223,1.1209,1.2836,1.2413,1.1998,1.2405,1.1964,1.2579
57.3,0.93906,0.91996,1.0619,1.0852,1.233,1.2197,1.1973,1.189,1.223,1.1209,1.2836,1.2413,1.1998,1.2405,1.1964,1.2579
57.4,0.93906,0.91996,1.0619,1.0852,1.233,1.2197,1.1973,1.189,1.223,1.1209,1.2687,1.2313,1.1998,1.2405,1.1964,1.2579
57.5,0.93906,0.91996,1.0487,1.0852,1.233,1.2197,1.1973,1.189,1.2172,1.1209,1.2687,1.2313,1.2114,1.2429,1.1964,1.2579
57.6,0.93906,0.91996,1.0487,1.0852,1.233,1.2197,1.1823,1.189,1.2172,1.1167,1.2687,1.2313,1.2114,1.2429,1.2006,1.2579
57.7,0.93906,0.91996,1.0487,1.0852,1.233,1.2114,1.1823,1.189,1.2172,1.1167,1.2687,1.2313,1.2114,1.2429,1.2006,1.2579
57.8,0.93906,0.91996,1.0487,1.0852,1.233,1.2114,1.1823,1.1666,1.2172,1.1167,1.2645,1.2238,1.1948,1.2845,1.2006,1.2637
57.9,0.93906,0.91996,1.0487,1.0852,1.233,1.2114,1.1823,1.1666,1.1998,1.1167,1.2645,1.2238,1.1948,1.2845,1.2089,1.2637
58,0.93906,0.91996,1.0487,1.0852,1.2355,1.2114,1.1823,1.1666,1.1998,1.125,1.2645,1.2238,1.1948,1.2845,1.2089,1.2637
58.1,0.93906,0.91996,1.0487,1.0852,1.2355,1.2114,1.1823,1.1666,1.1998,1.125,1.2645,1.2238,1.1948,1.2845,1.2089,1.2562
58.2,0.93906,0.91996,1.0487,1.1101,1.2355,1.2114,1.1549,1.1666,1.1998,1.125,1.2595,1.2238,1.2081,1.2703,1.2089,1.2562
58.3,0.93906,0.91996,1.0852,1.1101,1.2355,1.2313,1.1549,1.1666,1.2081,1.125,1.2595,1.2197,1.2081,1.2703,1.2122,1.2562
58.4,0.93906,0.91996,1.0852,1.1101,1.2355,1.2313,1.1549,1.1881,1.2081,1.1392,1.2595,1.2197,1.2081,1.2703,1.2122,1.2562
58.5,0.93906,0.91996,1.0852,1.1101,1.2355,1.2313,1.1549,1.1881,1.2081,1.1392,1.2595,1.2197,1.2238,1.2886,1.2122,1.2629
58.6,0.93906,0.91996,1.0852,1.1101,1.2355,1.2313,1.1549,1.1881,1.2081,1.1392,1.2595,1.2197,1.2238,1.2886,1.1998,1.2629
58.7,0.93906,0.91996,1.0852,1.1101,1.2463,1.2313,1.1549,1.1881,1.1906,1.1392,1.2595,1.2197,1.2238,1.2886,1.1998,1.2629
58.8,0.93906,0.91996,1.0852,1.1101,1.2463,1.2313,1.1674,1.1881,1.1906,1.1433,1.2595,1.2089,1.2238,1.2886,1.1998,1.2629
58.9,0.93906,0.91996,1.0852,1.1101,1.2463,1.2313,1.1674,1.1798,1.1906,1.1433,1.2595,1.2089,1.2089,1.2886,1.1998,1.2936
59,0.93906,0.91996,1.0852,1.1101,1.2463,1.2255,1.1674,1.1798,1.1906,1.1433,1.2737,1.2089,1.2089,1.2886,1.1832,1.2936
59.1,0.93906,0.91996,1.0852,1.1101,1.2463,1.2255,1.1674,1.1798,1.1906,1.1433,1.2737,1.2089,1.2089,1.2637,1.1832,1.2936
59.2,0.93906,0.91996,1.096,1.0993,1.2463,1.2255,1.1674,1.1798,1.2197,1.1516,1.2737,1.1964,1.2064,1.2637,1.1832,1.2986
59.3,0.93906,0.91996,1.096,1.0993,1.2463,1.2255,1.174,1.1798,1.2197,1.1516,1.2737,1.1964,1.2064,1.2637,1.1865,1.2986
59.4,0.93906,0.91996,1.096,1.0993,1.2454,1.2255,1.174,1.1798,1.2197,1.1516,1.2654,1.1964,1.2064,1.2637,1.1865,1.2986
59.5,0.93906,0.91996,1.096,1.0993,1.2454,1.2255,1.174,1.1964,1.2197,1.1516,1.2654,1.1964,1.2064,1.2612,1.1865,1.2986
59.6,0.93906,0.91996,1.096,1.0993,1.2454,1.2255,1.174,1.1964,1.1931,1.1516,1.2654,1.1964,1.2139,1.2612,1.1865,1.3002
59.7,0.93906,0.91996,1.096,1.0993,1.2454,1.2155,1.174,1.1964,1.1931,1.1707,1.2654,1.1865,1.2139,1.2612,1.1931,1.3002
59.8,0.93906,0.91996,1.096,1.0993,1.2454,1.2155,1.174,1.1964,1.1931,1.1707,1.2454,1.1865,1.2139,1.2571,1.1931,1.3002
59.9,0.93906,0.91996,1.096,1.0993,1.2454,1.2155,1.174,1.1964,1.1931,1.1707,1.2454,1.1865,1.2139,1.2571,1.1931,1.3002
60,0.93906,0.91996,1.096,1.0993,1.2454,1.2155,1.174,1.1964,1.1931,1.1707,1.2454,1.1865,1.2139,1.2571,1.1931,1.3002
