0,1,2,3,4,5,6,7,8,9,10
0,0.99967,2.0002,2.9998,4.0003,5,5.9997,7.0002,7.9998,9.0003,10
0.1,0.99967,2.0002,2.9998,4.0003,5,5.9997,7.0002,7.9998,9.0003,10
0.2,0.99967,2.0002,2.9998,4.0003,5,5.9997,7.0002,7.9998,9.0003,10
0.3,0.99967,2.0002,2.9998,4.0003,5,5.9997,7.0002,7.9998,9.0003,10
0.4,0.99967,2.0002,2.9998,4.0003,5,5.9997,7.0002,7.9998,9.0003,10
0.5,0.99967,2.0002,2.9998,4.0003,5,5.9997,7.0002,7.9998,9.0003,10
0.6,0.99967,2.0002,2.9998,4.0003,5,5.9997,7.0002,7.9998,9.0003,10
0.7,0.99967,2.0002,2.9998,4.0003,5,5.9997,7.0002,7.9998,8.9978,10
0.8,0.99967,2.0002,2.9998,4.0003,5,5.9997,7.0002,7.9998,8.9978,9.9983
0.9,0.99967,2.0002,2.9998,4.0003,5,5.9997,7.0002,7.9998,8.9978,9.9983
1,0.99967,2.0002,2.9998,4.0003,5,5.9997,7.0002,7.9998,8.9962,9.9958
1.1,0.99967,2.0002,2.9998,4.0003,5,5.998,7.0002,7.9998,8.9962,9.995
1.2,0.99967,2.0002,2.9998,4.0003,5,5.9997,7.0002,7.9998,8.9912,9.9942
1.3,0.99967,2.0002,2.9998,4.0003,5,5.9997,7.0002,7.9957,8.9862,9.9925
1.4,0.99967,2.0002,2.9998,4.0003,5,5.9997,6.9968,7.9924,8.9862,9.9925
1.5,0.99967,2.0002,2.9998,4.0003,5,5.998,6.9944,7.989,8.9829,9.9909
1.6,0.99967,2.0002,2.9998,4.0003,5,5.9955,6.9952,7.9849,8.9879,9.9859
1.7,0.99967,2.0002,2.9998,4.0003,5,5.9997,6.9919,7.9799,8.9804,9.9768
1.8,0.99967,2.0002,2.9998,4.0003,5,5.9997,6.9852,7.9708,8.9746,9.9668
1.9,0.99967,2.0002,2.9982,4.0003,5,5.9955,6.9852,7.9641,8.9646,9.9477
2,0.99967,2.0002,2.9982,4.0003,4.9958,5.9947,6.9827,7.9567,8.9522,9.9336
2.1,0.99967,2.0002,2.9998,4.0003,4.9942,5.9955,6.9802,7.9525,8.9372,9.9186
2.2,0.99967,2.0002,2.9998,4.0003,4.9934,5.993,6.9711,7.9517,8.9239,9.9103
2.3,0.99967,2.0002,2.9998,4.0003,4.9925,5.993,6.9661,7.9475,8.8899,9.8846
2.4,0.99967,2.0002,2.9998,4.0003,4.9875,5.993,6.957,7.9309,8.87,9.8315
2.5,0.99967,2.0002,2.9998,4.0003,4.9842,5.993,6.962,7.9226,8.8567,9.7949
2.6,0.99967,2.0002,2.9998,3.9987,4.9776,5.9897,6.9528,7.9151,8.8301,9.7451
2.7,0.99967,2.0002,2.9998,3.997,4.9801,5.988,6.9437,7.9035,8.777,9.6903
2.8,0.99967,2.0002,2.9982,3.9978,4.9759,5.9872,6.942,7.8936,8.7396,9.6421
2.9,0.99967,2.0002,2.9982,3.9987,4.9776,5.9822,6.9321,7.8686,8.7047,9.5732
3,0.99967,2.0002,2.9982,4.0003,4.9784,5.9689,6.9205,7.8388,8.6682,9.511
3.1,0.99967,2.0002,2.9998,4.0003,4.9759,5.9623,6.908,7.8047,8.6358,9.4545
3.2,0.99967,2.0002,2.9982,3.997,4.9693,5.9573,6.8814,7.7632,8.5603,9.3789
3.3,0.99967,2.0002,2.9973,3.9978,4.966,5.9582,6.8665,7.7325,8.5121,9.2901
3.4,0.99967,2.0002,2.9973,3.9978,4.9676,5.9582,6.8408,7.686,8.4399,9.2046
3.5,0.99967,2.0002,2.9957,3.992,4.9552,5.9449,6.8217,7.6553,8.3552,9.1025
3.6,0.99967,2.0002,2.9932,3.992,4.951,5.9457,6.7826,7.6154,8.2788,8.9945
3.7,0.99967,2.0002,2.9932,3.992,4.9394,5.9324,6.7436,7.5523,8.1933,8.9107
3.8,0.99967,2.0002,2.9932,3.9945,4.9369,5.9175,6.6905,7.5,8.1028,8.7977
3.9,0.99967,2.0002,2.9932,3.9929,4.917,5.9009,6.6597,7.4527,8.0106,8.7039
4,0.99967,2.0002,2.9924,3.9937,4.912,5.8901,6.6274,7.3979,7.9342,8.5769
4.1,0.99967,2.0002,2.9924,3.9879,4.9053,5.8768,6.5684,7.3605,7.8246,8.4856
4.2,0.99967,2.0002,2.9932,3.9879,4.8921,5.866,6.5344,7.2816,7.7275,8.3851
4.3,0.99967,2.0002,2.9932,3.9846,4.8937,5.8593,6.4937,7.2194,7.637,8.2871
4.4,0.99967,2.0002,2.9907,3.9804,4.8821,5.8419,6.4314,7.1571,7.5515,8.1775
4.5,0.99967,2.0002,2.9907,3.9804,4.8655,5.827,6.404,7.089,7.4601,8.0654
4.6,0.99967,2.0002,2.9882,3.9796,4.868,5.7863,6.365,7.0325,7.3298,7.9376
4.7,0.99967,2.0002,2.9882,3.9854,4.8564,5.7597,6.3285,6.9852,7.2434,7.8105
4.8,0.99967,2.0002,2.9899,3.9738,4.8481,5.7456,6.2853,6.9188,7.1596,7.6702
4.9,0.99967,2.0002,2.9899,3.9738,4.8464,5.7215,6.2463,6.8532,7.0674,7.5739
5,0.99967,2.0002,2.9799,3.9704,4.8373,5.6999,6.1865,6.7984,7.0068,7.4983
5.1,0.99967,2.0002,2.9799,3.9754,4.8373,5.6767,6.1159,6.7328,6.9122,7.402
5.2,0.99967,2.0002,2.9857,3.9754,4.824,5.6402,6.0619,6.6573,6.8142,7.3074
5.3,0.99967,2.0002,2.9857,3.9696,4.814,5.6144,6.0154,6.5834,6.7386,7.2111
5.4,0.99967,2.0002,2.9857,3.9696,4.7916,5.5895,5.964,6.5078,6.6465,7.1114
5.5,0.99967,2.0002,2.9915,3.9596,4.7659,5.5621,5.9183,6.4364,6.5759,7.0093
5.6,0.99967,2.0002,2.9915,3.9596,4.76,5.5463,5.8602,6.3708,6.4962,6.8997
5.7,0.99967,2.0002,2.9915,3.9489,4.7584,5.5139,5.8153,6.2803,6.4156,6.8034
5.8,0.99967,1.9968,2.9865,3.953,4.7401,5.5032,5.7639,6.218,6.3459,6.7162
5.9,0.99967,1.9968,2.9865,3.9381,4.7285,5.4542,5.7082,6.1358,6.2612,6.6224
6,0.99967,1.9968,2.9865,3.9381,4.7202,5.4243,5.6493,6.0844,6.1798,6.5277
6.1,0.99967,1.9968,2.9865,3.9364,4.7069,5.3869,5.6011,6.0146,6.0893,6.4356
6.2,0.99967,1.9968,2.9924,3.9298,4.6961,5.3603,5.5397,5.949,6.0262,6.3376
6.3,0.99967,1.9968,2.9924,3.9298,4.6895,5.3446,5.4708,5.8809,5.9889,6.2546
6.4,0.99967,1.9968,2.9924,3.9281,4.6629,5.308,5.4168,5.8394,5.9266,6.1915
6.5,0.99967,1.9968,2.9924,3.9206,4.6513,5.2732,5.3595,5.7705,5.8718,6.1259
6.6,0.99967,1.9968,2.9924,3.9206,4.6297,5.2516,5.3155,5.7265,5.8178,6.0586
6.7,0.99967,1.9968,2.9957,3.9082,4.6064,5.2283,5.2607,5.6667,5.7763,5.9723
6.8,0.99967,1.9968,2.9957,3.9007,4.5965,5.1976,5.2109,5.6086,5.7199,5.9075
6.9,0.99967,1.9968,2.9957,3.8932,4.5857,5.1636,5.1661,5.5771,5.6817,5.8361
7,0.99967,1.9968,2.9957,3.8932,4.5508,5.1378,5.1378,5.5123,5.6169,5.7722
7.1,0.99967,1.996,2.9957,3.8932,4.5475,5.1054,5.0988,5.4484,5.5613,5.6883
7.2,0.99967,1.996,2.9816,3.8874,4.5226,5.0739,5.0639,5.3969,5.5264,5.6161
7.3,0.99967,1.996,2.9816,3.8741,4.496,5.0598,5.0108,5.3446,5.4832,5.5488
7.4,0.99967,1.996,2.9816,3.8741,4.4877,5.0515,5.0017,5.2906,5.4475,5.4716
7.5,0.99967,1.996,2.9816,3.8691,4.4678,5.0199,4.9817,5.2192,5.4201,5.4093
7.6,0.99967,1.996,2.9832,3.8642,4.4587,4.9934,4.9261,5.1685,5.3844,5.3753
7.7,0.99967,1.996,2.9832,3.8642,4.4163,4.9626,4.8912,5.1353,5.3479,5.3412
7.8,0.99967,1.996,2.9832,3.8542,4.3889,4.9294,4.8605,5.088,5.2898,5.2732
7.9,0.99967,2.0002,2.9832,3.8442,4.3723,4.8995,4.8447,5.0316,5.2798,5.2225
8,0.99967,2.0002,2.9882,3.8351,4.3532,4.8655,4.8065,4.9975,5.2408,5.1503
8.1,0.99967,2.0002,2.9882,3.8351,4.3324,4.8373,4.7767,4.9601,5.1876,5.0839
8.2,0.99967,2.0002,2.9882,3.8227,4.3142,4.814,4.7277,4.9427,5.1304,5.0581
8.3,0.99967,2.0002,2.9882,3.806,4.2934,4.7957,4.7077,4.9195,5.0947,5.0224
8.4,0.99967,2.0002,2.9882,3.8177,4.2801,4.7833,4.6895,4.897,5.0639,4.9718
8.5,0.99967,2.0002,2.9766,3.8177,4.2494,4.7692,4.6554,4.863,5.0191,4.9294
8.6,0.99967,2.0002,2.9766,3.8069,4.2212,4.7509,4.623,4.8489,4.9768,4.8904
8.7,0.99967,2.0002,2.9766,3.7919,4.2162,4.7326,4.599,4.829,4.9253,4.8547
8.8,0.99967,2.0002,2.9766,3.7836,4.2013,4.6903,4.5956,4.8074,4.9053,4.819
8.9,0.99967,2.0002,2.9766,3.7886,4.1913,4.6695,4.5691,4.8074,4.8763,4.775
9,0.99967,2.0002,2.9766,3.777,4.1755,4.6803,4.5417,4.7899,4.8597,4.7642
9.1,0.99967,2.0002,2.9741,3.772,4.1564,4.6654,4.5135,4.7659,4.8265,4.7285
9.2,0.99967,2.0002,2.9741,3.7753,4.1481,4.6372,4.4894,4.7708,4.8256,4.6862
9.3,0.99967,2.0002,2.9741,3.7712,4.1323,4.6372,4.4753,4.7625,4.7933,4.6654
9.4,0.99967,2.0002,2.9741,3.7712,4.1274,4.6164,4.4396,4.7326,4.7559,4.6504
9.5,0.99967,1.9968,2.9741,3.767,4.1216,4.5691,4.4321,4.7177,4.7493,4.6147
9.6,0.99967,1.9968,2.9733,3.7579,4.1033,4.5516,4.4063,4.6704,4.7302,4.5965
9.7,0.99967,1.9968,2.9733,3.7504,4.1008,4.5433,4.3798,4.6637,4.7069,4.5882
9.8,0.99967,1.9968,2.9733,3.7363,4.1033,4.5226,4.359,4.6413,4.6862,4.555
9.9,0.99967,1.9968,2.9733,3.728,4.0875,4.4985,4.3383,4.6172,4.6646,4.545
10,0.99967,1.9968,2.9733,3.7247,4.0751,4.4811,4.3275,4.6106,4.6546,4.496
10.1,0.99967,1.9968,2.9691,3.7247,4.0643,4.4719,4.3001,4.6197,4.6255,4.4744
10.2,0.99967,1.9968,2.9691,3.7147,4.0643,4.447,4.286,4.5658,4.6015,4.4919
10.3,0.99967,1.9968,2.9691,3.7131,4.0418,4.4221,4.286,4.5616,4.5699,4.4952
10.4,0.99967,1.9968,2.9691,3.7031,4.0327,4.3789,4.2776,4.5525,4.5766,4.4744
10.5,0.99967,1.9968,2.9691,3.7023,4.0286,4.3549,4.2843,4.5176,4.5624,4.4861
10.6,0.99967,1.9968,2.9691,3.6973,4.0236,4.3275,4.2727,4.5151,4.535,4.4885
10.7,0.99967,1.9968,2.9691,3.6964,4.0103,4.3324,4.2735,4.5151,4.5209,4.4869
10.8,0.99967,1.9968,2.9733,3.6682,4.0045,4.3175,4.2519,4.5035,4.501,4.4844
10.9,0.99967,1.9968,2.9733,3.6682,3.9954,4.3017,4.2411,4.501,4.496,4.4919
11,0.99967,1.9968,2.9733,3.6558,4.007,4.2776,4.2361,4.4728,4.4927,4.4686
11.1,0.99967,1.9968,2.9733,3.6583,4.0103,4.2635,4.2162,4.4694,4.4703,4.462
11.2,0.99967,1.9968,2.9733,3.6541,4.0086,4.2486,4.217,4.4686,4.4694,4.4495
11.3,0.99967,1.9968,2.9733,3.6533,4.0028,4.2469,4.2038,4.4661,4.4653,4.4387
11.4,0.99967,1.9968,2.9733,3.6425,4.0003,4.2295,4.1988,4.4246,4.467,4.4354
11.5,0.99967,1.9968,2.9733,3.6416,3.9887,4.2137,4.1979,4.4196,4.4719,4.4437
11.6,0.99967,1.9968,2.9733,3.6192,3.9862,4.2195,4.178,4.4271,4.4728,4.457
11.7,0.99967,1.9968,2.9791,3.625,3.9854,4.2112,4.183,4.4072,4.4694,4.4553
11.8,0.99967,1.9968,2.9791,3.6176,3.9812,4.2038,4.173,4.408,4.4686,4.4553
11.9,0.99967,1.9968,2.9791,3.6142,3.9879,4.1747,4.1681,4.3939,4.4611,4.462
12,0.99967,1.9968,2.9791,3.6059,3.9862,4.1755,4.1373,4.3955,4.4487,4.457
12.1,0.99967,1.9968,2.9791,3.6076,3.9821,4.1722,4.1274,4.4022,4.4537,4.4437
12.2,0.99967,1.9968,2.9791,3.6059,3.9754,4.1689,4.1307,4.3947,4.4362,4.442
12.3,0.99967,1.9968,2.9791,3.5952,3.9729,4.1747,4.1307,4.4005,4.4337,4.4653
12.4,0.99967,1.9968,2.9758,3.5976,3.9721,4.1689,4.1315,4.4097,4.4512,4.452
12.5,0.99967,1.9968,2.9758,3.5952,3.9704,4.1548,4.1407,4.4279,4.4487,4.442
12.6,0.99967,1.9968,2.9758,3.6018,3.9638,4.1631,4.1232,4.447,4.4313,4.4379
12.7,0.99967,1.9968,2.9758,3.5885,3.9605,4.1664,4.1265,4.457,4.4238,4.4487
12.8,0.99967,1.9968,2.9758,3.5744,3.9572,4.1871,4.1257,4.4595,4.4221,4.4636
12.9,0.99967,1.9968,2.9758,3.5769,3.9422,4.188,4.1315,4.4445,4.4337,4.4628
13,0.99967,1.9968,2.9583,3.5819,3.9356,4.1863,4.129,4.4595,4.4404,4.457
13.1,0.99967,1.9968,2.9583,3.5794,3.9198,4.1896,4.1191,4.4545,4.4304,4.4495
13.2,0.99967,1.9968,2.9583,3.5669,3.914,4.1797,4.1216,4.4454,4.4412,4.4445
13.3,0.99967,1.9968,2.9583,3.5686,3.9015,4.1805,4.1124,4.442,4.4512,4.4553
13.4,0.99967,1.9968,2.9583,3.5578,3.9132,4.1589,4.1257,4.4445,4.4628,4.4636
13.5,0.99967,1.9968,2.9525,3.5578,3.909,4.1448,4.1373,4.4387,4.4454,4.4636
13.6,0.99967,1.9968,2.9525,3.5561,3.904,4.1597,4.1249,4.4479,4.4587,4.462
13.7,0.99967,1.9977,2.9525,3.5428,3.8941,4.1622,4.1041,4.4288,4.4686,4.4927
13.8,0.99967,1.9977,2.9525,3.5379,3.8808,4.1622,4.1091,4.4371,4.462,4.4769
13.9,0.99967,1.9977,2.9459,3.5445,3.8733,4.1639,4.1066,4.4537,4.4661,4.4587
14,0.99967,1.9977,2.9459,3.537,3.8675,4.1647,4.144,4.4254,4.4711,4.4495
14.1,0.99967,1.9977,2.9459,3.5312,3.8575,4.1697,4.1431,4.4163,4.4636,4.4545
14.2,0.99967,1.9977,2.9467,3.5354,3.8492,4.1614,4.1539,4.4246,4.4894,4.4437
14.3,0.99967,1.9977,2.9467,3.5296,3.8476,4.173,4.1589,4.4296,4.4944,4.4462
14.4,0.99967,1.9977,2.9467,3.5196,3.8492,4.1631,4.1672,4.4271,4.4919,4.4462
14.5,0.99967,1.9977,2.9467,3.5188,3.8343,4.1664,4.1722,4.4155,4.5118,4.4429
14.6,0.99967,1.9977,2.9425,3.5163,3.8235,4.1689,4.1705,4.4205,4.5301,4.4412
14.7,0.99967,1.9977,2.9425,3.4972,3.8135,4.1714,4.1905,4.4288,4.5242,4.4371
14.8,0.99967,1.9977,2.9425,3.5005,3.8102,4.1764,4.2046,4.4246,4.5242,4.4487
14.9,0.99967,1.9977,2.9425,3.4939,3.806,4.1772,4.2145,4.4337,4.535,4.4611
15,0.99967,1.9977,2.9425,3.4939,3.8069,4.1639,4.217,4.4528,4.5508,4.4753
15.1,0.99967,1.9977,2.9484,3.4806,3.8102,4.1564,4.2029,4.4711,4.5475,4.4645
15.2,0.99967,1.9977,2.9484,3.4739,3.7969,4.1357,4.193,4.4777,4.5541,4.4603
15.3,0.99967,1.9977,2.9484,3.4797,3.7853,4.1274,4.1921,4.4852,4.5583,4.4703
15.4,0.99967,1.9977,2.9484,3.4864,3.7894,4.1116,4.193,4.5118,4.5649,4.4678
15.5,0.99967,1.9977,2.9484,3.4872,3.7778,4.1265,4.2096,4.5168,4.5658,4.4645
15.6,0.99967,1.9977,2.9583,3.4955,3.7795,4.1382,4.2137,4.5301,4.5766,4.4977
15.7,0.99967,1.9977,2.9583,3.4723,3.7861,4.134,4.2046,4.5508,4.5965,4.5076
15.8,0.99967,1.9977,2.9583,3.4764,3.7928,4.1382,4.2154,4.5749,4.6164,4.5292
15.9,0.99967,1.9977,2.9583,3.4673,3.7961,4.139,4.2104,4.5923,4.6123,4.545
16,0.99967,1.9977,2.9583,3.4665,3.782,4.1224,4.2228,4.6172,4.6197,4.5616
16.1,0.99967,1.9977,2.9583,3.4465,3.7795,4.1207,4.2361,4.6438,4.6314,4.5799
16.2,0.99967,1.9977,2.9525,3.4424,3.777,4.1166,4.2312,4.6729,4.6222,4.5782
16.3,0.99967,1.9977,2.9525,3.449,3.7778,4.1182,4.2395,4.6745,4.623,4.5973
16.4,0.99967,1.9977,2.9525,3.4482,3.7645,4.1315,4.2262,4.6745,4.6114,4.6081
16.5,0.99967,1.9977,2.9525,3.4548,3.7604,4.1448,4.237,4.6787,4.6106,4.6322
16.6,0.99967,1.9977,2.9525,3.4565,3.7496,4.1407,4.2395,4.6762,4.6239,4.6297
16.7,0.99967,1.9977,2.9558,3.449,3.7438,4.1249,4.2262,4.6837,4.6255,4.6197
16.8,0.99967,1.9977,2.9558,3.4499,3.7521,4.1216,4.2353,4.6762,4.643,4.6189
16.9,0.99967,1.9977,2.9558,3.4382,3.7546,4.1191,4.2262,4.6911,4.6521,4.6255
17,0.99967,1.9977,2.9558,3.4407,3.7662,4.1091,4.2386,4.7036,4.6828,4.6264
17.1,0.99967,1.9977,2.9558,3.4399,3.7587,4.1182,4.2378,4.6986,4.6945,4.633
17.2,0.99967,1.9977,2.9525,3.4374,3.7546,4.1249,4.2361,4.7086,4.7052,4.6588
17.3,0.99967,1.9977,2.9525,3.4316,3.7587,4.1282,4.2245,4.7003,4.7003,4.6538
17.4,0.99967,1.9977,2.9525,3.4291,3.7629,4.1249,4.2436,4.7094,4.7119,4.6554
17.5,0.99967,1.9977,2.9525,3.4266,3.7454,4.1423,4.2444,4.7061,4.6986,4.6687
17.6,0.99967,1.9977,2.9525,3.4308,3.7438,4.1431,4.2519,4.6969,4.6953,4.6588
17.7,0.99967,1.9977,2.95,3.4332,3.7446,4.1348,4.2644,4.6961,4.7003,4.6596
17.8,0.99967,1.9977,2.95,3.4291,3.7463,4.1431,4.266,4.6945,4.7102,4.6671
17.9,0.99967,1.9977,2.95,3.4274,3.7546,4.1531,4.2577,4.7044,4.7019,4.6754
18,0.99967,1.9919,2.9401,3.4274,3.7479,4.1589,4.2469,4.6953,4.7194,4.6878
18.1,0.99967,1.9919,2.9401,3.4274,3.7521,4.1631,4.2395,4.6903,4.7351,4.692
18.2,0.99967,1.9919,2.9401,3.4357,3.7488,4.1689,4.2403,4.6928,4.7526,4.687
18.3,0.99967,1.9919,2.9376,3.4415,3.7496,4.1764,4.2378,4.6994,4.7501,4.687
18.4,0.99967,1.9919,2.9376,3.4349,3.7579,4.1847,4.2378,4.6953,4.7501,4.687
18.5,0.99967,1.9919,2.9376,3.4332,3.7529,4.1938,4.2378,4.7028,4.7476,4.6945
18.6,0.99967,1.9919,2.9293,3.4299,3.7512,4.1988,4.2287,4.7061,4.7791,4.6986
18.7,0.99967,1.9919,2.9293,3.4258,3.7463,4.2179,4.2253,4.6928,4.7891,4.7044
18.8,0.99967,1.9919,2.9293,3.4216,3.7471,4.2361,4.2287,4.7069,4.7833,4.7127
18.9,0.99967,1.9919,2.9293,3.4233,3.7579,4.2544,4.217,4.7119,4.7999,4.726
19,0.99967,1.9919,2.921,3.4399,3.7695,4.2619,4.2162,4.7293,4.8007,4.7227
19.1,0.99967,1.9919,2.921,3.4374,3.7645,4.2735,4.2162,4.7277,4.8265,4.7144
19.2,0.99967,1.9919,2.921,3.4499,3.7712,4.2901,4.2228,4.7219,4.8356,4.7169
19.3,0.99967,1.9919,2.9309,3.4573,3.7737,4.3059,4.222,4.7293,4.8555,4.7277
19.4,0.99967,1.9919,2.9309,3.4706,3.7728,4.3208,4.2071,4.7509,4.8497,4.721
19.5,0.99967,1.9919,2.9309,3.4706,3.7737,4.3266,4.1946,4.7385,4.8497,4.7335
19.6,0.99967,1.9919,2.9251,3.4856,3.7836,4.3457,4.1938,4.7326,4.8373,4.7136
19.7,0.99967,1.9919,2.9251,3.4789,3.7853,4.3482,4.1979,4.7326,4.8331,4.7069
19.8,0.99967,1.9919,2.9251,3.4822,3.7903,4.3449,4.1955,4.731,4.8207,4.7119
19.9,0.99967,1.9919,2.9251,3.4723,3.7753,4.3416,4.1955,4.7368,4.8306,4.7011
20,0.99967,1.9919,2.9251,3.4814,3.7795,4.3275,4.2096,4.7393,4.8065,4.7102
20.1,0.99967,1.9977,2.9417,3.4831,3.7778,4.33,4.2187,4.7451,4.7974,4.7061
20.2,0.99967,1.9977,2.9417,3.4806,3.7737,4.3383,4.2204,4.7409,4.8082,4.6945
20.3,0.99967,1.9977,2.9417,3.4822,3.7803,4.3316,4.2228,4.7617,4.814,4.6961
20.4,0.99967,1.9977,2.9417,3.493,3.7911,4.3217,4.2162,4.7268,4.7783,4.6911
20.5,0.99967,1.9977,2.9309,3.4872,3.7778,4.3158,4.2303,4.7285,4.7459,4.7019
20.6,0.99967,1.9977,2.9309,3.4914,3.7919,4.3109,4.2303,4.7326,4.731,4.6928
20.7,0.99967,1.9977,2.9309,3.488,3.7878,4.3134,4.2436,4.7243,4.7243,4.6787
20.8,0.99967,1.9977,2.9309,3.4897,3.7919,4.3167,4.2361,4.7152,4.726,4.6629
20.9,0.99967,1.9977,2.9309,3.4963,3.7928,4.3225,4.2378,4.7227,4.7219,4.6496
21,0.99967,1.9977,2.9367,3.5013,3.7903,4.33,4.2561,4.7094,4.7326,4.6538
21.1,0.99967,1.9977,2.9367,3.5113,3.7969,4.3042,4.2461,4.6953,4.7302,4.6529
21.2,0.99967,1.9977,2.9367,3.5096,3.7762,4.2984,4.2486,4.682,4.7194,4.6413
21.3,0.99967,1.9977,2.9367,3.5146,3.7795,4.2984,4.2486,4.6754,4.7127,4.643
21.4,0.99967,1.9977,2.9367,3.5262,3.8019,4.2934,4.2486,4.6637,4.7144,4.6529
21.5,0.99967,1.9977,2.9351,3.5279,3.7994,4.2976,4.2312,4.6504,4.7285,4.6654
21.6,0.99967,1.9977,2.9351,3.5237,3.8027,4.2992,4.2278,4.6463,4.7277,4.623
21.7,0.99967,1.9977,2.9351,3.532,3.8143,4.3034,4.237,4.6297,4.7293,4.6006
21.8,0.99967,1.9977,2.9351,3.5379,3.821,4.3059,4.2577,4.6455,4.7376,4.5815
21.9,0.99967,1.9977,2.9359,3.5412,3.8218,4.3017,4.2586,4.6438,4.7177,4.5898
22,0.99967,1.9977,2.9359,3.5412,3.8426,4.3117,4.266,4.6289,4.7194,4.5882
22.1,0.99967,1.9977,2.9359,3.5528,3.8384,4.3059,4.2743,4.638,4.7011,4.5766
22.2,0.99967,1.9977,2.9359,3.547,3.8359,4.2835,4.2826,4.6255,4.7028,4.5658
22.3,0.99967,1.9977,2.9401,3.5428,3.8401,4.261,4.2776,4.6164,4.7127,4.5724
22.4,0.99967,1.9977,2.9401,3.5453,3.8376,4.2552,4.2718,4.6089,4.6895,4.5741
22.5,0.99967,1.9977,2.9401,3.5503,3.855,4.2428,4.2735,4.6123,4.6729,4.5998
22.6,0.99967,1.9977,2.9401,3.5545,3.8658,4.2519,4.2594,4.5965,4.6695,4.6106
22.7,0.99967,1.9977,2.9401,3.547,3.8559,4.2644,4.2478,4.5882,4.6513,4.643
22.8,0.99967,1.9977,2.9334,3.5586,3.8575,4.2453,4.2436,4.5873,4.6355,4.6405
22.9,0.99967,1.9977,2.9334,3.5653,3.8575,4.2403,4.2436,4.5782,4.6214,4.6538
23,0.99967,1.9977,2.9334,3.5653,3.8492,4.2486,4.2494,4.5624,4.6322,4.6289
23.1,0.99967,1.9977,2.9334,3.5761,3.8584,4.2469,4.2436,4.5682,4.6239,4.6264
23.2,0.99967,1.9977,2.9334,3.5777,3.8683,4.2685,4.2552,4.5467,4.6347,4.6363
23.3,0.99967,1.9977,2.9318,3.5802,3.8725,4.2702,4.2702,4.5533,4.6206,4.6397
23.4,0.99967,1.9977,2.9318,3.5802,3.8675,4.286,4.2652,4.5309,4.5956,4.6297
23.5,0.99967,1.9977,2.9318,3.581,3.8766,4.2602,4.2652,4.5417,4.6089,4.6305
23.6,0.99967,1.9977,2.9318,3.5835,3.8758,4.2693,4.2594,4.5425,4.5857,4.6305
23.7,0.99967,1.9977,2.9318,3.5835,3.8799,4.2776,4.2619,4.5467,4.5857,4.648
23.8,0.99967,1.9977,2.9268,3.5927,3.8899,4.2785,4.2785,4.54,4.5732,4.6538
23.9,0.99967,1.9977,2.9268,3.5993,3.8907,4.2785,4.2718,4.5442,4.584,4.6496
24,0.99967,1.9977,2.9268,3.5993,3.8907,4.2785,4.2801,4.5367,4.5674,4.628
24.1,0.99967,1.9977,2.9268,3.6084,3.9073,4.276,4.2793,4.5242,4.5525,4.623
24.2,0.99967,1.9977,2.9268,3.6126,3.909,4.2876,4.2669,4.5126,4.5583,4.6181
24.3,0.99967,1.9977,2.9284,3.6126,3.9173,4.286,4.2552,4.5076,4.5691,4.628
24.4,0.99967,1.9977,2.9284,3.6167,3.914,4.2835,4.2735,4.491,4.5873,4.6496
24.5,0.99967,1.9977,2.9284,3.6176,3.9115,4.2743,4.2702,4.491,4.5782,4.6637
24.6,0.99967,1.9977,2.9284,3.6209,3.9073,4.2743,4.2868,4.5101,4.5956,4.648
24.7,0.99967,1.9977,2.921,3.6184,3.8974,4.2602,4.2992,4.5234,4.6089,4.6671
24.8,0.99967,1.9977,2.921,3.6292,3.8833,4.2743,4.2992,4.496,4.6172,4.6778
24.9,0.99967,1.9977,2.921,3.6292,3.8891,4.2727,4.2934,4.4985,4.6272,4.6978
25,0.99967,1.9977,2.921,3.6209,3.8907,4.2735,4.286,4.5093,4.623,4.6886
25.1,0.99967,1.9977,2.9151,3.6226,3.8725,4.2718,4.3017,4.5176,4.5948,4.7069
25.2,0.99967,1.9977,2.9151,3.6358,3.8866,4.266,4.3026,4.5184,4.5832,4.6903
25.3,0.99967,1.9977,2.9151,3.6358,3.8683,4.2552,4.3042,4.535,4.5691,4.7094
25.4,0.99967,1.9977,2.9151,3.6309,3.8683,4.261,4.3192,4.511,4.5425,4.7152
25.5,0.99967,1.9977,2.9118,3.6325,3.865,4.2461,4.3117,4.5027,4.5458,4.7335
25.6,0.99967,1.9977,2.9118,3.6325,3.8642,4.2295,4.3092,4.5242,4.5533,4.7368
25.7,0.99967,1.9977,2.9118,3.6408,3.8716,4.2253,4.3034,4.5325,4.5624,4.7326
25.8,0.99967,1.9977,2.9201,3.64,3.8683,4.2403,4.3324,4.5284,4.5658,4.7418
25.9,0.99967,1.9977,2.9201,3.6458,3.87,4.2419,4.3432,4.5226,4.5691,4.7418
26,0.99967,1.9977,2.9201,3.645,3.8774,4.237,4.3607,4.5226,4.5807,4.7617
26.1,0.99967,1.9977,2.9201,3.645,3.8849,4.2278,4.3806,4.5425,4.5533,4.7683
26.2,0.99967,1.9977,2.9243,3.6516,3.8907,4.2295,4.374,4.5417,4.5367,4.7767
26.3,0.99967,1.9977,2.9243,3.6533,3.9015,4.2361,4.3632,4.5575,4.5342,4.7883
26.4,0.99967,1.9977,2.9243,3.6458,3.904,4.2336,4.3823,4.5309,4.5276,4.7733
26.5,0.99967,1.9977,2.9243,3.6541,3.9057,4.2303,4.3823,4.5159,4.5085,4.7949
26.6,0.99967,1.9977,2.9276,3.6524,3.9015,4.2195,4.3931,4.5076,4.5176,4.7841
26.7,0.99967,1.9977,2.9276,3.6524,3.9015,4.2245,4.3881,4.5068,4.5143,4.78
26.8,0.99967,1.9977,2.9276,3.6508,3.9082,4.2278,4.4039,4.4952,4.5135,4.7808
26.9,0.99967,1.9977,2.9276,3.6516,3.9048,4.2228,4.4263,4.4977,4.5002,4.7941
27,0.99967,1.9977,2.9293,3.6458,3.9098,4.217,4.4263,4.496,4.4661,4.7833
27.1,0.99967,1.9977,2.9293,3.6491,3.9256,4.2204,4.4254,4.4819,4.4653,4.7833
27.2,0.99967,1.9977,2.9293,3.6549,3.9347,4.2262,4.4271,4.4985,4.4304,4.7576
27.3,0.99967,1.9977,2.9293,3.6566,3.9289,4.2287,4.4454,4.4968,4.4387,4.7659
27.4,0.99967,1.9977,2.9309,3.6607,3.9381,4.2444,4.4429,4.5101,4.4296,4.7717
27.5,0.99967,1.9977,2.9309,3.6524,3.9331,4.2569,4.4362,4.5218,4.4188,4.7534
27.6,0.99967,1.9977,2.9309,3.6425,3.9406,4.2519,4.4246,4.5309,4.4254,4.7534
27.7,0.99967,1.9977,2.9309,3.6325,3.9339,4.2461,4.4396,4.5251,4.4213,4.7385
27.8,0.99967,1.9977,2.9318,3.6209,3.9331,4.2552,4.4221,4.5118,4.4304,4.7036
27.9,0.99967,1.9977,2.9318,3.6192,3.9082,4.2536,4.4246,4.5234,4.4321,4.7144
28,0.99967,1.9977,2.9318,3.6101,3.9015,4.2486,4.4246,4.5317,4.442,4.7318
28.1,0.99967,1.9977,2.9318,3.6142,3.9098,4.2527,4.4321,4.5433,4.4337,4.7318
28.2,0.99967,1.9977,2.9367,3.6167,3.9024,4.2494,4.4362,4.5317,4.4578,4.7459
28.3,0.99967,1.9977,2.9367,3.6167,3.9206,4.2494,4.4346,4.5325,4.457,4.7385
28.4,0.99967,1.9977,2.9367,3.6159,3.9215,4.2419,4.4213,4.5209,4.4487,4.7393
28.5,0.99967,1.9977,2.9367,3.6217,3.9256,4.2411,4.4445,4.5276,4.4495,4.7343
28.6,0.99967,1.9985,2.9367,3.6217,3.9165,4.2552,4.4412,4.5168,4.4412,4.7028
28.7,0.99967,1.9985,2.95,3.6201,3.8957,4.2627,4.4454,4.5209,4.4288,4.6853
28.8,0.99967,1.9985,2.95,3.6234,3.8766,4.2793,4.4495,4.5201,4.413,4.6837
28.9,0.99967,1.9985,2.95,3.6201,3.8808,4.2826,4.4354,4.5425,4.4163,4.6637
29,0.99967,1.9985,2.95,3.6267,3.8824,4.2868,4.4321,4.5301,4.4146,4.6554
29.1,0.99967,1.9985,2.95,3.6126,3.8882,4.2884,4.4188,4.5226,4.4196,4.6554
29.2,0.99967,1.9985,2.9475,3.6134,3.8849,4.2992,4.4288,4.5201,4.4188,4.6571
29.3,0.99967,1.9985,2.9475,3.6043,3.8841,4.2901,4.4288,4.5151,4.4296,4.6563
29.4,0.99967,1.9985,2.9475,3.5985,3.8741,4.2785,4.4229,4.5242,4.4321,4.6629
29.5,0.99967,1.9985,2.9475,3.5943,3.8766,4.271,4.4022,4.501,4.4221,4.6637
29.6,0.99967,1.9985,2.9475,3.5976,3.8683,4.2635,4.3864,4.5085,4.4196,4.6571
29.7,0.99967,1.9985,2.9459,3.586,3.8791,4.2552,4.3864,4.4827,4.403,4.6314
29.8,0.99967,1.9985,2.9459,3.5877,3.875,4.2577,4.3806,4.4719,4.4022,4.6247
29.9,0.99967,1.9985,2.9459,3.5769,3.8824,4.2569,4.3806,4.457,4.398,4.6297
30,0.99967,1.9985,2.9459,3.5868,3.8899,4.2544,4.3648,4.4479,4.3939,4.6139
30.1,0.99967,1.9985,2.9459,3.5952,3.8965,4.2536,4.3789,4.4495,4.398,4.5898
30.2,0.99967,1.9985,2.9459,3.586,3.8824,4.2469,4.3947,4.4537,4.4022,4.5898
30.3,0.99967,1.9985,2.9591,3.5893,3.875,4.2561,4.3831,4.452,4.4122,4.5873
30.4,0.99967,1.9985,2.9591,3.5902,3.8849,4.266,4.403,4.4636,4.4022,4.6322
30.5,0.99967,1.9985,2.9591,3.5968,3.8932,4.2718,4.4105,4.4769,4.4047,4.6239
30.6,0.99967,1.9985,2.9591,3.5968,3.909,4.276,4.3955,4.4761,4.4163,4.6164
30.7,0.99967,1.9985,2.9591,3.5935,3.9148,4.2909,4.3939,4.4869,4.4113,4.638
30.8,0.99967,1.9985,2.9591,3.5952,3.9107,4.2884,4.3972,4.4794,4.4229,4.6463
30.9,0.99967,1.9985,2.9542,3.581,3.9007,4.2926,4.3947,4.4719,4.447,4.6413
31,0.99967,1.9985,2.9542,3.5752,3.909,4.2901,4.3756,4.4728,4.462,4.6571
31.1,0.99967,1.9985,2.9542,3.5653,3.8932,4.305,4.3748,4.4728,4.4636,4.6571
31.2,0.99967,1.9985,2.9542,3.5719,3.8899,4.315,4.3756,4.4545,4.4578,4.6654
31.3,0.99967,1.9985,2.9542,3.5702,3.8941,4.3001,4.3623,4.4371,4.4479,4.6812
31.4,0.99967,1.9985,2.9525,3.5545,3.8866,4.3001,4.3565,4.4462,4.4188,4.7052
31.5,0.99967,1.9985,2.9525,3.5553,3.8866,4.2976,4.3698,4.4479,4.4271,4.7069
31.6,0.99967,1.9985,2.9525,3.5495,3.8791,4.3084,4.364,4.4512,4.4146,4.7061
31.7,0.99967,1.9985,2.9525,3.5578,3.8758,4.3084,4.3831,4.4462,4.4213,4.6878
31.8,0.99967,1.9985,2.9533,3.5528,3.8725,4.3092,4.3889,4.4412,4.3989,4.6837
31.9,0.99967,1.9985,2.9533,3.557,3.8559,4.3109,4.3657,4.4545,4.4097,4.7052
32,0.99967,1.9985,2.9533,3.5594,3.8542,4.325,4.3756,4.4678,4.4138,4.7102
32.1,0.99967,1.9985,2.9533,3.5594,3.8542,4.3134,4.3814,4.452,4.4105,4.7119
32.2,0.99967,1.9985,2.9533,3.5619,3.8476,4.3026,4.3848,4.4512,4.4097,4.7102
32.3,0.99967,1.9985,2.9567,3.5628,3.8434,4.2868,4.3814,4.4528,4.4088,4.7119
32.4,0.99967,1.9985,2.9567,3.5536,3.8359,4.2835,4.3964,4.4537,4.4196,4.7127
32.5,0.99967,1.9985,2.9567,3.552,3.8426,4.2884,4.398,4.447,4.4362,4.7036
32.6,0.99967,1.9985,2.9567,3.552,3.8301,4.2835,4.3939,4.4371,4.4462,4.7127
32.7,0.99967,1.9985,2.9508,3.5453,3.8343,4.2818,4.3955,4.4271,4.4503,4.7144
32.8,0.99967,1.9985,2.9508,3.552,3.85,4.2835,4.3989,4.4371,4.467,4.7351
32.9,0.99967,1.9985,2.9508,3.5495,3.8451,4.2884,4.4146,4.4254,4.4844,4.7318
33,0.99967,1.9985,2.9542,3.5586,3.85,4.2918,4.4329,4.4246,4.4993,4.7418
33.1,0.99967,1.9985,2.9542,3.5561,3.8409,4.2743,4.4039,4.4213,4.5126,4.76
33.2,0.99967,1.9985,2.9542,3.5545,3.8442,4.2793,4.4263,4.4047,4.5184,4.7592
33.3,0.99967,1.9985,2.9542,3.5495,3.8476,4.276,4.418,4.4105,4.5251,4.7625
33.4,0.99967,1.9985,2.9733,3.5503,3.855,4.286,4.4437,4.3972,4.5392,4.7493
33.5,0.99967,1.9985,2.9733,3.5428,3.8442,4.2776,4.4537,4.3972,4.5508,4.76
33.6,0.99967,1.9985,2.9733,3.542,3.8459,4.2727,4.4495,4.3773,4.54,4.7634
33.7,0.99967,1.9985,2.9733,3.5412,3.8534,4.261,4.4487,4.3814,4.5143,4.7725
33.8,0.99967,1.9985,2.9733,3.5545,3.8467,4.2519,4.4321,4.3765,4.5159,4.7617
33.9,0.99967,1.9985,2.9733,3.5611,3.8509,4.2411,4.408,4.3673,4.5193,4.7933
34,0.99967,1.9985,2.9758,3.5611,3.8517,4.2361,4.4113,4.3582,4.5317,4.809
34.1,0.99967,1.9985,2.9758,3.5636,3.8409,4.2212,4.4005,4.3399,4.5417,4.7866
34.2,0.99967,1.9985,2.9758,3.5586,3.8459,4.2129,4.3989,4.3316,4.5516,4.7941
34.3,0.99967,2.0002,2.9758,3.5536,3.8476,4.2162,4.3972,4.3449,4.5741,4.7866
34.4,0.99967,2.0002,2.9758,3.5545,3.8417,4.2121,4.3789,4.359,4.589,4.7717
34.5,0.99967,2.0002,2.9758,3.552,3.8343,4.2204,4.3823,4.3698,4.5707,4.7642
34.6,0.99967,2.0002,2.9758,3.5478,3.8301,4.2112,4.3839,4.374,4.5475,4.7509
34.7,0.99967,2.0002,2.9758,3.5553,3.8235,4.1979,4.3889,4.3549,4.54,4.7393
34.8,0.99967,2.0002,2.9799,3.5611,3.8202,4.1896,4.3964,4.3607,4.5317,4.7302
34.9,0.99967,2.0002,2.9799,3.5653,3.8227,4.1888,4.403,4.3715,4.506,4.721
35,0.99967,2.0002,2.9799,3.5603,3.8293,4.1813,4.4072,4.3731,4.4935,4.7069
35.1,0.99967,2.0002,2.9799,3.5578,3.8334,4.1764,4.4171,4.3906,4.4819,4.7003
35.2,0.99967,2.0002,2.9799,3.5661,3.826,4.1805,4.4229,4.4005,4.4578,4.6862
35.3,0.99967,2.0002,2.9799,3.5603,3.8235,4.1639,4.4047,4.4039,4.4861,4.6961
35.4,0.99967,2.0002,2.9799,3.557,3.8243,4.1597,4.4097,4.4229,4.4919,4.6853
35.5,0.99967,2.0002,2.9799,3.557,3.8409,4.1614,4.4097,4.4387,4.4678,4.6845
35.6,0.99967,2.0002,2.9799,3.5586,3.8318,4.1539,4.4196,4.4404,4.4553,4.692
35.7,0.99967,2.0002,2.9799,3.5536,3.8285,4.1506,4.4088,4.4329,4.4553,4.6828
35.8,0.99967,2.0002,2.9724,3.5619,3.831,4.1631,4.3914,4.447,4.4603,4.6886
35.9,0.99967,2.0002,2.9724,3.5611,3.8368,4.1539,4.4055,4.4346,4.4678,4.6953
36,0.99967,2.0002,2.9724,3.5536,3.8484,4.1382,4.4097,4.4645,4.4902,4.6903
36.1,0.99967,2.0002,2.9724,3.5553,3.8542,4.1357,4.4146,4.4711,4.4877,4.7003
36.2,0.99967,2.0002,2.9724,3.5553,3.8417,4.1407,4.4039,4.4678,4.4861,4.6803
36.3,0.99967,2.0002,2.9724,3.5553,3.831,4.1257,4.403,4.4719,4.5143,4.6994
36.4,0.99967,2.0002,2.9724,3.5511,3.8451,4.1199,4.4014,4.4653,4.5168,4.6837
36.5,0.99967,2.0002,2.9724,3.5478,3.8393,4.1083,4.3939,4.4653,4.5309,4.6729
36.6,0.99801,2.0002,2.9724,3.547,3.8517,4.1,4.374,4.4836,4.5417,4.6546
36.7,0.99801,2.0002,2.9658,3.547,3.8525,4.0966,4.3773,4.4578,4.5359,4.6529
36.8,0.99801,2.0002,2.9658,3.5387,3.8517,4.0983,4.3698,4.4562,4.5267,4.6546
36.9,0.99801,2.0002,2.9658,3.5437,3.8658,4.0942,4.3765,4.4711,4.5417,4.6563
37,0.99801,2.0002,2.9658,3.542,3.8725,4.09,4.374,4.4595,4.5367,4.633
37.1,0.99801,2.0002,2.9658,3.542,3.8534,4.0867,4.3939,4.4711,4.5342,4.6322
37.2,0.99801,2.0002,2.9583,3.5354,3.8592,4.0983,4.3939,4.4678,4.5442,4.6247
37.3,0.99801,2.0002,2.9583,3.532,3.8642,4.0775,4.3748,4.4736,4.579,4.6139
37.4,0.99801,2.0002,2.9583,3.542,3.8575,4.0668,4.3706,4.4827,4.5807,4.6064
37.5,0.99801,2.0002,2.9583,3.5362,3.8575,4.056,4.3814,4.5027,4.5815,4.6114
37.6,0.99801,2.0002,2.9583,3.5362,3.8575,4.0659,4.3848,4.506,4.6023,4.6015
37.7,0.99801,2.0002,2.9533,3.5362,3.8625,4.0701,4.3798,4.5159,4.5932,4.5915
37.8,0.99801,2.0002,2.9533,3.5287,3.8783,4.0543,4.3632,4.4977,4.6164,4.5907
37.9,0.99801,2.0002,2.9533,3.5237,3.87,4.0618,4.3657,4.5251,4.633,4.5782
38,0.99801,2.0002,2.9533,3.5329,3.8766,4.0493,4.3574,4.5234,4.6438,4.5766
38.1,0.99801,2.0002,2.9533,3.5296,3.8941,4.0485,4.3698,4.5325,4.6563,4.5807
38.2,0.99801,2.0002,2.9533,3.5279,3.8932,4.0452,4.3789,4.5433,4.6596,4.5658
38.3,0.99801,2.0002,2.9459,3.5229,3.8874,4.0435,4.3781,4.5409,4.6529,4.5732
38.4,0.99801,2.0002,2.9459,3.5138,3.9065,4.0385,4.3673,4.5226,4.6646,4.5649
38.5,0.99801,2.0002,2.9459,3.5171,3.9165,4.0236,4.3731,4.5292,4.6604,4.5583
38.6,0.99801,2.0002,2.9459,3.5146,3.9347,4.0144,4.369,4.5458,4.6745,4.5483
38.7,0.99801,2.0002,2.9425,3.513,3.9364,4.0186,4.3931,4.5325,4.6795,4.5516
38.8,0.99801,2.0002,2.9425,3.5113,3.9414,4.0037,4.3823,4.5276,4.6886,4.5583
38.9,0.99801,2.0002,2.9425,3.5196,3.9356,4.0028,4.3648,4.4952,4.6762,4.5159
39,0.99801,2.0002,2.9475,3.5213,3.9289,3.9945,4.3723,4.4935,4.6662,4.4885
39.1,0.99801,2.0002,2.9475,3.5229,3.9239,3.9837,4.3657,4.4819,4.6729,4.4927
39.2,0.99801,2.0002,2.9475,3.5262,3.9156,3.9771,4.3499,4.4769,4.6588,4.4935
39.3,0.99801,2.0002,2.9475,3.5138,3.9306,3.9829,4.3499,4.4786,4.6538,4.4869
39.4,0.99801,2.0002,2.9583,3.513,3.9397,3.9721,4.3424,4.4686,4.6355,4.4628
39.5,0.99801,2.0002,2.9583,3.5138,3.9339,3.9821,4.3291,4.4811,4.6563,4.4462
39.6,0.99801,2.0002,2.9583,3.5088,3.9215,3.9954,4.3192,4.4852,4.6637,4.462
39.7,0.99801,2.0002,2.9583,3.5221,3.9165,4.002,4.2943,4.4877,4.6795,4.4794
39.8,0.99801,2.0002,2.9583,3.5163,3.8982,3.9995,4.2984,4.501,4.6828,4.4761
39.9,0.99801,2.0002,2.9633,3.5262,3.8999,4.0078,4.2976,4.5002,4.6837,4.4885
40,0.99801,2.0002,2.9633,3.5213,3.9181,4.0244,4.3142,4.5126,4.6787,4.4869
40.1,0.99801,2.0002,2.9633,3.5213,3.9098,4.0227,4.2843,4.5425,4.6754,4.4985
40.2,0.99801,2.0002,2.9633,3.5154,3.904,4.0136,4.266,4.5425,4.6704,4.4927
40.3,0.99801,2.0002,2.9525,3.5213,3.9048,4.0103,4.2669,4.5616,4.6637,4.4711
40.4,0.99801,2.0002,2.9525,3.5279,3.8932,4.0003,4.2627,4.5583,4.6687,4.4819
40.5,0.99801,2.0002,2.9525,3.5254,3.8916,4.0028,4.266,4.5417,4.6554,4.4811
40.6,0.99801,2.0002,2.9525,3.5213,3.8882,3.987,4.2627,4.5608,4.6662,4.4786
40.7,0.99801,2.0002,2.9525,3.5196,3.904,3.9887,4.2752,4.5533,4.6488,4.4836
40.8,0.99801,2.0002,2.9384,3.5262,3.9065,3.9804,4.2685,4.5525,4.6455,4.4794
40.9,0.99801,2.0002,2.9384,3.5304,3.9073,3.9887,4.2685,4.5583,4.6189,4.4694
41,0.99801,2.0002,2.9384,3.532,3.9073,3.9978,4.2669,4.5566,4.5907,4.4836
41.1,0.99801,2.0002,2.9384,3.5354,3.8999,3.9987,4.2843,4.5558,4.6064,4.4861
41.2,0.99801,1.9977,2.9384,3.5229,3.9065,3.9978,4.2826,4.55,4.6015,4.4819
41.3,0.99801,1.9977,2.9384,3.5229,3.8932,4.0028,4.2785,4.5375,4.5907,4.5018
41.4,0.99801,1.9977,2.9384,3.5304,3.9057,4.0203,4.2768,4.5359,4.5707,4.5002
41.5,0.99801,1.9977,2.9384,3.5296,3.9198,4.0244,4.2685,4.5483,4.5757,4.511
41.6,0.99801,1.9977,2.9384,3.542,3.9289,4.0319,4.2544,4.5483,4.5633,4.5168
41.7,0.99801,1.9977,2.9417,3.5545,3.9115,4.0269,4.2743,4.54,4.5865,4.5184
41.8,0.99801,1.9977,2.9417,3.5678,3.9132,4.041,4.2561,4.5475,4.5749,4.5151
41.9,0.99801,1.9977,2.9417,3.5678,3.9123,4.0585,4.2561,4.5375,4.5591,4.5143
42,0.99801,1.9977,2.9417,3.5852,3.9082,4.0585,4.2702,4.545,4.5599,4.5085
42.1,0.99801,1.9977,2.9342,3.5918,3.9098,4.0634,4.2552,4.5633,4.555,4.4927
42.2,0.99801,1.9977,2.9342,3.5927,3.9107,4.0551,4.2502,4.5492,4.5624,4.5043
42.3,0.99801,1.9977,2.9342,3.6043,3.9032,4.051,4.2561,4.5417,4.5624,4.5085
42.4,0.99801,1.9977,2.9342,3.6084,3.8965,4.0609,4.2635,4.5624,4.5533,4.5234
42.5,0.99801,1.9977,2.9243,3.6151,3.8891,4.0618,4.2635,4.5492,4.5624,4.5267
42.6,0.99801,1.9977,2.9243,3.6151,3.8882,4.0726,4.2693,4.5666,4.5558,4.5475
42.7,0.99801,1.9977,2.9243,3.6126,3.8733,4.085,4.286,4.5624,4.5392,4.5259
42.8,0.99801,1.9977,2.9268,3.6259,3.8733,4.095,4.2785,4.5682,4.5309,4.5334
42.9,0.99801,1.9977,2.9268,3.6342,3.8658,4.1174,4.2843,4.5516,4.5151,4.5475
43,0.99801,1.9977,2.9268,3.6358,3.8509,4.1224,4.3034,4.5516,4.5076,4.5325
43.1,0.99801,1.9977,2.9201,3.6367,3.8783,4.1207,4.3183,4.5483,4.4944,4.5384
43.2,0.99801,1.9977,2.9201,3.6383,3.8741,4.1182,4.32,4.5259,4.5018,4.5409
43.3,0.99801,1.9977,2.9201,3.645,3.8766,4.1265,4.3084,4.5126,4.5002,4.5218
43.4,0.99801,1.9977,2.9201,3.6491,3.8891,4.134,4.3084,4.5168,4.5118,4.5126
43.5,0.99801,1.9977,2.9268,3.6475,3.8741,4.1282,4.2984,4.4902,4.5002,4.5051
43.6,0.99801,1.9977,2.9268,3.6475,3.8774,4.1523,4.2901,4.501,4.5002,4.4993
43.7,0.99801,1.9977,2.9268,3.6508,3.8783,4.1564,4.2918,4.491,4.5018,4.5234
43.8,0.99801,1.9977,2.9268,3.6657,3.8783,4.1564,4.2901,4.4761,4.5118,4.5309
43.9,0.99801,1.9977,2.9342,3.6657,3.8774,4.1539,4.2926,4.462,4.5051,4.5176
44,0.99801,1.9977,2.9342,3.6682,3.8874,4.1689,4.2959,4.4719,4.5176,4.5492
44.1,0.99801,1.9977,2.9342,3.6682,3.8932,4.1672,4.276,4.4728,4.5392,4.5641
44.2,0.99801,1.9977,2.9342,3.6749,3.8949,4.1722,4.2702,4.4503,4.5409,4.5658
44.3,0.99801,1.9977,2.9268,3.6749,3.8974,4.1639,4.2635,4.4396,4.5458,4.5691
44.4,0.99801,1.9977,2.9268,3.6749,3.9132,4.1714,4.2594,4.4379,4.5525,4.5915
44.5,0.99801,1.9977,2.9268,3.684,3.9148,4.1822,4.2561,4.4313,4.5566,4.6006
44.6,0.99801,1.9977,2.9268,3.684,3.9073,4.1788,4.2312,4.4288,4.5591,4.5956
44.7,0.99801,1.9977,2.9309,3.6873,3.9107,4.1813,4.2586,4.4229,4.5724,4.5932
44.8,0.99801,1.9977,2.9309,3.6873,3.9048,4.1764,4.2561,4.418,4.5674,4.6023
44.9,0.99801,1.9977,2.9359,3.6732,3.9007,4.1681,4.2287,4.4246,4.5492,4.6056
45,0.99801,1.9977,2.9359,3.6732,3.8932,4.1498,4.2195,4.4346,4.5492,4.6206
45.1,0.99801,1.9977,2.9359,3.6699,3.9048,4.1573,4.2195,4.4404,4.5475,4.6131
45.2,0.99801,1.9977,2.9342,3.6707,3.9107,4.1506,4.2079,4.4238,4.5292,4.6222
45.3,0.99801,1.9977,2.9342,3.6707,3.9057,4.1531,4.1963,4.4113,4.5301,4.6438
45.4,0.99801,1.9977,2.9342,3.6798,3.909,4.1581,4.1979,4.4105,4.5334,4.6637
45.5,0.99801,1.9977,2.9259,3.6782,3.8957,4.1573,4.2046,4.4039,4.5035,4.687
45.6,0.99801,1.9977,2.9259,3.6782,3.8957,4.149,4.2087,4.3947,4.4902,4.6886
45.7,0.99801,1.9977,2.9259,3.6757,3.9057,4.1431,4.1938,4.3831,4.4827,4.6978
45.8,0.99801,1.9977,2.9259,3.6782,3.8932,4.1257,4.2029,4.3574,4.4736,4.7351
45.9,0.99801,1.9977,2.9326,3.6782,3.8841,4.1149,4.1813,4.3241,4.4562,4.7335
46,0.99801,1.9977,2.9326,3.6657,3.8899,4.1,4.193,4.3217,4.4495,4.7418
46.1,0.99801,1.9977,2.9326,3.6649,3.8791,4.1099,4.1847,4.3117,4.462,4.7243
46.2,0.99801,1.9977,2.9326,3.6707,3.875,4.1116,4.2004,4.325,4.4553,4.7277
46.3,0.99801,1.9977,2.9318,3.6707,3.875,4.129,4.1946,4.3233,4.4495,4.7302
46.4,0.99801,1.9977,2.9318,3.6707,3.8683,4.129,4.2071,4.3291,4.4703,4.7285
46.5,0.99801,1.9977,2.9318,3.6549,3.8658,4.1382,4.2038,4.3432,4.4645,4.7277
46.6,0.99801,1.9977,2.9318,3.6516,3.8642,4.1382,4.2021,4.3499,4.4861,4.7376
46.7,0.99801,1.9977,2.9318,3.6516,3.8708,4.1573,4.2096,4.3391,4.4869,4.7343
46.8,0.99801,1.9977,2.9401,3.6541,3.8476,4.1564,4.2137,4.3416,4.4753,4.7243
46.9,0.99801,1.9977,2.9401,3.6425,3.8442,4.144,4.2204,4.3424,4.4761,4.7376
47,0.99801,1.9977,2.9401,3.6425,3.8584,4.1573,4.2121,4.3549,4.4877,4.7426
47.1,0.99801,1.9977,2.9401,3.6458,3.8517,4.1581,4.2096,4.3574,4.4728,4.76
47.2,0.99801,1.9977,2.9401,3.6358,3.8575,4.1581,4.2245,4.3482,4.4678,4.7576
47.3,0.99801,1.9977,2.9401,3.6284,3.8575,4.1506,4.2336,4.3432,4.4786,4.7667
47.4,0.99801,1.9977,2.9417,3.6284,3.8625,4.139,4.2428,4.3399,4.4777,4.7576
47.5,0.99801,1.9977,2.9417,3.6292,3.8841,4.1539,4.2527,4.3565,4.4827,4.7318
47.6,0.99801,1.9977,2.9417,3.6217,3.8841,4.1631,4.2527,4.3466,4.4744,4.7293
47.7,0.99801,1.9977,2.9367,3.6167,3.8791,4.1606,4.2486,4.3549,4.4877,4.7252
47.8,0.99801,1.9977,2.9367,3.6142,3.8733,4.1606,4.2478,4.3474,4.4894,4.7409
47.9,0.99801,1.9977,2.9367,3.6068,3.8882,4.1614,4.261,4.33,4.4786,4.721
48,0.99801,1.9977,2.9367,3.6142,3.8965,4.1681,4.2793,4.3366,4.4844,4.6895
48.1,0.99801,1.9977,2.9459,3.6184,3.9123,4.1772,4.2718,4.354,4.5068,4.7136
48.2,0.99801,1.9977,2.9459,3.6184,3.9231,4.193,4.2727,4.3682,4.5143,4.7368
48.3,0.99801,1.9977,2.9459,3.6101,3.9165,4.1905,4.2918,4.3715,4.5035,4.7426
48.4,0.99801,1.9977,2.9459,3.6035,3.9223,4.188,4.2926,4.4105,4.501,4.7376
48.5,0.99801,1.9977,2.9459,3.601,3.9215,4.188,4.3075,4.4014,4.4952,4.7517
48.6,0.99801,1.9977,2.9442,3.6151,3.9339,4.2112,4.3001,4.4088,4.496,4.78
48.7,0.99801,1.9977,2.9442,3.6151,3.9439,4.2071,4.286,4.418,4.4985,4.7775
48.8,0.99801,1.9977,2.9442,3.6076,3.9505,4.2013,4.2752,4.4379,4.491,4.7567
48.9,0.99801,1.9977,2.9442,3.6093,3.9596,4.1955,4.286,4.4387,4.491,4.7509
49,0.99801,1.9977,2.9442,3.6093,3.953,4.1921,4.2934,4.4512,4.4869,4.7451
49.1,0.99801,1.9977,2.9442,3.6134,3.9497,4.1963,4.3001,4.4744,4.4977,4.7393
49.2,0.99801,1.9977,2.9608,3.6043,3.9538,4.1963,4.3067,4.4719,4.4885,4.7277
49.3,0.99801,1.9977,2.9608,3.5976,3.9638,4.1988,4.3059,4.4811,4.5101,4.7285
49.4,0.99801,1.9977,2.9608,3.5968,3.9696,4.2054,4.3067,4.4728,4.5176,4.7418
49.5,0.99801,1.9977,2.9608,3.5968,3.9821,4.1863,4.3134,4.4869,4.5159,4.7501
49.6,0.99801,1.9977,2.9608,3.5935,3.9862,4.2137,4.3183,4.4927,4.5184,4.7493
49.7,0.99801,1.9977,2.9608,3.5943,3.9812,4.1963,4.3283,4.511,4.511,4.7517
49.8,0.99801,1.9977,2.9608,3.5993,3.9887,4.1822,4.33,4.5301,4.5085,4.726
49.9,0.99801,1.9977,2.9583,3.5985,3.9929,4.1905,4.3432,4.5384,4.5267,4.7152
50,0.99801,1.9977,2.9583,3.5952,3.9779,4.193,4.3399,4.5409,4.5375,4.7061
50.1,0.99801,1.9977,2.9583,3.5952,3.9671,4.2071,4.3408,4.5359,4.5367,4.6837
50.2,0.99801,1.9977,2.9583,3.5976,3.9779,4.1855,4.3482,4.5575,4.5384,4.6754
50.3,0.99801,1.9977,2.9583,3.5943,3.9779,4.173,4.3482,4.5525,4.5475,4.6504
50.4,0.99801,1.9977,2.9583,3.5835,3.9696,4.1531,4.3457,4.5425,4.5334,4.643
50.5,0.99801,1.9977,2.96,3.581,3.9696,4.149,4.3449,4.5475,4.545,4.6438
50.6,0.99801,1.9977,2.96,3.5727,3.9621,4.1514,4.3466,4.5624,4.5483,4.6255
50.7,0.99801,1.9977,2.96,3.5644,3.9763,4.1382,4.3474,4.5666,4.5575,4.6189
50.8,0.99801,1.9977,2.96,3.5545,3.9688,4.1348,4.3532,4.5824,4.5807,4.6206
50.9,0.99801,1.9977,2.96,3.547,3.9804,4.1332,4.3607,4.5849,4.5774,4.6172
51,0.99801,1.9977,2.9658,3.5296,3.9787,4.124,4.3706,4.5907,4.5873,4.6089
51.1,0.99801,1.9977,2.9658,3.5204,3.9746,4.129,4.3557,4.6023,4.5973,4.6056
51.2,0.99801,1.9977,2.9658,3.5179,3.9738,4.1274,4.3457,4.6073,4.5849,4.6023
51.3,0.99801,1.9977,2.9658,3.5213,3.9812,4.1299,4.3308,4.6197,4.5658,4.5998
51.4,0.99801,1.9977,2.9658,3.5154,3.9862,4.1315,4.3316,4.628,4.5799,4.6181
51.5,0.99801,1.9977,2.9658,3.5154,3.9904,4.1199,4.3192,4.643,4.5691,4.6015
51.6,0.99801,1.9977,2.9591,3.5138,3.9962,4.1182,4.3134,4.6289,4.5724,4.5915
51.7,0.99801,1.9977,2.9591,3.5105,3.9862,4.1216,4.2984,4.6405,4.5591,4.5898
51.8,0.99801,1.9977,2.9591,3.5146,3.9929,4.1191,4.2884,4.6538,4.5599,4.5932
51.9,0.99801,1.9977,2.9591,3.5204,3.997,4.1224,4.2901,4.6695,4.5508,4.5915
52,0.99801,1.9977,2.9591,3.5213,3.9887,4.1157,4.2851,4.6654,4.5458,4.5956
52.1,0.99801,1.9977,2.945,3.5196,3.9887,4.0933,4.2992,4.6654,4.5492,4.6156
52.2,0.99801,1.9977,2.945,3.5213,4.0003,4.0825,4.2934,4.6596,4.5409,4.6206
52.3,0.99801,1.9977,2.945,3.5179,3.9987,4.1074,4.2909,4.6787,4.5292,4.6106
52.4,0.99801,1.9977,2.9417,3.5113,4.0095,4.1008,4.3142,4.672,4.5309,4.5948
52.5,0.99801,1.9977,2.9417,3.5063,4.0144,4.1066,4.3175,4.643,4.5076,4.5732
52.6,0.99801,1.9977,2.9392,3.5055,4.0053,4.1,4.3225,4.6488,4.5143,4.5608
52.7,0.99801,1.9977,2.9392,3.5022,4.0045,4.09,4.31,4.6579,4.4968,4.5716
52.8,0.99801,1.9977,2.9392,3.4963,3.9929,4.08,4.3134,4.6588,4.4753,4.584
52.9,0.99801,1.9977,2.9259,3.4963,3.9937,4.0676,4.315,4.6579,4.4811,4.5707
53,0.99801,1.9977,2.9259,3.4997,3.9879,4.0709,4.3408,4.6588,4.4611,4.5774
53.1,0.99801,1.9977,2.9259,3.4997,3.9688,4.056,4.3366,4.6671,4.4587,4.5691
53.2,0.99801,1.9977,2.9243,3.5046,3.9696,4.0668,4.3333,4.6695,4.457,4.5832
53.3,0.99801,1.9977,2.9243,3.5105,3.9696,4.0717,4.3632,4.6745,4.4512,4.6006
53.4,0.99801,1.9977,2.9243,3.5005,3.9754,4.0784,4.364,4.6637,4.4553,4.6222
53.5,0.99801,1.9977,2.9226,3.5105,3.9646,4.0933,4.3466,4.6496,4.4587,4.6314
53.6,0.99801,1.9977,2.9226,3.5154,3.953,4.0883,4.3441,4.6255,4.4495,4.638
53.7,0.99801,1.9977,2.9226,3.508,3.9439,4.0751,4.3474,4.6264,4.4587,4.6388
53.8,0.99801,1.9977,2.9259,3.498,3.9331,4.0759,4.3449,4.6247,4.4902,4.6421
53.9,0.99801,1.9977,2.9259,3.498,3.9306,4.0834,4.315,4.6064,4.4935,4.6579
54,0.99801,1.9977,2.9259,3.5013,3.9389,4.0958,4.3208,4.6031,4.4836,4.6405
54.1,0.99801,1.9977,2.9102,3.508,3.9331,4.1008,4.3333,4.6164,4.4686,4.6405
54.2,0.99801,1.9977,2.9102,3.5105,3.9356,4.1016,4.3266,4.6189,4.4736,4.628
54.3,0.99801,1.9977,2.9127,3.5055,3.9231,4.0966,4.3158,4.6156,4.4811,4.6272
54.4,0.99801,1.9977,2.9127,3.4963,3.9173,4.1,4.31,4.6089,4.4711,4.6139
54.5,0.99801,1.9977,2.9118,3.4773,3.9156,4.1008,4.3333,4.6123,4.4686,4.6197
54.6,0.99801,1.9977,2.9118,3.4748,3.909,4.095,4.3059,4.5973,4.4761,4.6181
54.7,0.99801,1.9977,2.9118,3.4814,3.8874,4.1016,4.3158,4.6098,4.5068,4.6139
54.8,0.99801,1.9977,2.9027,3.4806,3.899,4.0933,4.3208,4.6106,4.496,4.6031
54.9,0.99801,1.9977,2.9027,3.4864,3.8999,4.1033,4.3308,4.5865,4.5035,4.628
55,0.99801,1.9977,2.8985,3.4714,3.8982,4.1,4.32,4.5956,4.496,4.6538
55.1,0.99801,1.9977,2.8985,3.4665,3.8949,4.1141,4.3125,4.5923,4.4877,4.6596
55.2,0.99801,1.9977,2.8985,3.4515,3.8907,4.1083,4.2984,4.589,4.4603,4.6828
55.3,0.99801,1.9977,2.9035,3.4482,3.8716,4.1182,4.3092,4.5873,4.4686,4.6787
55.4,0.99801,1.9977,2.9035,3.4457,3.8741,4.1265,4.3183,4.584,4.4678,4.6837
55.5,0.99801,1.9977,2.9035,3.4548,3.8758,4.1307,4.3009,4.5641,4.4819,4.6886
55.6,0.99801,1.9977,2.9044,3.4548,3.8716,4.1465,4.2976,4.5633,4.4985,4.7069
55.7,0.99801,1.9977,2.9044,3.4573,3.875,4.1423,4.2926,4.5741,4.5018,4.7326
55.8,0.99801,1.9977,2.9044,3.4631,3.8816,4.1506,4.2901,4.5716,4.4968,4.7534
55.9,0.99801,1.9977,2.9044,3.4673,3.8849,4.1664,4.281,4.584,4.5051,4.7625
56,0.99801,1.9977,2.9002,3.4706,3.8841,4.1664,4.2635,4.5782,4.5043,4.7783
56.1,0.99801,1.9977,2.9002,3.4756,3.8733,4.1797,4.2453,4.5774,4.5159,4.8124
56.2,0.99801,1.9977,2.9002,3.4781,3.8633,4.1905,4.2536,4.5915,4.5251,4.8049
56.3,0.99801,1.9977,2.9002,3.4781,3.86,4.2029,4.2486,4.5774,4.5068,4.785
56.4,0.99801,1.9977,2.8994,3.4831,3.8517,4.2204,4.2411,4.5591,4.4761,4.7891
56.5,0.99801,1.9977,2.8994,3.4831,3.8517,4.217,4.2444,4.5558,4.4869,4.775
56.6,0.99801,1.9977,2.8994,3.4831,3.8567,4.2179,4.2187,4.5591,4.4927,4.76
56.7,0.99801,1.9977,2.8911,3.4947,3.8733,4.2145,4.2154,4.5707,4.5018,4.7874
56.8,0.99801,1.9977,2.8911,3.4972,3.8824,4.2137,4.2195,4.5882,4.5284,4.7982
56.9,0.99801,1.9977,2.8911,3.5038,3.8816,4.2129,4.2112,4.5873,4.5251,4.8024
57,0.99801,2.0002,2.9002,3.5105,3.8783,4.1938,4.2071,4.5707,4.5043,4.8115
57.1,0.99801,2.0002,2.9002,3.5105,3.875,4.1797,4.2079,4.5541,4.5242,4.8032
57.2,0.99801,2.0002,2.9002,3.5071,3.8741,4.188,4.2121,4.5467,4.506,4.8065
57.3,0.99801,2.0002,2.9002,3.4972,3.855,4.183,4.2062,4.5309,4.4968,4.7891
57.4,0.99801,2.0002,2.9052,3.4947,3.8525,4.188,4.1996,4.5475,4.4952,4.7808
57.5,0.99801,2.0002,2.9052,3.498,3.8542,4.1979,4.2187,4.5234,4.4985,4.7833
57.6,0.99801,2.0002,2.9052,3.5105,3.8608,4.183,4.2087,4.5218,4.5093,4.76
57.7,0.99801,2.0002,2.9068,3.5105,3.8708,4.1955,4.2121,4.5334,4.5176,4.7409
57.8,0.99801,2.0002,2.9068,3.5088,3.8758,4.1822,4.217,4.5259,4.4993,4.7326
57.9,0.99801,2.0002,2.9068,3.5088,3.8799,4.1788,4.2162,4.5193,4.5035,4.7302
58,0.99801,2.0002,2.9068,3.5063,3.875,4.178,4.2079,4.5076,4.5051,4.7127
58.1,0.99801,2.0002,2.9068,3.5063,3.8725,4.1855,4.2104,4.4944,4.5051,4.7285
58.2,0.99801,2.0002,2.9135,3.5055,3.8758,4.1946,4.217,4.457,4.4993,4.716
58.3,0.99801,2.0002,2.9135,3.5096,3.8617,4.1938,4.2179,4.4387,4.5267,4.7119
58.4,0.99801,2.0002,2.9135,3.5046,3.8675,4.1905,4.2154,4.4337,4.5184,4.7136
58.5,0.99801,2.0002,2.9135,3.5154,3.8824,4.1871,4.2245,4.4387,4.5325,4.7036
58.6,0.99801,2.0002,2.9044,3.5213,3.8849,4.1847,4.2212,4.4354,4.5433,4.6886
58.7,0.99801,2.0002,2.9044,3.5213,3.8882,4.193,4.2079,4.4429,4.5367,4.6911
58.8,0.99801,2.0002,2.9044,3.5204,3.8874,4.1855,4.2228,4.4487,4.5242,4.6994
58.9,0.99801,2.0002,2.9176,3.5229,3.8866,4.1722,4.2278,4.4645,4.5384,4.6945
59,0.99801,2.0002,2.9176,3.5262,3.8774,4.178,4.2336,4.4819,4.5467,4.6845
59.1,0.99801,2.0002,2.9176,3.5262,3.875,4.1755,4.2237,4.4968,4.555,4.7036
59.2,0.99801,2.0002,2.9176,3.5337,3.8858,4.1705,4.2295,4.5101,4.5492,4.692
59.3,0.99801,2.0002,2.9102,3.5387,3.9065,4.1656,4.232,4.5101,4.5558,4.6803
59.4,0.99801,2.0002,2.9102,3.5545,3.9156,4.1705,4.2295,4.5176,4.5458,4.692
59.5,0.99801,2.0002,2.9102,3.5653,3.9148,4.1705,4.2245,4.5176,4.5558,4.6679
59.6,0.99801,2.0002,2.9102,3.5653,3.9082,4.1614,4.2204,4.5176,4.5475,4.672
59.7,0.99801,2.0002,2.9102,3.5594,3.9173,4.1373,4.2237,4.5151,4.5433,4.7003
59.8,0.99801,2.0002,2.9102,3.5603,3.9447,4.1448,4.2328,4.5184,4.5342,4.682
59.9,0.99801,2.0002,2.9102,3.5628,3.9414,4.1514,4.2278,4.5168,4.5143,4.6812
60,0.99801,2.0002,2.9102,3.5628,3.9489,4.1498,4.2395,4.545,4.5209,4.6903
