0,1,1,2,2,3,3,4,4,5,5,6,6,7,7,8,8,9,9,10,10
0,0.99967,0.99967,2.0002,2.0002,2.9998,2.9998,4.0003,4.0003,5,5,5.9997,5.9997,7.0002,7.0002,7.9998,7.9998,9.0003,9.0003,10,10
0.1,0.99967,0.99967,2.0002,2.0002,2.9998,2.9998,4.0003,4.0003,5,5,5.9997,5.9997,7.0002,7.0002,7.9998,7.9998,9.0003,9.0003,10,10
0.2,0.99967,0.99967,2.0002,2.0002,2.9998,2.9998,4.0003,4.0003,5,5,5.9997,5.9997,7.0002,7.0002,7.9998,7.9998,9.0003,9.0003,10,10
0.3,0.99967,0.99967,2.0002,2.0002,2.9998,2.9998,4.0003,4.0003,5,5,5.9997,5.9997,7.0002,7.0002,7.9998,7.9998,9.0003,9.0003,10,10
0.4,0.99967,0.99967,2.0002,2.0002,2.9998,2.9998,4.0003,4.0003,5,5,5.9997,5.9997,7.0002,7.0002,7.9998,7.9998,9.0003,9.0003,10,10
0.5,0.99967,0.99967,2.0002,2.0002,2.9998,2.9998,4.0003,4.0003,5,5,5.9997,5.9997,7.0002,7.0002,7.9998,7.9998,9.0003,9.0003,10,9.9983
0.6,0.99967,0.99967,2.0002,2.0002,2.9998,2.9998,4.0003,4.0003,5,5,5.9997,5.9997,7.0002,7.0002,7.9998,7.9998,9.0003,8.9978,10,9.9983
0.7,0.99967,0.99967,2.0002,2.0002,2.9998,2.9998,4.0003,4.0003,5,5,5.9997,5.9997,7.0002,7.0002,7.9998,7.9998,9.0003,8.9978,10,9.9983
0.8,0.99967,0.99967,2.0002,2.0002,2.9998,2.9998,4.0003,4.0003,4.9983,5,5.9997,5.9997,7.0002,7.0002,7.9982,7.9998,9.0003,8.9978,10,9.9983
0.9,0.99967,0.99967,2.0002,2.0002,2.9998,2.9998,4.0003,4.0003,4.9983,5,5.9997,5.9997,7.0002,7.0002,7.9982,7.9998,8.9987,8.9978,9.9942,9.9983
1,0.99967,0.99967,2.0002,2.0002,2.9998,2.9998,4.0003,4.0003,4.9983,5,5.9997,5.9997,7.0002,6.9968,7.9982,7.9998,8.9987,8.9929,10,10
1.1,0.99967,0.99967,2.0002,2.0002,2.9998,2.9998,4.0003,4.0003,4.9983,5,5.9997,5.9997,7.0002,6.9968,7.9965,7.9965,8.9987,8.9929,10,10
1.2,0.99967,0.99967,2.0002,2.0002,2.9998,2.9998,4.0003,4.0003,4.9983,5,5.9972,5.9972,7.0002,6.9968,7.9965,7.9965,9.0003,8.9879,9.99,9.995
1.3,0.99967,0.99967,2.0002,2.0002,2.9998,2.9998,4.0003,4.0003,4.9983,5,5.9972,5.9972,7.0002,6.9977,7.9965,7.9965,9.0003,8.9879,9.99,9.995
1.4,0.99967,0.99967,2.0002,2.0002,2.9998,2.9998,4.0003,4.0003,4.9983,5,5.9972,5.9972,7.0002,6.9977,7.9965,7.994,8.9937,8.9787,9.9842,9.9784
1.5,0.99967,0.99967,2.0002,2.0002,2.9998,2.9998,3.9987,3.9987,4.9967,4.9975,5.9972,5.9972,7.0002,6.9977,7.9965,7.994,8.9937,8.9787,9.9842,9.9784
1.6,0.99967,0.99967,2.0002,2.0002,2.9998,2.9998,3.9987,3.9987,4.9967,4.9975,5.9997,5.9914,6.9952,6.9944,7.9816,7.9774,8.9771,8.9663,9.9643,9.9502
1.7,0.99967,0.99967,2.0002,2.0002,2.9998,2.9998,3.9987,3.9987,4.9967,4.9975,5.9997,5.9914,6.9952,6.9944,7.9816,7.9774,8.9771,8.9663,9.9643,9.9502
1.8,0.99967,0.99967,2.0002,2.0002,2.9998,2.9998,3.9987,3.9987,4.9967,4.9975,5.9997,5.9914,6.9952,6.9944,7.9816,7.9774,8.9771,8.9663,9.9477,9.9286
1.9,0.99967,0.99967,2.0002,2.0002,2.9998,2.9998,3.9987,3.9987,4.9967,4.9975,5.9997,5.9914,6.9811,6.991,7.9666,7.9525,8.9522,8.9239,9.9477,9.9286
2,0.99967,0.99967,2.0002,2.0002,2.9998,2.9998,3.9987,3.9987,4.9975,4.9975,5.9897,5.9947,6.9811,6.991,7.9666,7.9525,8.9522,8.9239,9.9477,9.9286
2.1,0.99967,0.99967,2.0002,2.0002,2.9998,2.9998,3.9987,3.9987,4.9975,4.995,5.9897,5.9947,6.9811,6.991,7.9666,7.9525,8.9273,8.8907,9.9186,9.9012
2.2,0.99967,0.99967,2.0002,2.0002,2.9998,2.9998,3.9987,3.9987,4.9975,4.995,5.9897,5.9947,6.9811,6.991,7.9234,7.9201,8.9273,8.8907,9.9186,9.9012
2.3,0.99967,0.99967,2.0002,2.0002,2.9982,2.9998,3.9987,3.9987,4.9975,4.995,5.9897,5.9947,6.9645,6.9819,7.9234,7.9201,8.9273,8.8907,9.8356,9.8647
2.4,0.99967,0.99967,2.0002,2.0002,2.9982,2.9998,3.9987,3.9987,4.9975,4.995,5.9739,5.9764,6.9645,6.9819,7.9234,7.9201,8.8658,8.8442,9.8356,9.8647
2.5,0.99967,0.99967,2.0002,2.0002,2.9982,2.9998,3.9987,3.9987,4.9975,4.995,5.9739,5.9764,6.9645,6.9819,7.8736,7.8662,8.8658,8.8442,9.7534,9.8099
2.6,0.99967,0.99967,2.0002,2.0002,2.9982,2.9998,3.9987,3.9987,4.9851,4.9851,5.9739,5.9764,6.9354,6.9819,7.8736,7.8662,8.8658,8.772,9.7534,9.8099
2.7,0.99967,0.99967,2.0002,1.9977,2.9982,2.9998,3.9987,3.9987,4.9851,4.9851,5.9739,5.9764,6.9354,6.9545,7.8736,7.7989,8.7911,8.772,9.6397,9.7393
2.8,0.99967,0.99967,2.0002,1.9977,2.9982,2.9998,3.9987,3.9987,4.9851,4.9851,5.9739,5.9764,6.9354,6.9545,7.818,7.7989,8.7911,8.6641,9.6397,9.7393
2.9,0.99967,0.99967,2.0002,1.9977,2.9982,2.9998,3.9954,3.9987,4.9851,4.9851,5.9739,5.9764,6.9354,6.9545,7.818,7.7989,8.6674,8.6641,9.5242,9.7393
3,0.99967,0.99967,2.0002,1.9977,2.9982,2.9998,3.9954,3.9962,4.9851,4.9851,5.9241,5.9606,6.8848,6.9545,7.818,7.7499,8.6674,8.6641,9.5242,9.6397
3.1,0.99967,0.99967,2.0002,1.9977,2.9982,2.9998,3.9954,3.9962,4.9851,4.9851,5.9241,5.9606,6.8848,6.9545,7.7333,7.7499,8.5428,8.5794,9.4055,9.6397
3.2,0.99967,0.99967,2.0002,1.9977,2.9982,2.9998,3.9954,3.9962,4.9851,4.9851,5.9241,5.9606,6.8848,6.9221,7.7333,7.7499,8.5428,8.5794,9.4055,9.5267
3.3,0.99967,0.99967,2.0002,1.9977,2.9982,2.9998,3.9954,3.9962,4.9626,4.9527,5.9241,5.9606,6.8848,6.9221,7.7333,7.6694,8.4274,8.4631,9.2835,9.5267
3.4,0.99967,0.99967,2.0002,1.9977,2.9982,2.9998,3.9954,3.9962,4.9626,4.9527,5.9241,5.9606,6.8848,6.9221,7.6387,7.6694,8.4274,8.4631,9.1681,9.4014
3.5,0.99967,0.99967,2.0002,1.9977,2.9982,2.9998,3.9954,3.9962,4.9626,4.9527,5.8677,5.9108,6.8158,6.9221,7.6387,7.6694,8.2913,8.3627,9.1681,9.4014
3.6,0.99967,0.99967,2.0002,1.9977,2.9982,2.9998,3.9954,3.9962,4.9626,4.9527,5.8677,5.9108,6.8158,6.9221,7.6387,7.5498,8.2913,8.3627,9.0319,9.2552
3.7,0.99967,0.99967,2.0002,1.9977,2.9924,2.9998,3.9954,3.9962,4.9626,4.9527,5.8677,5.9108,6.8158,6.8333,7.5316,7.5498,8.1767,8.2365,9.0319,9.1182
3.8,0.99967,0.99967,2.0002,1.9977,2.9924,2.9998,3.9954,3.9962,4.9626,4.9527,5.8677,5.9108,6.8158,6.8333,7.5316,7.5498,8.1767,8.2365,8.9073,9.1182
3.9,0.99967,0.99967,2.0002,1.9977,2.9924,2.9998,3.9954,3.9962,4.9626,4.9527,5.8677,5.9108,6.7353,6.8333,7.5316,7.4626,8.0264,8.1061,8.7687,8.963
4,0.99967,0.99967,2.0002,1.9977,2.9924,2.9998,3.9929,3.9962,4.9626,4.9527,5.7929,5.9108,6.7353,6.8333,7.4087,7.4626,7.9102,7.9666,8.7687,8.963
4.1,0.99967,0.99967,2.0002,1.9977,2.9924,2.9998,3.9929,3.9779,4.9278,4.8904,5.7929,5.8386,6.7353,6.7469,7.4087,7.4626,7.9102,7.9666,8.6184,8.8143
4.2,0.99967,0.99967,2.0002,1.9977,2.9924,2.9998,3.9929,3.9779,4.9278,4.8904,5.7929,5.8386,6.7353,6.7469,7.2999,7.3422,7.7574,7.8354,8.4457,8.64
4.3,0.99967,0.99967,2.0002,1.9977,2.9924,2.9998,3.9929,3.9779,4.9278,4.8904,5.7929,5.8386,6.6041,6.7469,7.2999,7.3422,7.6146,7.8354,8.4457,8.4615
4.4,0.99967,0.99967,2.0002,1.9977,2.9924,2.9998,3.9929,3.9779,4.9278,4.8904,5.7074,5.8386,6.6041,6.6274,7.2999,7.2335,7.6146,7.6744,8.3095,8.4615
4.5,0.99967,0.99967,2.0002,1.9977,2.9924,2.9998,3.9929,3.9779,4.9278,4.8904,5.7074,5.8386,6.6041,6.6274,7.1737,7.2335,7.4684,7.5291,8.18,8.3037
4.6,0.99967,0.99967,2.0002,1.9977,2.9924,2.9998,3.9929,3.9779,4.9278,4.8904,5.7074,5.8386,6.6041,6.6274,7.1737,7.2335,7.4684,7.5291,8.18,8.141
4.7,0.99967,0.99967,2.0002,1.9977,2.9924,2.9998,3.9929,3.9779,4.9278,4.8904,5.7074,5.8386,6.4962,6.6274,7.0575,7.1048,7.3505,7.3921,8.0654,7.9799
4.8,0.99967,0.99967,2.0002,1.9977,2.9924,2.9998,3.9929,3.9779,4.9278,4.8065,5.7074,5.7597,6.4962,6.4779,7.0575,7.1048,7.2235,7.2708,7.9276,7.8446
4.9,0.99967,0.99967,2.0002,1.9977,2.9924,2.9998,3.9929,3.9779,4.8472,4.8065,5.5903,5.7597,6.4962,6.4779,6.9238,6.9811,7.2235,7.2708,7.7939,7.6627
5,0.99967,0.99967,2.0002,1.9977,2.9924,2.9998,3.9929,3.9779,4.8472,4.8065,5.5903,5.7597,6.3393,6.4779,6.9238,6.9811,7.104,7.1529,7.7939,7.6627
5.1,0.99967,0.99967,2.0002,1.9977,2.9924,2.9998,3.9929,3.9779,4.8472,4.8065,5.5903,5.7597,6.3393,6.3625,6.781,6.8416,6.996,7.1529,7.6411,7.5224
5.2,0.99967,0.99967,2.0002,1.9977,2.9924,2.9998,3.9929,3.9779,4.8472,4.8065,5.5903,5.7597,6.3393,6.3625,6.781,6.8416,6.996,7.0234,7.4751,7.4037
5.3,0.99967,0.99967,2.0002,1.9977,2.9924,2.9998,3.9929,3.9779,4.8472,4.8065,5.5281,5.6601,6.2305,6.3625,6.6365,6.7453,6.9014,6.8897,7.3472,7.2667
5.4,0.99967,0.99967,2.0002,1.9977,2.9924,2.9998,3.9572,3.919,4.8472,4.7443,5.5281,5.6601,6.2305,6.262,6.6365,6.7453,6.9014,6.8897,7.3472,7.2667
5.5,0.99967,0.99967,2.0002,1.9977,2.9924,2.9998,3.9572,3.919,4.8472,4.7443,5.5281,5.6601,6.2305,6.262,6.6365,6.5908,6.7901,6.7718,7.2044,7.1612
5.6,0.99967,0.99967,2.0002,1.9977,2.9924,2.9998,3.9572,3.919,4.8472,4.7443,5.5281,5.6601,6.101,6.262,6.5111,6.5908,6.6755,6.7718,7.089,7.035
5.7,0.99967,0.99967,2.0002,1.9977,2.9924,2.9998,3.9572,3.919,4.7501,4.7443,5.4201,5.6601,6.101,6.1292,6.5111,6.463,6.6755,6.6548,6.9603,7.035
5.8,0.99967,0.99967,2.0002,1.9977,2.9924,2.9998,3.9572,3.919,4.7501,4.7443,5.4201,5.5189,6.101,6.1292,6.3899,6.463,6.5651,6.541,6.9603,6.9155
5.9,0.99967,0.99967,2.0002,1.9977,2.9924,2.9998,3.9572,3.919,4.7501,4.7443,5.4201,5.5189,5.998,5.9806,6.3899,6.3368,6.5651,6.541,6.8482,6.805
6,0.99967,0.99967,2.0002,1.9977,2.9758,2.9998,3.9572,3.919,4.7501,4.6787,5.4201,5.5189,5.998,5.9806,6.2687,6.3368,6.4779,6.4372,6.7693,6.7004
6.1,0.99967,0.99967,2.0002,1.9977,2.9758,2.9998,3.9572,3.919,4.7501,4.6787,5.3487,5.5189,5.998,5.9806,6.1483,6.2305,6.4779,6.4372,6.7693,6.7004
6.2,0.99967,0.99967,2.0002,1.9977,2.9758,2.9998,3.9572,3.919,4.7501,4.6787,5.3487,5.396,5.8826,5.8444,6.1483,6.2305,6.3434,6.3044,6.6573,6.6074
6.3,0.99967,0.99967,2.0002,1.9977,2.9758,2.9957,3.9572,3.919,4.7501,4.6787,5.3487,5.396,5.8826,5.8444,6.1483,6.1441,6.2396,6.1782,6.5394,6.6074
6.4,0.99967,0.99967,2.0002,1.9977,2.9758,2.9957,3.9572,3.919,4.6837,4.6787,5.2549,5.396,5.7796,5.7406,6.0586,6.1441,6.2396,6.1782,6.4123,6.5028
6.5,0.99967,0.99967,1.996,1.9977,2.9758,2.9957,3.9572,3.919,4.6837,4.6015,5.2549,5.396,5.7796,5.7406,6.0586,6.0204,6.1375,6.0561,6.4123,6.3916
6.6,0.99967,0.99967,1.996,1.9977,2.9758,2.9957,3.9572,3.919,4.6837,4.6015,5.2549,5.3197,5.7796,5.7406,5.9415,6.0204,6.1375,5.9573,6.2977,6.3916
6.7,0.99967,0.99967,1.996,1.9985,2.9758,2.9957,3.9572,3.919,4.6837,4.6015,5.2549,5.3197,5.6792,5.6634,5.9415,5.9075,6.0262,5.9573,6.2977,6.2911
6.8,0.99967,0.99967,1.996,1.9985,2.9758,2.9957,3.9572,3.8691,4.6837,4.6015,5.1312,5.3197,5.6792,5.6634,5.8486,5.9075,6.0262,5.8726,6.1981,6.2911
6.9,0.99967,0.99967,1.996,1.9985,2.9758,2.9957,3.9572,3.8691,4.6837,4.6015,5.1312,5.3197,5.6792,5.6634,5.8486,5.7796,5.9083,5.8726,6.1109,6.2164
7,0.99967,0.99967,1.996,1.9985,2.9758,2.9957,3.9057,3.8691,4.5849,4.5375,5.1312,5.2408,5.5704,5.5571,5.7697,5.7796,5.8203,5.7639,6.1109,6.1192
7.1,0.99967,0.99967,1.996,1.9985,2.9758,2.9957,3.9057,3.8691,4.5849,4.5375,5.1312,5.2408,5.5704,5.5571,5.7697,5.6916,5.8203,5.6783,6.037,6.1192
7.2,0.99967,0.99967,1.996,1.9985,2.9758,2.9957,3.9057,3.8691,4.5849,4.5375,5.0756,5.2408,5.4608,5.4799,5.6651,5.6916,5.7705,5.6783,6.037,6.0387
7.3,0.99967,0.99967,1.996,1.9985,2.9758,2.9957,3.9057,3.8691,4.5849,4.5375,5.0756,5.2408,5.4608,5.4799,5.6651,5.6078,5.7705,5.5804,5.9424,6.0387
7.4,0.99967,0.99967,1.996,1.9985,2.9758,2.9957,3.9057,3.8691,4.5849,4.5375,5.0756,5.2408,5.4608,5.4799,5.5613,5.6078,5.6891,5.5804,5.861,5.9598
7.5,0.99967,0.99967,1.996,1.9985,2.9758,2.9957,3.9057,3.8691,4.5849,4.5375,4.9851,5.1685,5.3454,5.367,5.5613,5.5048,5.6891,5.4824,5.861,5.9598
7.6,0.99967,0.99967,1.996,1.9985,2.9758,2.9957,3.9057,3.8691,4.5849,4.4719,4.9851,5.1685,5.3454,5.367,5.494,5.5048,5.592,5.4824,5.7722,5.8701
7.7,0.99967,0.99967,1.996,1.9985,2.9758,2.9957,3.9057,3.8691,4.5093,4.4719,4.9851,5.1685,5.2665,5.367,5.494,5.4118,5.592,5.3695,5.7722,5.8701
7.8,0.99967,0.99967,1.996,1.9985,2.9758,2.9957,3.9057,3.8691,4.5093,4.4719,4.9851,5.1685,5.2665,5.2948,5.4293,5.4118,5.4973,5.3695,5.7248,5.8004
7.9,0.99967,0.99967,1.996,1.9985,2.9758,2.9957,3.9057,3.8691,4.5093,4.4719,4.9253,5.0556,5.2665,5.2948,5.4293,5.4118,5.4973,5.2765,5.7248,5.8004
8,0.99967,0.99967,1.996,1.9985,2.9758,2.9957,3.9057,3.8691,4.5093,4.4719,4.9253,5.0556,5.1976,5.2018,5.4293,5.3114,5.4475,5.2765,5.6601,5.7282
8.1,0.99967,0.99967,1.996,1.9985,2.9758,2.9957,3.9057,3.8691,4.5093,4.4719,4.9253,5.0556,5.1976,5.2018,5.3753,5.3114,5.4475,5.2217,5.6601,5.7282
8.2,0.99967,0.99967,1.996,1.9985,2.9758,2.9957,3.9057,3.826,4.5093,4.3839,4.9253,5.0556,5.0756,5.2018,5.3753,5.2292,5.3703,5.2217,5.5795,5.6592
8.3,0.99967,0.99967,1.996,1.9985,2.9758,2.9957,3.9057,3.826,4.4288,4.3839,4.8863,4.9801,5.0756,5.1279,5.3753,5.2292,5.3703,5.2217,5.5795,5.6592
8.4,0.99967,0.99967,1.996,1.9985,2.9758,2.9957,3.9057,3.826,4.4288,4.3839,4.8863,4.9801,5.0756,5.1279,5.3222,5.1777,5.3246,5.1827,5.5372,5.592
8.5,0.99967,0.99967,1.996,1.9985,2.9758,2.9957,3.9057,3.826,4.4288,4.3839,4.8863,4.9801,5.0108,5.1279,5.3222,5.1777,5.3246,5.1827,5.5372,5.592
8.6,0.99967,0.99967,1.996,1.9985,2.9758,2.9957,3.9057,3.826,4.4288,4.3839,4.8863,4.8829,5.0108,5.049,5.2906,5.1088,5.3246,5.1453,5.4558,5.5447
8.7,0.99967,0.99967,1.996,1.9985,2.9758,2.9957,3.9057,3.826,4.4288,4.3839,4.8173,4.8829,5.0108,5.049,5.2906,5.1088,5.2881,5.1453,5.4558,5.5447
8.8,0.99967,0.99967,1.996,1.9985,2.9758,2.9957,3.8642,3.826,4.4288,4.3374,4.8173,4.8829,4.9452,4.9535,5.2906,5.1088,5.2881,5.0947,5.377,5.4832
8.9,0.99967,0.99967,1.996,1.9985,2.9758,2.9957,3.8642,3.826,4.3789,4.3374,4.8173,4.8829,4.9452,4.9535,5.2308,5.0996,5.2499,5.0947,5.377,5.4832
9,0.99967,0.99967,1.996,1.9985,2.9758,2.9957,3.8642,3.826,4.3789,4.3374,4.7376,4.7916,4.9452,4.9535,5.2308,5.0996,5.2499,5.0947,5.3064,5.4268
9.1,0.99967,0.99967,1.996,1.9985,2.9758,2.9957,3.8642,3.826,4.3789,4.3374,4.7376,4.7916,4.8863,4.9029,5.2308,5.0548,5.1685,5.0814,5.3064,5.4268
9.2,0.99967,0.99967,1.996,1.9985,2.9758,2.9957,3.8642,3.826,4.3789,4.3374,4.7376,4.7916,4.8863,4.9029,5.1818,5.0548,5.1685,5.0814,5.2591,5.3562
9.3,0.99967,0.99967,1.996,1.9985,2.9758,2.9957,3.8642,3.826,4.3789,4.3374,4.7376,4.7144,4.8863,4.9029,5.1818,5.0548,5.1262,5.0556,5.2591,5.3562
9.4,0.99967,0.99967,1.996,1.9985,2.9758,2.9957,3.8642,3.826,4.3789,4.305,4.6488,4.7144,4.8315,4.8256,5.1818,5.0141,5.1262,5.0556,5.1769,5.2898
9.5,0.99967,0.99967,1.996,1.9985,2.9758,2.9957,3.8642,3.777,4.3789,4.305,4.6488,4.7144,4.8315,4.8256,5.0855,5.0141,5.1262,5.0556,5.1769,5.2898
9.6,0.99967,0.99967,1.996,1.9985,2.9758,2.9957,3.8642,3.777,4.3258,4.305,4.6488,4.6338,4.8315,4.8256,5.0855,5.0141,5.0639,5.0166,5.1279,5.2358
9.7,0.99967,0.99967,1.996,1.9985,2.9758,2.9957,3.8642,3.777,4.3258,4.305,4.5674,4.6338,4.8148,4.7858,5.0855,4.9585,5.0639,5.0166,5.1279,5.2358
9.8,0.99967,0.99967,1.996,1.9985,2.9758,2.9957,3.8642,3.777,4.3258,4.305,4.5674,4.6338,4.8148,4.7858,5.0274,4.9585,5.0008,4.9568,5.093,5.1843
9.9,0.99967,0.99967,1.996,1.9985,2.9758,2.9957,3.8642,3.777,4.3258,4.305,4.5674,4.5533,4.8148,4.7409,5.0274,4.9153,5.0008,4.9568,5.093,5.1843
10,0.99967,0.99967,1.996,1.9985,2.9758,2.9957,3.8642,3.777,4.3258,4.305,4.5674,4.5533,4.8148,4.7409,4.9751,4.9153,5.0008,4.9568,5.044,5.1495
10.1,0.99967,0.99967,1.996,1.9985,2.9758,2.9957,3.8642,3.777,4.3258,4.266,4.5334,4.5533,4.7625,4.7409,4.9751,4.9153,4.956,4.9078,5.044,5.1495
10.2,0.99967,0.99967,1.996,1.9985,2.9758,2.9957,3.8642,3.777,4.3258,4.266,4.5334,4.5226,4.7625,4.7185,4.9751,4.8456,4.956,4.9078,5.0008,5.1495
10.3,0.99967,0.99967,1.996,1.9985,2.9758,2.9957,3.8642,3.777,4.2843,4.266,4.5334,4.5226,4.7144,4.7185,4.941,4.8456,4.912,4.9078,5.0008,5.1453
10.4,0.99967,0.99967,1.996,1.9985,2.9758,2.9957,3.8642,3.777,4.2843,4.266,4.5334,4.5226,4.7144,4.7185,4.941,4.8456,4.912,4.8829,5.0008,5.1453
10.5,0.99967,0.99967,1.996,1.9985,2.9758,2.9957,3.8642,3.777,4.2843,4.266,4.5002,4.4761,4.7144,4.7185,4.8896,4.8298,4.8721,4.8829,4.9693,5.1137
10.6,0.99967,0.99967,1.996,1.9985,2.9758,2.9957,3.8177,3.777,4.2843,4.266,4.5002,4.4761,4.692,4.6762,4.8896,4.8298,4.8721,4.8647,4.9693,5.1137
10.7,0.99967,0.99967,1.996,1.9985,2.9758,2.965,3.8177,3.7537,4.2843,4.266,4.5002,4.4761,4.692,4.6762,4.8896,4.7584,4.8572,4.8647,4.9817,5.1137
10.8,0.99967,0.99967,1.996,1.9985,2.9758,2.965,3.8177,3.7537,4.2843,4.266,4.5002,4.4263,4.692,4.6762,4.8838,4.7584,4.8572,4.8647,4.9817,5.0988
10.9,0.99967,0.99967,1.996,1.9985,2.9758,2.965,3.8177,3.7537,4.2212,4.2419,4.4562,4.4263,4.6446,4.6463,4.8838,4.7584,4.8572,4.8223,4.9817,5.0988
11,0.99967,0.99967,1.996,1.9985,2.9758,2.965,3.8177,3.7537,4.2212,4.2419,4.4562,4.4263,4.6446,4.6463,4.8838,4.7385,4.8248,4.8223,4.9734,5.0631
11.1,0.99967,0.99967,1.996,1.9985,2.9758,2.965,3.8177,3.7537,4.2212,4.2419,4.4562,4.4263,4.6446,4.6463,4.8871,4.7385,4.8248,4.8165,4.9734,5.0631
11.2,0.99967,0.99967,1.996,1.9985,2.9758,2.965,3.8177,3.7537,4.2212,4.2419,4.4387,4.4213,4.6006,4.6463,4.8871,4.7385,4.7825,4.8165,4.9958,5.0631
11.3,0.99967,0.99967,1.996,1.9985,2.9758,2.965,3.8177,3.7537,4.2212,4.2419,4.4387,4.4213,4.6006,4.6363,4.8871,4.7019,4.7825,4.8165,4.9958,5.0747
11.4,0.99967,0.99967,1.996,1.9985,2.9758,2.965,3.8177,3.7537,4.2212,4.2419,4.4387,4.4213,4.6006,4.6363,4.8962,4.7019,4.7584,4.8414,4.9867,5.0747
11.5,0.99967,0.99967,1.996,1.9985,2.9758,2.965,3.8177,3.7537,4.1896,4.2419,4.4387,4.3665,4.5691,4.6363,4.8962,4.7019,4.7584,4.8414,4.9867,5.0357
11.6,0.99967,0.99967,1.996,1.9985,2.9758,2.965,3.8177,3.7537,4.1896,4.2029,4.4229,4.3665,4.5691,4.6264,4.8962,4.6787,4.7584,4.8298,4.9867,5.0357
11.7,0.99967,0.99967,1.996,1.9985,2.9758,2.965,3.8177,3.7537,4.1896,4.2029,4.4229,4.3665,4.5691,4.6264,4.9053,4.6787,4.7791,4.8298,4.9842,5.0357
11.8,0.99967,0.99967,1.996,1.9985,2.9758,2.965,3.8177,3.7405,4.1896,4.2029,4.4229,4.3665,4.5782,4.6264,4.9053,4.6787,4.7791,4.8298,4.9842,5.034
11.9,0.99967,0.99967,1.996,1.9985,2.9758,2.965,3.7703,3.7405,4.1896,4.2029,4.4229,4.369,4.5782,4.6264,4.9053,4.643,4.736,4.8364,4.9701,5.034
12,0.99967,0.99967,1.996,1.9985,2.9758,2.965,3.7703,3.7405,4.1689,4.2029,4.364,4.369,4.5782,4.6023,4.8705,4.643,4.736,4.8364,4.9701,5.034
12.1,0.99967,0.99967,1.996,1.9985,2.9758,2.965,3.7703,3.7405,4.1689,4.2029,4.364,4.369,4.5624,4.6023,4.8705,4.643,4.736,4.8364,4.9701,5.0266
12.2,0.99967,0.99967,1.996,1.9985,2.9758,2.965,3.7703,3.7405,4.1689,4.2029,4.364,4.369,4.5624,4.6023,4.8705,4.6181,4.7551,4.8364,4.9792,5.0266
12.3,0.99967,0.99967,1.996,1.9985,2.9758,2.965,3.7703,3.7405,4.1689,4.1606,4.364,4.3607,4.5624,4.5873,4.8921,4.6181,4.7551,4.8364,4.9792,5.0465
12.4,0.99967,0.99967,1.996,1.9985,2.9758,2.965,3.7703,3.7405,4.1689,4.1606,4.3515,4.3607,4.5641,4.5873,4.8921,4.6181,4.7451,4.8381,4.9792,5.0465
12.5,0.99967,0.99967,1.996,1.9985,2.9758,2.965,3.7703,3.7405,4.1689,4.1606,4.3515,4.3607,4.5641,4.5873,4.8921,4.594,4.7451,4.8381,4.9992,5.0149
12.6,0.99967,0.99967,1.996,1.9985,2.9758,2.965,3.7703,3.7405,4.1265,4.1606,4.3515,4.3607,4.5641,4.594,4.907,4.594,4.7451,4.8381,4.9992,5.0149
12.7,0.99967,0.99967,1.996,1.9985,2.9758,2.965,3.7703,3.7405,4.1265,4.1606,4.3515,4.3316,4.5475,4.594,4.907,4.594,4.7144,4.8597,5.0033,5.0149
12.8,0.99967,0.99967,1.996,1.9985,2.9758,2.965,3.7703,3.7405,4.1265,4.1606,4.3059,4.3316,4.5475,4.594,4.907,4.594,4.7144,4.8597,5.0033,5.0208
12.9,0.99967,0.99967,1.996,1.9985,2.9758,2.965,3.7703,3.7405,4.1265,4.1008,4.3059,4.3316,4.5475,4.594,4.8771,4.5832,4.7036,4.8597,5.0033,5.0208
13,0.99967,0.99967,1.996,1.9985,2.9758,2.965,3.6915,3.7405,4.1265,4.1008,4.3059,4.33,4.5475,4.6006,4.8771,4.5832,4.7036,4.8672,5.0033,5.0274
13.1,0.99967,0.99967,1.996,1.9985,2.9758,2.965,3.6915,3.7205,4.1058,4.1008,4.3059,4.33,4.5409,4.6006,4.8771,4.5832,4.6986,4.8672,5.0033,5.0274
13.2,0.99967,0.99967,1.996,1.9985,2.9758,2.965,3.6915,3.7205,4.1058,4.1008,4.3026,4.33,4.5409,4.6006,4.897,4.5857,4.6986,4.8672,5.0158,5.0274
13.3,0.99967,0.99967,1.996,1.9985,2.9758,2.965,3.6915,3.7205,4.1058,4.1008,4.3026,4.33,4.5409,4.579,4.897,4.5857,4.6986,4.8954,5.0158,4.9983
13.4,0.99967,0.99967,1.996,1.9985,2.9758,2.965,3.6915,3.7205,4.1058,4.1008,4.3026,4.33,4.545,4.579,4.897,4.5857,4.6911,4.8954,5.0158,4.9983
13.5,0.99967,0.99967,1.996,1.9985,2.9758,2.965,3.6915,3.7205,4.1058,4.1108,4.3026,4.32,4.545,4.579,4.8738,4.5998,4.6911,4.8954,5.0066,4.9792
13.6,0.99967,0.99967,1.996,1.9985,2.9758,2.965,3.6915,3.7205,4.1091,4.1108,4.3026,4.32,4.545,4.5342,4.8738,4.5998,4.7351,4.9369,5.0066,4.9792
13.7,0.99967,0.99967,1.996,1.9985,2.9758,2.965,3.6915,3.7205,4.1091,4.1108,4.3026,4.32,4.5301,4.5342,4.8738,4.5998,4.7351,4.9369,5.0066,4.9709
13.8,0.99967,0.99967,1.996,1.9985,2.9758,2.965,3.6915,3.7205,4.1091,4.1108,4.3026,4.32,4.5301,4.5342,4.8547,4.6181,4.7318,4.9369,5.0382,4.9709
13.9,0.99967,0.99967,1.996,1.9985,2.9758,2.965,3.6915,3.7205,4.1091,4.1108,4.3026,4.3283,4.5301,4.5342,4.8547,4.6181,4.7318,4.9543,5.0382,4.9327
14,0.99967,0.99967,1.996,1.9985,2.9758,2.965,3.6715,3.7205,4.1091,4.1108,4.3026,4.3283,4.5359,4.5666,4.8273,4.6181,4.7318,4.9543,5.039,4.9327
14.1,0.99967,0.99967,1.996,1.9985,2.9758,2.965,3.6715,3.7205,4.1091,4.1074,4.3225,4.3283,4.5359,4.5666,4.8273,4.5998,4.7551,4.9543,5.039,4.9419
14.2,0.99967,0.99967,1.996,1.9985,2.9758,2.965,3.6715,3.7205,4.1108,4.1074,4.3225,4.3283,4.5359,4.5666,4.8273,4.5998,4.7551,4.951,5.0473,4.9419
14.3,0.99967,0.99967,1.996,1.9985,2.9758,2.965,3.6715,3.7064,4.1108,4.1074,4.3225,4.3283,4.55,4.5558,4.7858,4.5998,4.7542,4.951,5.0473,4.9419
14.4,0.99967,0.99967,1.996,1.9985,2.9758,2.965,3.6715,3.7064,4.1108,4.1074,4.3225,4.3283,4.55,4.5558,4.7858,4.5766,4.7542,4.946,5.0191,4.9427
14.5,0.99967,0.99967,1.996,1.9985,2.9758,2.965,3.6715,3.7064,4.1108,4.1074,4.3399,4.3283,4.55,4.5558,4.7858,4.5766,4.7542,4.946,5.0191,4.9427
14.6,0.99967,0.99967,1.996,1.9985,2.9758,2.965,3.6715,3.7064,4.1108,4.1074,4.3399,4.3283,4.5566,4.5674,4.785,4.5766,4.7493,4.946,5.0324,4.9394
14.7,0.99967,0.99967,1.996,1.9985,2.9758,2.965,3.6715,3.7064,4.0917,4.0709,4.3399,4.31,4.5566,4.5674,4.785,4.584,4.7493,4.9319,5.0324,4.9394
14.8,0.99967,0.99967,1.996,1.9985,2.9758,2.965,3.6715,3.7064,4.0917,4.0709,4.3399,4.31,4.5566,4.5674,4.7725,4.584,4.7409,4.9319,5.0324,4.9294
14.9,0.99967,0.99967,1.996,1.9985,2.9758,2.965,3.6715,3.7064,4.0917,4.0709,4.3391,4.31,4.5566,4.5674,4.7725,4.584,4.7409,4.9311,5.0307,4.9294
15,0.99967,0.99967,1.996,1.9985,2.9758,2.965,3.6715,3.7064,4.0917,4.0709,4.3391,4.31,4.5882,4.5923,4.7725,4.623,4.7401,4.9311,5.0307,4.9419
15.1,0.99967,0.99967,1.996,1.9985,2.9758,2.965,3.6292,3.7064,4.0576,4.0709,4.3391,4.31,4.5882,4.5923,4.7609,4.623,4.7401,4.9311,5.0249,4.9419
15.2,0.99967,0.99967,1.996,1.9985,2.9758,2.965,3.6292,3.7064,4.0576,4.0709,4.3391,4.3225,4.5882,4.5923,4.7609,4.623,4.7609,4.9601,5.0249,4.9361
15.3,0.99967,0.99967,1.996,1.9985,2.9758,2.965,3.6292,3.7064,4.0576,4.0709,4.3549,4.3225,4.6206,4.5923,4.7609,4.6413,4.7609,4.9601,5.0141,4.9361
15.4,0.99967,0.99967,1.996,1.9985,2.9758,2.965,3.6292,3.7064,4.0576,4.1133,4.3549,4.3225,4.6206,4.6239,4.77,4.6413,4.7609,4.9601,5.0141,4.9361
15.5,0.99967,0.99967,1.996,1.9985,2.9758,2.965,3.6292,3.7064,4.0576,4.1133,4.3549,4.3225,4.6206,4.6239,4.77,4.6413,4.7758,4.995,5.0448,4.9278
15.6,0.99967,0.99967,1.996,1.9985,2.9758,2.965,3.6292,3.7064,4.056,4.1133,4.3549,4.3275,4.6031,4.6239,4.77,4.6413,4.7758,4.995,5.0448,4.9278
15.7,0.99967,0.99967,1.996,1.9985,2.9758,2.965,3.6292,3.7214,4.056,4.1133,4.3549,4.3275,4.6031,4.6438,4.7933,4.6646,4.7941,5.0075,5.0448,4.9427
15.8,0.99967,0.99967,1.996,1.9985,2.9758,2.965,3.6292,3.7214,4.056,4.1133,4.3632,4.3275,4.6031,4.6438,4.7933,4.6646,4.7941,5.0075,5.0357,4.9427
15.9,0.99967,0.99967,1.996,1.9985,2.9758,2.965,3.6292,3.7214,4.056,4.1133,4.3632,4.3275,4.6031,4.6438,4.7933,4.6646,4.8381,5.0075,5.0357,4.922
16,0.99967,0.99967,1.996,1.9985,2.9758,2.965,3.6292,3.7214,4.056,4.1133,4.3632,4.3482,4.594,4.6438,4.7783,4.6853,4.8381,4.9983,5.0573,4.922
16.1,0.99967,0.99967,1.996,1.9985,2.9758,2.965,3.6292,3.7214,4.0468,4.1016,4.3632,4.3482,4.594,4.6563,4.7783,4.6853,4.8381,4.9983,5.0573,4.9585
16.2,0.99967,0.99967,1.996,1.9985,2.9425,2.9683,3.6292,3.7214,4.0468,4.1016,4.3698,4.3482,4.594,4.6563,4.7783,4.6853,4.8157,4.9867,5.0855,4.9585
16.3,0.99967,0.99967,1.996,1.9985,2.9425,2.9683,3.6076,3.7214,4.0468,4.1016,4.3698,4.3482,4.594,4.6563,4.7542,4.7194,4.8157,4.9867,5.0855,4.9585
16.4,0.99967,0.99967,1.996,1.9985,2.9425,2.9683,3.6076,3.7214,4.0468,4.1016,4.3698,4.3598,4.6056,4.6563,4.7542,4.7194,4.8157,4.9867,5.0855,4.9892
16.5,0.99967,0.99967,1.996,1.9985,2.9425,2.9683,3.6076,3.7214,4.0468,4.1016,4.3698,4.3598,4.6056,4.6878,4.7542,4.7194,4.8124,4.9552,5.1237,4.9892
16.6,0.99967,0.99967,1.996,1.9985,2.9425,2.9683,3.6076,3.7214,4.0468,4.1016,4.3698,4.3598,4.6056,4.6878,4.7409,4.7194,4.8124,4.9552,5.1237,5.0125
16.7,0.99967,0.99967,1.996,1.9985,2.9425,2.9683,3.6076,3.7214,4.0568,4.1016,4.3507,4.3598,4.5907,4.6878,4.7409,4.7791,4.7775,4.9535,5.1387,5.0125
16.8,0.99967,0.99967,1.996,1.9985,2.9425,2.9683,3.6076,3.7214,4.0568,4.0983,4.3507,4.3598,4.5907,4.6878,4.7409,4.7791,4.7775,4.9535,5.1387,4.9875
16.9,0.99967,0.99967,1.996,1.9985,2.9425,2.9683,3.6076,3.7214,4.0568,4.0983,4.3507,4.3756,4.5907,4.6803,4.7517,4.7791,4.78,4.9535,5.1387,4.9875
17,0.99967,0.99967,1.996,1.9985,2.9425,2.9683,3.6076,3.7214,4.0568,4.0983,4.3507,4.3756,4.5907,4.6803,4.7517,4.7924,4.78,4.9709,5.1719,5.0316
17.1,0.99967,0.99967,1.996,1.9985,2.9425,2.9683,3.6076,3.7214,4.0568,4.0983,4.3449,4.3756,4.5724,4.6803,4.7376,4.7924,4.78,4.9709,5.1719,5.0316
17.2,0.99967,0.99967,1.996,1.9985,2.9425,2.9683,3.6076,3.7263,4.0568,4.0983,4.3449,4.3756,4.5724,4.672,4.7376,4.7924,4.8099,4.9884,5.1719,5.0473
17.3,0.99967,0.99967,1.996,1.9985,2.9425,2.9683,3.5935,3.7263,4.0568,4.0983,4.3449,4.3399,4.5724,4.672,4.7376,4.7924,4.8099,4.9884,5.1719,5.0473
17.4,0.99967,0.99967,1.996,1.9985,2.9425,2.9683,3.5935,3.7263,4.0991,4.0983,4.3449,4.3399,4.5682,4.672,4.7202,4.8082,4.8298,4.9676,5.1719,5.0324
17.5,0.99967,0.99967,1.996,1.9985,2.9425,2.9683,3.5935,3.7263,4.0991,4.0917,4.3449,4.3399,4.5682,4.672,4.7202,4.8082,4.8298,4.9676,5.1752,5.0324
17.6,0.99967,0.99967,1.996,1.9985,2.9425,2.9683,3.5935,3.7263,4.0991,4.0917,4.3399,4.3399,4.5682,4.6886,4.7335,4.8082,4.8298,4.9676,5.1752,5.0324
17.7,0.99967,0.99967,1.996,1.9985,2.9425,2.9683,3.5935,3.7263,4.0991,4.0917,4.3399,4.2918,4.5666,4.6886,4.7335,4.7667,4.8132,4.9369,5.1445,5.0291
17.8,0.99967,0.99967,1.996,1.9985,2.9425,2.9683,3.5935,3.7263,4.0991,4.0917,4.3399,4.2918,4.5666,4.6886,4.7335,4.7667,4.8132,4.9369,5.1445,5.0291
17.9,0.99967,0.99967,1.996,1.9985,2.9425,2.9683,3.5935,3.7263,4.0991,4.0917,4.3399,4.2918,4.5666,4.6886,4.7393,4.7667,4.8406,4.9037,5.1586,5.0316
18,0.99967,0.99967,1.996,1.9985,2.9425,2.9683,3.5935,3.7263,4.0908,4.0917,4.3582,4.2918,4.5666,4.6754,4.7393,4.7991,4.8406,4.9037,5.1586,5.0316
18.1,0.99967,0.99967,1.996,1.9985,2.9425,2.9683,3.5935,3.7263,4.0908,4.0917,4.3582,4.2918,4.5375,4.6754,4.7393,4.7991,4.8406,4.9037,5.1586,5.0631
18.2,0.99967,0.99967,1.996,1.9985,2.9425,2.9683,3.5935,3.7263,4.0908,4.1365,4.3582,4.2918,4.5375,4.6754,4.7517,4.7991,4.8705,4.9112,5.1586,5.0631
18.3,0.99967,0.99967,1.996,1.9985,2.9425,2.9683,3.5935,3.7263,4.0908,4.1365,4.3582,4.2918,4.5375,4.6978,4.7517,4.8148,4.8705,4.9112,5.1586,5.034
18.4,0.99967,0.99967,1.996,1.9985,2.9425,2.9683,3.5935,3.7263,4.0908,4.1365,4.3765,4.2843,4.5417,4.6978,4.8082,4.8148,4.8705,4.9236,5.1644,5.034
18.5,0.99967,0.99967,1.996,1.9985,2.9425,2.9683,3.5802,3.7263,4.0908,4.1365,4.3765,4.2843,4.5417,4.6978,4.8082,4.8148,4.8854,4.9236,5.1644,5.0556
18.6,0.99967,0.99967,1.996,1.9985,2.9425,2.9683,3.5802,3.6931,4.0908,4.1365,4.3765,4.2843,4.5417,4.6978,4.8082,4.8148,4.8854,4.8987,5.1644,5.0556
18.7,0.99967,0.99967,1.996,1.9985,2.9425,2.9683,3.5802,3.6931,4.1016,4.1365,4.3765,4.2843,4.5525,4.6886,4.7941,4.8514,4.8854,4.8987,5.1644,5.0531
18.8,0.99967,0.99967,1.996,1.9985,2.9425,2.9683,3.5802,3.6931,4.1016,4.1365,4.3964,4.2718,4.5525,4.6886,4.7941,4.8514,4.8929,4.8871,5.1387,5.0531
18.9,0.99967,0.99967,1.996,1.9985,2.9425,2.9683,3.5802,3.6931,4.1016,4.1365,4.3964,4.2718,4.5525,4.6886,4.7941,4.8514,4.8929,4.8871,5.1387,5.0523
19,0.99967,0.99967,1.996,1.9985,2.9425,2.9683,3.5802,3.6931,4.1016,4.1473,4.3964,4.2718,4.5525,4.6886,4.8074,4.8738,4.9518,4.8871,5.1304,5.0523
19.1,0.99967,0.99967,1.996,1.9985,2.9425,2.9683,3.5802,3.6931,4.1016,4.1473,4.3964,4.2718,4.5051,4.6886,4.8074,4.8738,4.9518,4.8589,5.1304,5.0232
19.2,0.99967,0.99967,1.996,1.9985,2.9425,2.9683,3.5802,3.6931,4.1016,4.1473,4.3964,4.2419,4.5051,4.6886,4.8074,4.8738,4.9518,4.8589,5.1304,5.0232
19.3,0.99967,0.99967,1.996,1.9985,2.9425,2.9683,3.5802,3.6931,4.1174,4.1473,4.4088,4.2419,4.5051,4.6637,4.8356,4.8863,4.9743,4.868,5.0938,5.0224
19.4,0.99967,0.99967,1.996,1.9985,2.9425,2.9683,3.5802,3.6931,4.1174,4.1473,4.4088,4.2419,4.4877,4.6637,4.8356,4.8863,4.9743,4.868,5.0938,5.0224
19.5,0.99967,0.99967,1.996,1.9985,2.9425,2.9683,3.5802,3.6931,4.1174,4.1473,4.4088,4.2436,4.4877,4.6637,4.8356,4.8863,4.9743,4.8505,5.0797,5.039
19.6,0.99967,0.99967,1.996,1.9985,2.9425,2.9683,3.5802,3.6931,4.1174,4.09,4.4088,4.2436,4.4877,4.6322,4.8954,4.8755,4.9834,4.8505,5.0797,5.039
19.7,0.99967,0.99967,1.996,1.9985,2.9425,2.9683,3.5927,3.6931,4.1174,4.09,4.418,4.2436,4.4877,4.6322,4.8954,4.8755,4.9834,4.8505,5.1104,5.0316
19.8,0.99967,0.99967,1.996,1.9985,2.9517,2.9683,3.5927,3.6981,4.0875,4.09,4.418,4.2436,4.4977,4.6322,4.8954,4.8755,4.9834,4.8364,5.1104,5.0316
19.9,0.99967,0.99967,1.996,1.9985,2.9517,2.9683,3.5927,3.6981,4.0875,4.09,4.418,4.2527,4.4977,4.6363,4.8954,4.8854,5.0116,4.8364,5.1088,5.059
20,0.99967,0.99967,1.996,1.9985,2.9517,2.9683,3.5927,3.6981,4.0875,4.09,4.418,4.2527,4.4977,4.6363,4.9303,4.8854,5.0116,4.8124,5.1088,5.059
20.1,0.99967,0.99967,1.996,1.9985,2.9517,2.9683,3.5927,3.6981,4.0875,4.09,4.418,4.2527,4.5409,4.6363,4.9303,4.8854,5.0224,4.8124,5.0805,5.0789
20.2,0.99967,0.99967,1.996,1.9985,2.9517,2.9683,3.5927,3.6981,4.0875,4.0975,4.4329,4.2511,4.5409,4.6554,4.9303,4.8854,5.0224,4.7675,5.0805,5.0789
20.3,0.99967,0.99967,1.996,1.9985,2.9517,2.9683,3.5927,3.6981,4.1049,4.0975,4.4329,4.2511,4.5409,4.6554,4.9386,4.9053,5.0224,4.7675,5.0988,5.1129
20.4,0.99967,0.99967,1.996,1.9985,2.9517,2.9683,3.5927,3.6981,4.1049,4.0975,4.4329,4.2511,4.5409,4.6554,4.9386,4.9053,5.049,4.7966,5.0988,5.1129
20.5,0.99967,0.99967,1.996,1.9985,2.9517,2.9683,3.5927,3.6981,4.1049,4.0975,4.4329,4.2511,4.5284,4.6612,4.9386,4.9053,5.049,4.7966,5.0947,5.1578
20.6,0.99967,0.99967,1.996,1.9985,2.9517,2.9683,3.5927,3.6981,4.1049,4.0975,4.4329,4.2619,4.5284,4.6612,4.9826,4.9311,5.0772,4.7966,5.0947,5.1578
20.7,0.99967,0.99967,1.996,1.9985,2.9517,2.9683,3.5927,3.6981,4.1049,4.0975,4.4794,4.2619,4.5284,4.6612,4.9826,4.9311,5.0772,4.8381,5.0922,5.1901
20.8,0.99967,0.99967,1.996,1.9985,2.9517,2.9683,3.5927,3.6981,4.1049,4.1133,4.4794,4.2619,4.4977,4.6612,4.9826,4.9311,5.0772,4.8381,5.0922,5.1901
20.9,0.99967,0.99967,1.996,1.9985,2.9517,2.9683,3.6333,3.6915,4.1265,4.1133,4.4794,4.2619,4.4977,4.687,5.0017,4.951,5.0905,4.8381,5.103,5.1885
21,0.99967,0.99967,1.996,1.9985,2.9517,2.9683,3.6333,3.6915,4.1265,4.1133,4.4794,4.2677,4.4977,4.687,5.0017,4.951,5.0905,4.824,5.103,5.1885
21.1,0.99967,0.99967,1.996,1.9985,2.9517,2.9683,3.6333,3.6915,4.1265,4.1133,4.4786,4.2677,4.4977,4.687,5.0017,4.951,5.0731,4.824,5.127,5.1586
21.2,0.99967,0.99967,1.996,1.9985,2.9517,2.9683,3.6333,3.6915,4.1265,4.1133,4.4786,4.2677,4.5317,4.6878,5.0017,4.9136,5.0731,4.8373,5.127,5.1586
21.3,0.99967,0.99967,1.996,1.9985,2.9517,2.9683,3.6333,3.6915,4.1265,4.1133,4.4786,4.2677,4.5317,4.6878,5.0091,4.9136,5.0614,4.8373,5.1619,5.1893
21.4,0.99967,0.99967,1.996,1.9985,2.9517,2.9683,3.6333,3.6915,4.1265,4.1133,4.4786,4.2918,4.5317,4.6878,5.0091,4.9136,5.0614,4.8373,5.1619,5.1893
21.5,0.99967,0.99967,1.996,1.9985,2.9517,2.9683,3.6333,3.6915,4.1265,4.1133,4.4711,4.2918,4.5234,4.6878,5.0241,4.9136,5.0614,4.8431,5.1744,5.2034
21.6,0.99967,0.99967,1.996,1.9985,2.9517,2.9683,3.6333,3.6915,4.1274,4.1133,4.4711,4.2918,4.5234,4.6687,5.0241,4.9178,5.049,4.8431,5.1744,5.2034
21.7,0.99967,0.99967,1.996,1.9985,2.9517,2.9484,3.6333,3.6915,4.1274,4.1133,4.4711,4.2635,4.5234,4.6687,5.0241,4.9178,5.049,4.8431,5.1793,5.2051
21.8,0.99967,0.99967,1.996,1.9985,2.9517,2.9484,3.6333,3.6915,4.1274,4.1133,4.4711,4.2635,4.5234,4.6687,5.0083,4.9178,5.0058,4.8655,5.1793,5.2051
21.9,0.99967,0.99967,1.996,1.9985,2.9517,2.9484,3.6333,3.6915,4.1274,4.1066,4.4719,4.2635,4.5201,4.6363,5.0083,4.917,5.0058,4.8655,5.1968,5.2308
22,0.99967,0.99967,1.996,1.9985,2.9517,2.9484,3.6342,3.6873,4.1274,4.1066,4.4719,4.2635,4.5201,4.6363,5.0083,4.917,4.9859,4.8605,5.1968,5.2308
22.1,0.99967,0.99967,1.996,1.9985,2.9517,2.9484,3.6342,3.6873,4.1274,4.1066,4.4719,4.2843,4.5201,4.6363,5.0133,4.917,4.9859,4.8605,5.1744,5.2275
22.2,0.99967,0.99967,1.996,1.9985,2.9517,2.9484,3.6342,3.6873,4.129,4.1066,4.4719,4.2843,4.5201,4.6015,5.0133,4.9029,4.9859,4.8605,5.1744,5.2275
22.3,0.99967,0.99967,1.996,1.9985,2.9517,2.9484,3.6342,3.6873,4.129,4.1066,4.4844,4.2843,4.5201,4.6015,5.0133,4.9029,4.9792,4.8514,5.1885,5.2275
22.4,0.99967,0.99967,1.996,1.9985,2.9517,2.9484,3.6342,3.6873,4.129,4.1066,4.4844,4.2843,4.5201,4.6015,5.0158,4.9029,4.9792,4.8514,5.1885,5.2341
22.5,0.99967,0.99967,1.996,1.9985,2.9517,2.9484,3.6342,3.6873,4.129,4.1066,4.4844,4.261,4.5201,4.6172,5.0158,4.8755,4.9502,4.8547,5.1611,5.2341
22.6,0.99967,0.99967,1.996,1.9985,2.9517,2.9484,3.6342,3.6873,4.129,4.1141,4.4844,4.261,4.5201,4.6172,5.0158,4.8755,4.9502,4.8547,5.1611,5.1959
22.7,0.99967,0.99967,1.996,1.9985,2.9517,2.9484,3.6342,3.6873,4.1149,4.1141,4.4935,4.261,4.5201,4.6172,5.0149,4.8755,4.9585,4.8547,5.1918,5.1959
22.8,0.99967,0.99967,1.996,1.9985,2.9517,2.9484,3.6342,3.6873,4.1149,4.1141,4.4935,4.261,4.5201,4.6172,5.0149,4.8688,4.9585,4.8946,5.1918,5.2043
22.9,0.99967,0.99967,1.996,1.9985,2.9517,2.9484,3.6342,3.6873,4.1149,4.1141,4.4935,4.2843,4.5492,4.6006,4.9784,4.8688,4.9585,4.8946,5.2059,5.2043
23,0.99967,0.99967,1.996,1.9985,2.9517,2.9484,3.6342,3.6873,4.1149,4.1141,4.4603,4.2843,4.5492,4.6006,4.9784,4.8688,4.907,4.8954,5.2059,5.1777
23.1,0.99967,0.99967,1.996,1.9985,2.9517,2.9484,3.6342,3.6591,4.1149,4.1141,4.4603,4.2843,4.5492,4.6006,4.9784,4.8663,4.907,4.8954,5.23,5.1777
23.2,0.99967,0.99967,1.996,1.9985,2.9517,2.9484,3.625,3.6591,4.1149,4.1224,4.4603,4.2843,4.5492,4.6114,4.9452,4.8663,4.8746,4.8954,5.23,5.1503
23.3,0.99967,0.99967,1.996,1.9985,2.9517,2.9484,3.625,3.6591,4.1174,4.1224,4.4603,4.2743,4.5682,4.6114,4.9452,4.8663,4.8746,4.9178,5.2607,5.1503
23.4,0.99967,0.99967,1.996,1.9985,2.9517,2.9484,3.625,3.6591,4.1174,4.1224,4.4429,4.2743,4.5682,4.6114,4.9469,4.8456,4.8622,4.9178,5.2607,5.1295
23.5,0.99967,0.99967,1.996,1.9985,2.9517,2.9484,3.625,3.6591,4.1174,4.1224,4.4429,4.2743,4.5682,4.6006,4.9469,4.8456,4.8622,4.941,5.2773,5.1295
23.6,0.99967,0.99967,1.996,1.9985,2.9517,2.9484,3.625,3.6591,4.1174,4.1224,4.4429,4.2743,4.5682,4.6006,4.9469,4.8157,4.8364,4.941,5.2773,5.1611
23.7,0.99967,0.99967,1.996,1.9985,2.9517,2.9484,3.625,3.6591,4.1174,4.1224,4.4429,4.3134,4.5824,4.6006,4.917,4.8157,4.8364,4.941,5.2375,5.1611
23.8,0.99967,0.99967,1.996,1.9985,2.9517,2.9484,3.625,3.6591,4.1174,4.1224,4.4196,4.3134,4.5824,4.6006,4.917,4.8157,4.829,4.9983,5.2375,5.1503
23.9,0.99967,0.99967,1.996,1.9985,2.9517,2.9484,3.625,3.6591,4.1265,4.149,4.4196,4.3134,4.5824,4.5898,4.917,4.8281,4.829,4.9983,5.2217,5.1503
24,0.99967,0.99967,1.996,1.9985,2.9517,2.9484,3.625,3.6591,4.1265,4.149,4.4196,4.3134,4.6114,4.5898,4.9153,4.8281,4.829,4.9983,5.2217,5.1337
24.1,0.99967,0.99967,1.996,1.9985,2.9401,2.9484,3.625,3.6508,4.1265,4.149,4.4196,4.3134,4.6114,4.5898,4.9153,4.8281,4.7999,5.0133,5.2424,5.1337
24.2,0.99967,0.99967,1.996,1.9985,2.9401,2.9484,3.625,3.6508,4.1265,4.149,4.4404,4.3324,4.6114,4.594,4.9377,4.8132,4.7999,5.0133,5.2424,5.1154
24.3,0.99967,0.99967,1.996,1.9985,2.9401,2.9484,3.625,3.6508,4.1265,4.149,4.4404,4.3324,4.6114,4.594,4.9377,4.8132,4.7891,5.0133,5.2499,5.1154
24.4,0.99967,0.99967,1.996,1.9985,2.9401,2.9484,3.6749,3.6508,4.1265,4.149,4.4404,4.3324,4.5724,4.594,4.9377,4.8132,4.7891,5.0257,5.2499,5.088
24.5,0.99967,0.99967,1.996,1.9985,2.9401,2.9484,3.6749,3.6508,4.1265,4.149,4.4404,4.3324,4.5724,4.5824,4.9186,4.8132,4.8132,5.0257,5.2449,5.088
24.6,0.99967,0.99967,1.996,1.9985,2.9401,2.9484,3.6749,3.6508,4.1307,4.1407,4.4404,4.3324,4.5724,4.5824,4.9186,4.8132,4.8132,5.0058,5.2449,5.088
24.7,0.99967,0.99967,1.996,1.9985,2.9401,2.9484,3.6749,3.6508,4.1307,4.1407,4.4404,4.3682,4.5724,4.5824,4.9186,4.7957,4.8132,5.0058,5.24,5.1046
24.8,0.99967,0.99967,1.996,1.9985,2.9401,2.9484,3.6749,3.6508,4.1307,4.1407,4.4404,4.3682,4.5741,4.5824,4.8937,4.7957,4.8074,5.0058,5.24,5.1046
24.9,0.99967,0.99967,1.996,1.9985,2.9401,2.9484,3.6749,3.6508,4.1307,4.1407,4.4404,4.3682,4.5741,4.5923,4.8937,4.7957,4.8074,5.0232,5.235,5.0839
25,0.99967,0.99967,1.996,1.9985,2.9401,2.9484,3.6749,3.6508,4.1307,4.1407,4.4404,4.3682,4.5741,4.5923,4.8937,4.7966,4.8348,5.0232,5.235,5.0839
25.1,0.99967,0.99967,1.996,1.9985,2.9401,2.9484,3.6749,3.6508,4.1307,4.1407,4.4263,4.3682,4.6106,4.5923,4.868,4.7966,4.8348,4.9975,5.2325,5.0731
25.2,0.99967,0.99967,1.996,1.9985,2.9401,2.9484,3.6749,3.6508,4.1307,4.144,4.4263,4.3482,4.6106,4.6131,4.868,4.7966,4.8057,4.9975,5.2325,5.0731
25.3,0.99967,0.99967,1.996,1.9985,2.9401,2.9484,3.6749,3.679,4.1373,4.144,4.4263,4.3482,4.6106,4.6131,4.8464,4.8016,4.8057,4.9975,5.2051,5.0731
25.4,0.99967,0.99967,1.996,1.9985,2.9401,2.9484,3.6749,3.679,4.1373,4.144,4.4263,4.3482,4.6106,4.6131,4.8464,4.8016,4.7825,4.9826,5.2051,5.0805
25.5,0.99967,0.99967,1.996,1.9985,2.9401,2.9484,3.6873,3.679,4.1373,4.144,4.4454,4.3482,4.6156,4.6305,4.8464,4.8016,4.7825,4.9826,5.1793,5.0805
25.6,0.99967,0.99967,1.996,1.9985,2.9401,2.9484,3.6873,3.679,4.1373,4.144,4.4454,4.3482,4.6156,4.6305,4.8555,4.7899,4.7825,4.9593,5.1793,5.0648
25.7,0.99967,0.99967,1.996,1.9985,2.9401,2.9484,3.6873,3.679,4.1373,4.144,4.4454,4.3482,4.6156,4.6305,4.8555,4.7899,4.78,4.9593,5.1362,5.0648
25.8,0.99967,0.99967,1.996,1.9985,2.9401,2.9484,3.6873,3.679,4.1373,4.144,4.4454,4.3482,4.6156,4.6305,4.8273,4.7899,4.78,4.9593,5.1362,5.0905
25.9,0.99967,0.99967,1.996,1.9985,2.9401,2.9484,3.6873,3.679,4.1373,4.1871,4.4205,4.3482,4.5741,4.6538,4.8273,4.824,4.78,4.9419,5.1187,5.0905
26,0.99967,0.99967,1.996,1.9985,2.9401,2.9484,3.6873,3.679,4.1373,4.1871,4.4205,4.3482,4.5741,4.6538,4.8273,4.824,4.78,4.9419,5.1187,5.1121
26.1,0.99967,0.99967,1.996,1.9985,2.9401,2.9484,3.6873,3.679,4.1373,4.1871,4.4205,4.3482,4.5741,4.6538,4.8721,4.824,4.78,4.9684,5.1221,5.1121
26.2,0.99967,0.99967,1.996,1.9985,2.9401,2.9484,3.6873,3.679,4.1373,4.1871,4.4205,4.3557,4.6322,4.6862,4.8721,4.8373,4.8024,4.9684,5.1221,5.1162
26.3,0.99967,0.99967,1.996,1.9985,2.9401,2.9484,3.6873,3.679,4.1373,4.1871,4.4105,4.3557,4.6322,4.6862,4.8721,4.8373,4.8024,4.9477,5.0772,5.1162
26.4,0.99967,0.99967,1.996,1.9985,2.9401,2.9442,3.6873,3.679,4.1373,4.1871,4.4105,4.3557,4.6322,4.6862,4.858,4.8373,4.7916,4.9477,5.0772,5.1162
26.5,0.99967,0.99967,1.996,1.9985,2.9401,2.9442,3.6873,3.718,4.1373,4.1871,4.4105,4.3557,4.6322,4.6862,4.858,4.8447,4.7916,4.9477,5.0432,5.0764
26.6,0.99967,0.99967,1.996,1.9985,2.9401,2.9442,3.6873,3.718,4.1805,4.1946,4.4105,4.3291,4.6538,4.7011,4.8472,4.8447,4.7933,4.8896,5.0432,5.0764
26.7,0.99967,0.99967,1.996,1.9985,2.9401,2.9442,3.6873,3.718,4.1805,4.1946,4.4105,4.3291,4.6538,4.7011,4.8472,4.8447,4.7933,4.8896,4.9909,5.093
26.8,0.99967,0.99967,1.996,1.9985,2.9401,2.9442,3.6873,3.718,4.1805,4.1946,4.4346,4.3291,4.6538,4.7011,4.8472,4.8613,4.7933,4.8763,4.9909,5.093
26.9,0.99967,0.99967,1.996,1.9985,2.9401,2.9442,3.7014,3.718,4.1805,4.1946,4.4346,4.3291,4.6538,4.721,4.8489,4.8613,4.8016,4.8763,4.9577,5.0905
27,0.99967,0.99967,1.996,1.9985,2.9401,2.9442,3.7014,3.718,4.1805,4.1946,4.4346,4.3233,4.6945,4.721,4.8489,4.8613,4.8016,4.8904,4.9577,5.0905
27.1,0.99967,0.99967,1.996,1.9985,2.9401,2.9442,3.7014,3.718,4.1805,4.1946,4.4346,4.3233,4.6945,4.721,4.8339,4.8755,4.8182,4.8904,4.9244,5.1096
27.2,0.99967,0.99967,1.996,1.9985,2.9401,2.9442,3.7014,3.718,4.2237,4.1946,4.4346,4.3233,4.6945,4.6745,4.8339,4.8755,4.8182,4.8904,4.9303,5.1096
27.3,0.99967,0.99967,1.996,1.9985,2.9401,2.9442,3.7014,3.718,4.2237,4.1946,4.4603,4.3233,4.6945,4.6745,4.8339,4.8755,4.8182,4.8829,4.9303,5.1096
27.4,0.99967,0.99967,1.996,1.9985,2.9401,2.9442,3.7014,3.718,4.2237,4.1847,4.4603,4.3698,4.7077,4.6745,4.8107,4.8555,4.8248,4.8829,4.9485,5.0722
27.5,0.99967,0.99967,1.996,1.9985,2.9401,2.9442,3.7014,3.718,4.2237,4.1847,4.4603,4.3698,4.7077,4.6031,4.8107,4.8555,4.8248,4.8829,4.9485,5.0722
27.6,0.99967,0.99967,1.996,1.9985,2.9401,2.9442,3.7014,3.718,4.2237,4.1847,4.4603,4.3698,4.7077,4.6031,4.8107,4.8555,4.809,4.8829,4.9485,5.1104
27.7,0.99967,0.99967,1.996,1.9985,2.9401,2.9442,3.7014,3.718,4.1988,4.1847,4.4603,4.3698,4.7077,4.6031,4.7949,4.8215,4.809,4.8198,4.9601,5.1104
27.8,0.99967,0.99967,1.996,1.9985,2.9401,2.9442,3.7014,3.7255,4.1988,4.1847,4.4802,4.3623,4.7127,4.6089,4.7949,4.8215,4.809,4.8198,4.9601,5.1187
27.9,0.99967,0.99967,1.996,1.9985,2.9401,2.9442,3.7014,3.7255,4.1988,4.1847,4.4802,4.3623,4.7127,4.6089,4.7883,4.8215,4.8041,4.8414,4.9394,5.1187
28,0.99967,0.99967,1.996,1.9985,2.9401,2.9442,3.7014,3.7255,4.1988,4.1539,4.4802,4.3623,4.7127,4.5923,4.7883,4.7775,4.8041,4.8414,4.9394,5.0938
28.1,0.99967,0.99967,1.996,1.9985,2.9401,2.9442,3.7014,3.7255,4.1988,4.1539,4.4802,4.3623,4.7102,4.5923,4.7883,4.7775,4.8041,4.8414,4.917,5.0938
28.2,0.99967,0.99967,1.996,1.9985,2.9401,2.9442,3.7014,3.7255,4.1988,4.1539,4.4802,4.3598,4.7102,4.5923,4.7675,4.7559,4.7941,4.8456,4.917,5.0938
28.3,0.99967,0.99967,1.996,1.9985,2.9401,2.9442,3.7014,3.7255,4.1921,4.1539,4.4462,4.3598,4.7102,4.5624,4.7675,4.7559,4.7941,4.8456,4.9568,5.0996
28.4,0.99967,0.99967,1.996,1.9985,2.9401,2.9442,3.7014,3.7255,4.1921,4.1539,4.4462,4.3598,4.7102,4.5624,4.7675,4.7559,4.8065,4.8215,4.9568,5.0996
28.5,0.99967,0.99967,1.996,1.9985,2.9401,2.9442,3.7014,3.7255,4.1921,4.1539,4.4462,4.3598,4.7094,4.5624,4.7767,4.7418,4.8065,4.8215,4.9303,5.0971
28.6,0.99967,0.99967,1.996,1.9985,2.9401,2.9442,3.7014,3.7255,4.1921,4.1398,4.4462,4.3848,4.7094,4.5624,4.7767,4.7418,4.8065,4.8414,4.9303,5.0971
28.7,0.99967,0.99967,1.996,1.9985,2.9401,2.9442,3.7014,3.7255,4.1921,4.1398,4.4462,4.3848,4.7094,4.5624,4.7767,4.7418,4.8315,4.8414,4.9502,5.0864
28.8,0.99967,0.99967,1.996,1.9985,2.9401,2.9442,3.7014,3.7255,4.1465,4.1398,4.462,4.3848,4.7094,4.5624,4.7982,4.7634,4.8315,4.8414,4.9502,5.0864
28.9,0.99967,0.99967,1.996,1.9985,2.9401,2.9442,3.7014,3.7255,4.1465,4.1398,4.462,4.3848,4.7285,4.5599,4.7982,4.7634,4.8389,4.8414,4.9502,5.1063
29,0.99967,0.99967,1.996,1.9985,2.9401,2.9442,3.7014,3.7155,4.1465,4.1398,4.462,4.3848,4.7285,4.5599,4.7982,4.7634,4.8389,4.8414,4.9826,5.1063
29.1,0.99967,0.99967,1.996,1.9985,2.9401,2.9442,3.7014,3.7155,4.1465,4.1398,4.462,4.3955,4.7285,4.589,4.7916,4.7683,4.8389,4.8165,4.9826,5.0614
29.2,0.99967,0.99967,1.996,1.9985,2.9401,2.9442,3.7014,3.7155,4.1465,4.124,4.452,4.3955,4.7285,4.589,4.7916,4.7683,4.8497,4.8165,4.9684,5.0614
29.3,0.99967,0.99967,1.996,1.9985,2.9401,2.9442,3.7014,3.7155,4.1415,4.124,4.452,4.3955,4.7559,4.589,4.7916,4.7683,4.8497,4.8339,4.9684,5.0523
29.4,0.99967,0.99967,1.996,1.9985,2.9401,2.9442,3.6873,3.7155,4.1415,4.124,4.452,4.3955,4.7559,4.5956,4.8049,4.7742,4.8248,4.8339,5.0216,5.0523
29.5,0.99967,0.99967,1.996,1.9985,2.9401,2.9442,3.6873,3.7155,4.1415,4.124,4.452,4.3955,4.7559,4.5956,4.8049,4.7742,4.8248,4.8447,5.0216,5.0399
29.6,0.99967,0.99967,1.996,1.9985,2.9401,2.9442,3.6873,3.7155,4.1415,4.124,4.4296,4.3839,4.7484,4.5956,4.8049,4.7742,4.8248,4.8447,5.0216,5.0399
29.7,0.99967,0.99967,1.996,1.9985,2.9401,2.9442,3.6873,3.7155,4.1415,4.124,4.4296,4.3839,4.7484,4.5832,4.8049,4.7874,4.8024,4.8597,5.0473,5.0399
29.8,0.99967,0.99967,1.996,1.9985,2.9401,2.9442,3.6873,3.7155,4.1415,4.1282,4.4296,4.3839,4.7484,4.5832,4.8124,4.7874,4.8024,4.8597,5.0473,5.0498
29.9,0.99967,0.99967,1.996,1.9985,2.9401,2.9442,3.6873,3.7155,4.1407,4.1282,4.4296,4.3839,4.7484,4.5832,4.8124,4.7476,4.7966,4.8597,5.0581,5.0498
30,0.99967,0.99967,1.996,1.9985,2.9401,2.9442,3.6873,3.7155,4.1407,4.1282,4.4296,4.3839,4.7086,4.5608,4.8124,4.7476,4.7966,4.8505,5.0581,5.0174
30.1,0.99967,0.99967,1.996,1.9985,2.9401,2.9442,3.6873,3.7155,4.1407,4.1282,4.4462,4.3773,4.7086,4.5608,4.8273,4.7476,4.7966,4.8505,5.0839,5.0174
30.2,0.99967,0.99967,1.996,1.9985,2.9401,2.9442,3.6873,3.7155,4.1407,4.1282,4.4462,4.3773,4.7086,4.5608,4.8273,4.7285,4.7949,4.8223,5.0839,5.0125
30.3,0.99967,0.99967,1.996,1.9985,2.9401,2.9442,3.6873,3.7139,4.1407,4.1282,4.4462,4.3773,4.6953,4.5002,4.8273,4.7285,4.7949,4.8223,5.0839,5.0125
30.4,0.99967,0.99967,1.996,1.9985,2.9401,2.9367,3.6873,3.7139,4.1282,4.1166,4.4462,4.3773,4.6953,4.5002,4.8439,4.7285,4.7858,4.824,5.1337,4.9967
30.5,0.99967,0.99967,1.996,1.9985,2.9401,2.9367,3.674,3.7139,4.1282,4.1166,4.4777,4.4063,4.6953,4.5002,4.8439,4.7202,4.7858,4.824,5.1337,4.9967
30.6,0.99967,0.99967,1.996,1.9985,2.9401,2.9367,3.674,3.7139,4.1282,4.1166,4.4777,4.4063,4.7028,4.5068,4.8439,4.7202,4.7858,4.824,5.1129,4.9942
30.7,0.99967,0.99967,1.996,1.9985,2.9401,2.9367,3.674,3.7139,4.1282,4.1166,4.4777,4.4063,4.7028,4.5068,4.8439,4.7202,4.7625,4.8489,5.1129,4.9942
30.8,0.99967,0.99967,1.996,1.9985,2.9401,2.9367,3.674,3.7139,4.1282,4.1166,4.4777,4.4063,4.7028,4.5068,4.8663,4.7443,4.7625,4.8489,5.1054,4.9867
30.9,0.99967,0.99967,1.996,1.9985,2.9401,2.9367,3.674,3.7139,4.1282,4.1166,4.506,4.4063,4.6712,4.5242,4.8663,4.7443,4.7625,4.8348,5.1054,4.9867
31,0.99967,0.99967,1.996,1.9985,2.9401,2.9367,3.674,3.7139,4.1216,4.1199,4.506,4.4636,4.6712,4.5242,4.8663,4.7443,4.7725,4.8348,5.0681,5.0017
31.1,0.99967,0.99967,1.996,1.9985,2.9401,2.9367,3.674,3.7139,4.1216,4.1199,4.506,4.4636,4.6712,4.5242,4.8414,4.775,4.7725,4.8348,5.0681,5.0017
31.2,0.99967,0.99967,1.996,1.9985,2.9401,2.9367,3.674,3.7139,4.1216,4.1199,4.506,4.4636,4.6812,4.5201,4.8414,4.775,4.785,4.8555,5.0664,5.0299
31.3,0.99967,0.99967,1.996,1.9985,2.9401,2.9367,3.674,3.7139,4.1216,4.1199,4.506,4.4636,4.6812,4.5201,4.8414,4.775,4.785,4.8555,5.0664,5.0299
31.4,0.99967,0.99967,1.996,1.9985,2.9401,2.9367,3.674,3.7139,4.1216,4.1199,4.5168,4.4761,4.6812,4.5201,4.8439,4.775,4.7509,4.8597,5.0482,5.0415
31.5,0.99967,0.99967,1.996,1.9985,2.9401,2.9367,3.674,3.7139,4.1216,4.1199,4.5168,4.4761,4.6413,4.5076,4.8439,4.775,4.7509,4.8597,5.0482,5.0415
31.6,0.99967,0.99967,1.996,1.9985,2.9401,2.9367,3.645,3.7139,4.1216,4.1091,4.5168,4.4761,4.6413,4.5076,4.8439,4.809,4.7509,4.8597,5.0482,5.0581
31.7,0.99967,0.99967,1.996,1.9985,2.9401,2.9367,3.645,3.694,4.1066,4.1091,4.5168,4.4761,4.6413,4.5076,4.8779,4.809,4.7617,4.8954,5.083,5.0581
31.8,0.99967,0.99967,1.996,1.9985,2.9401,2.9367,3.645,3.694,4.1066,4.1091,4.5168,4.4761,4.6147,4.5035,4.8779,4.809,4.7617,4.8954,5.083,5.0673
31.9,0.99967,0.99967,1.996,1.9985,2.9401,2.9367,3.645,3.694,4.1066,4.1091,4.5168,4.501,4.6147,4.5035,4.8779,4.8065,4.7576,4.9053,5.0864,5.0673
32,0.99967,0.99967,1.996,1.9985,2.9401,2.9367,3.645,3.694,4.1066,4.1091,4.5168,4.501,4.6147,4.5035,4.9112,4.8065,4.7576,4.9053,5.0864,5.1054
32.1,0.99967,0.99967,1.996,1.9985,2.9401,2.9367,3.645,3.694,4.1066,4.1091,4.5168,4.501,4.5782,4.4836,4.9112,4.8065,4.7576,4.9053,5.0814,5.1054
32.2,0.99967,0.99967,1.996,1.9985,2.9401,2.9367,3.645,3.694,4.1066,4.1091,4.5027,4.501,4.5782,4.4836,4.9112,4.78,4.7841,4.9012,5.0814,5.1054
32.3,0.99967,0.99967,1.996,1.9985,2.9401,2.9367,3.645,3.694,4.1066,4.1315,4.5027,4.5259,4.5782,4.4719,4.9112,4.78,4.7841,4.9012,5.078,5.1179
32.4,0.99967,0.99967,1.996,1.9985,2.9401,2.9367,3.645,3.694,4.0925,4.1315,4.5027,4.5259,4.5674,4.4719,4.9145,4.78,4.78,4.9012,5.078,5.1179
32.5,0.99967,0.99967,1.996,1.9985,2.9401,2.9367,3.645,3.694,4.0925,4.1315,4.4885,4.5259,4.5674,4.4719,4.9145,4.8024,4.78,4.902,5.0697,5.1586
32.6,0.99967,0.99967,1.996,1.9985,2.9401,2.9367,3.645,3.694,4.0925,4.1315,4.4885,4.5259,4.5674,4.4794,4.9269,4.8024,4.78,4.902,5.0697,5.1586
32.7,0.99967,0.99967,1.996,1.9985,2.9401,2.9367,3.645,3.694,4.0925,4.1315,4.4885,4.5624,4.5674,4.4794,4.9269,4.8115,4.7775,4.9178,5.0714,5.1586
32.8,0.99967,0.99967,1.996,1.9985,2.9401,2.9367,3.6433,3.694,4.0925,4.1315,4.4885,4.5624,4.5699,4.4794,4.9269,4.8115,4.7775,4.9178,5.0714,5.1843
32.9,0.99967,0.99967,1.996,1.9985,2.9401,2.9367,3.6433,3.694,4.0925,4.1506,4.4811,4.5624,4.5699,4.4711,4.9278,4.8115,4.7675,4.9228,5.0797,5.1843
33,0.99967,0.99967,1.996,1.9985,2.9401,2.9367,3.6433,3.694,4.0842,4.1506,4.4811,4.5624,4.5699,4.4711,4.9278,4.8281,4.7675,4.9228,5.0797,5.1926
33.1,0.99967,0.99967,1.996,1.9985,2.9401,2.9367,3.6433,3.694,4.0842,4.1506,4.4811,4.5234,4.5832,4.4711,4.9278,4.8281,4.7866,4.9228,5.0365,5.1926
33.2,0.99967,0.99967,1.996,1.9985,2.9401,2.9367,3.6433,3.7081,4.0842,4.1506,4.4811,4.5234,4.5832,4.4595,4.917,4.8281,4.7866,4.9494,5.0365,5.2067
33.3,0.99967,0.99967,1.996,1.9985,2.9401,2.9367,3.6433,3.7081,4.0842,4.1506,4.4595,4.5234,4.5832,4.4595,4.917,4.853,4.7517,4.9494,5.0365,5.2067
33.4,0.99967,0.99967,1.996,1.9985,2.9401,2.9367,3.6433,3.7081,4.0842,4.1506,4.4595,4.5234,4.5832,4.4595,4.917,4.853,4.7517,4.9726,5.0299,5.2067
33.5,0.99967,0.99967,1.996,1.9985,2.9401,2.9367,3.6433,3.7081,4.0842,4.1506,4.4595,4.5234,4.5666,4.4371,4.9103,4.853,4.7517,4.9726,5.0299,5.1935
33.6,0.99967,0.99967,1.996,1.9985,2.9401,2.9367,3.6433,3.7081,4.0842,4.1514,4.4313,4.5367,4.5666,4.4371,4.9103,4.8348,4.7559,4.9726,4.9768,5.1935
33.7,0.99967,0.99967,1.996,1.9985,2.9401,2.9367,3.6433,3.7081,4.0883,4.1514,4.4313,4.5367,4.5666,4.4371,4.9103,4.8348,4.7559,5.0083,4.9768,5.1677
33.8,0.99967,0.99967,1.996,1.9985,2.9401,2.9367,3.6433,3.7081,4.0883,4.1514,4.4313,4.5367,4.599,4.4429,4.9236,4.8348,4.7119,5.0083,5.0017,5.1677
33.9,0.99967,0.99967,1.996,1.9985,2.9401,2.9367,3.6715,3.7081,4.0883,4.1514,4.4304,4.5367,4.599,4.4429,4.9236,4.8456,4.7119,5.0249,5.0017,5.142
34,0.99967,0.99967,1.9935,1.9985,2.9401,2.9367,3.6715,3.7081,4.0883,4.1514,4.4304,4.5367,4.599,4.4429,4.9236,4.8456,4.7202,5.0249,4.9826,5.142
34.1,0.99967,0.99967,1.9935,1.9985,2.9434,2.9367,3.6715,3.7081,4.0883,4.1514,4.4304,4.5367,4.599,4.4611,4.9112,4.8456,4.7202,5.0249,4.9826,5.1054
34.2,0.99967,0.99967,1.9935,1.9985,2.9434,2.9367,3.6715,3.7081,4.0883,4.1514,4.4304,4.5367,4.5824,4.4611,4.9112,4.8763,4.7202,5.034,4.9709,5.1054
34.3,0.99967,0.99967,1.9935,1.9985,2.9434,2.9367,3.6715,3.7081,4.0892,4.134,4.4105,4.5367,4.5824,4.4611,4.9004,4.8763,4.7285,5.034,4.9709,5.088
34.4,0.99967,0.99967,1.9935,1.9985,2.9434,2.9367,3.6715,3.7081,4.0892,4.134,4.4105,4.5325,4.5824,4.4329,4.9004,4.8763,4.7285,5.0158,4.951,5.088
34.5,0.99967,0.99967,1.9935,1.9985,2.9434,2.9367,3.6715,3.7081,4.0892,4.134,4.4105,4.5325,4.5674,4.4329,4.9004,4.9195,4.7376,5.0158,4.951,5.0888
34.6,0.99967,0.99967,1.9935,1.9985,2.9434,2.9459,3.6715,3.7081,4.0892,4.134,4.3931,4.5325,4.5674,4.4329,4.8746,4.9195,4.7376,5.0158,4.922,5.0888
34.7,0.99967,0.99967,1.9935,1.9985,2.9434,2.9459,3.6715,3.6815,4.0892,4.134,4.3931,4.5325,4.5674,4.4288,4.8746,4.9195,4.7451,4.9768,4.922,5.0623
34.8,0.99967,0.99967,1.9935,1.9985,2.9434,2.9459,3.6715,3.6815,4.0892,4.134,4.3931,4.5325,4.5624,4.4288,4.8539,4.9444,4.7451,4.9768,4.9303,5.0623
34.9,0.99967,0.99967,1.9935,1.9985,2.9434,2.9459,3.6715,3.6815,4.0585,4.1,4.374,4.5325,4.5624,4.4288,4.8539,4.9444,4.7451,4.9693,4.9303,5.0805
35,0.99967,0.99967,1.9935,1.9985,2.9434,2.9459,3.6715,3.6815,4.0585,4.1,4.374,4.5325,4.5624,4.4288,4.8539,4.9444,4.7426,4.9693,4.9128,5.0805
35.1,0.99967,0.99967,1.9935,1.9985,2.9434,2.9459,3.6898,3.6815,4.0585,4.1,4.374,4.5325,4.5624,4.467,4.8564,4.9444,4.7426,4.9386,4.9128,5.0805
35.2,0.99967,0.99967,1.9935,1.9985,2.9434,2.9459,3.6898,3.6815,4.0585,4.1,4.374,4.5392,4.584,4.467,4.8564,4.9684,4.7252,4.9386,4.9128,5.0789
35.3,0.99967,0.99967,1.9935,1.9985,2.9434,2.9459,3.6898,3.6815,4.0585,4.1,4.3549,4.5392,4.584,4.467,4.8564,4.9684,4.7252,4.9386,4.9518,5.0789
35.4,0.99967,0.99967,1.9935,1.9985,2.9434,2.9459,3.6898,3.6815,4.0585,4.1,4.3549,4.5392,4.584,4.5209,4.8572,4.9684,4.7044,4.9386,4.9518,5.0947
35.5,0.99967,0.99967,1.9935,1.9985,2.9434,2.9459,3.6898,3.6815,4.046,4.134,4.3549,4.5392,4.5915,4.5209,4.8572,4.9834,4.7044,4.941,4.9568,5.0947
35.6,0.99967,0.99967,1.9935,1.9985,2.9434,2.9459,3.6898,3.6815,4.046,4.134,4.3134,4.5666,4.5915,4.5209,4.8057,4.9834,4.7119,4.941,4.9568,5.0697
35.7,0.99967,0.99967,1.9935,1.9985,2.9434,2.9459,3.6898,3.6815,4.046,4.134,4.3134,4.5666,4.5915,4.5209,4.8057,4.9834,4.7119,4.9518,4.966,5.0697
35.8,0.99967,0.99967,1.9935,1.9985,2.9434,2.9459,3.6898,3.6815,4.046,4.134,4.3134,4.5666,4.5915,4.579,4.8057,4.9759,4.7119,4.9518,4.966,5.0606
35.9,0.99967,0.99967,1.9935,1.9985,2.9434,2.9459,3.6898,3.6815,4.046,4.134,4.3134,4.5666,4.6388,4.579,4.8049,4.9759,4.7343,4.9518,4.9809,5.0606
36,0.99967,0.99967,1.9935,1.9985,2.9434,2.9459,3.6898,3.6815,4.046,4.134,4.2967,4.5516,4.6388,4.579,4.8049,4.9759,4.7343,4.9601,4.9809,5.0648
36.1,0.99967,0.99967,1.9935,1.9985,2.9434,2.9459,3.6898,3.6815,4.046,4.1514,4.2967,4.5516,4.6388,4.579,4.7717,4.9834,4.7426,4.9601,4.9809,5.0648
36.2,0.99967,0.99967,1.9935,1.9985,2.9434,2.9459,3.6898,3.6815,4.0493,4.1514,4.2967,4.5516,4.6596,4.5849,4.7717,4.9834,4.7426,4.941,4.9884,5.0648
36.3,0.99967,0.99967,1.9935,1.9985,2.9434,2.9459,3.6898,3.6815,4.0493,4.1514,4.2835,4.5516,4.6596,4.5849,4.7717,4.9834,4.726,4.941,4.9884,5.0548
36.4,0.99967,0.99967,1.9935,1.9985,2.9434,2.9459,3.6898,3.6815,4.0493,4.1514,4.2835,4.5516,4.6596,4.5849,4.7742,4.9751,4.726,4.9386,4.9983,5.0548
36.5,0.99967,0.99967,1.9935,1.9985,2.9434,2.9459,3.6782,3.6815,4.0493,4.1514,4.2835,4.5766,4.6596,4.5849,4.7742,4.9751,4.7376,4.9386,4.9983,5.0614
36.6,0.99967,0.99967,1.9935,1.9985,2.9434,2.9459,3.6782,3.6815,4.0493,4.1514,4.2835,4.5766,4.6621,4.5849,4.7742,4.9751,4.7376,4.9369,4.99,5.0614
36.7,0.99967,0.99967,1.9935,1.9985,2.9434,2.9459,3.6782,3.6815,4.0493,4.1514,4.2901,4.5766,4.6621,4.5849,4.7493,4.9402,4.7451,4.9369,4.99,5.0581
36.8,0.99967,0.99967,1.9935,1.9985,2.9434,2.9459,3.6782,3.6815,4.0593,4.1631,4.2901,4.5766,4.6621,4.5849,4.7493,4.9402,4.7451,4.9278,4.99,5.0581
36.9,0.99967,0.99967,1.9935,1.9985,2.9434,2.9459,3.6782,3.6815,4.0593,4.1631,4.2901,4.5525,4.6621,4.5849,4.7493,4.9477,4.7451,4.9278,4.9983,5.0581
37,0.99967,0.99967,1.9935,1.9985,2.9434,2.9459,3.6782,3.6815,4.0593,4.1631,4.286,4.5525,4.6679,4.5849,4.7459,4.9477,4.775,4.9186,4.9983,5.0374
37.1,0.99967,0.99967,1.9935,1.9985,2.9434,2.9459,3.6782,3.6815,4.0593,4.1631,4.286,4.5525,4.6679,4.5849,4.7459,4.9477,4.775,4.9186,5,5.0374
37.2,0.99967,0.99967,1.9935,1.9985,2.9434,2.9459,3.6782,3.6815,4.0593,4.1631,4.286,4.5525,4.6679,4.5508,4.7459,4.9037,4.785,4.9186,5,5.0506
37.3,0.99967,0.99967,1.9935,1.9985,2.9434,2.9459,3.6782,3.6815,4.0593,4.1631,4.286,4.5774,4.6629,4.5508,4.76,4.9037,4.785,4.9394,4.9701,5.0506
37.4,0.99967,0.99967,1.9935,1.9985,2.9434,2.9459,3.6782,3.6815,4.0585,4.1631,4.2569,4.5774,4.6629,4.5508,4.76,4.9037,4.785,4.9394,4.9701,5.054
37.5,0.99967,0.99967,1.9935,1.9985,2.9434,2.9459,3.6782,3.6815,4.0585,4.1357,4.2569,4.5774,4.6629,4.5508,4.76,4.8979,4.8306,4.9386,4.9925,5.054
37.6,0.99967,0.99967,1.9935,1.9985,2.9434,2.9459,3.6782,3.6815,4.0585,4.1357,4.2569,4.5774,4.6164,4.589,4.7136,4.8979,4.8306,4.9386,4.9925,5.0407
37.7,0.99967,0.99967,1.9935,1.9985,2.9434,2.9459,3.6782,3.7197,4.0585,4.1357,4.2569,4.584,4.6164,4.589,4.7136,4.9228,4.819,4.9386,5.0125,5.0407
37.8,0.99967,0.99967,1.9935,1.9985,2.9434,2.9459,3.6782,3.7197,4.0585,4.1357,4.2934,4.584,4.6164,4.589,4.7136,4.9228,4.819,4.9552,5.0125,5.049
37.9,0.99967,0.99967,1.9935,1.9985,2.9434,2.9459,3.6989,3.7197,4.0585,4.1357,4.2934,4.584,4.6272,4.5898,4.7227,4.9228,4.8339,4.9552,5.0125,5.049
38,0.99967,0.99967,1.9935,1.9985,2.9434,2.9459,3.6989,3.7197,4.0585,4.1357,4.2934,4.584,4.6272,4.5898,4.7227,4.9693,4.8339,4.9552,5.0448,5.0415
38.1,0.99967,0.99967,1.9935,1.9985,2.9434,2.9459,3.6989,3.7197,4.0435,4.134,4.3142,4.5616,4.6272,4.5898,4.7368,4.9693,4.8339,4.9651,5.0448,5.0415
38.2,0.99967,0.99967,1.9935,1.9985,2.9434,2.9459,3.6989,3.7197,4.0435,4.134,4.3142,4.5616,4.6272,4.5898,4.7368,4.9693,4.8132,4.9651,5.0523,5.0224
38.3,0.99967,0.99967,1.9935,1.9985,2.9434,2.9459,3.6989,3.7197,4.0435,4.134,4.3142,4.5616,4.6156,4.6114,4.7368,4.9867,4.8132,4.9651,5.0523,5.0224
38.4,0.99967,0.99967,1.9935,1.9985,2.9434,2.9459,3.6989,3.7197,4.0435,4.134,4.3142,4.5616,4.6156,4.6114,4.7127,4.9867,4.8231,4.9726,5.0847,5.0224
38.5,0.99967,0.99967,1.9935,1.9985,2.9434,2.9459,3.6989,3.7197,4.0435,4.134,4.3142,4.5616,4.6156,4.6114,4.7127,4.9435,4.8231,4.9726,5.0847,5.0083
38.6,0.99967,0.99967,1.9935,1.9985,2.9434,2.9459,3.6989,3.7197,4.0435,4.134,4.3192,4.5384,4.6156,4.6421,4.7127,4.9435,4.8281,4.9801,5.0847,5.0083
38.7,0.99967,0.99967,1.9935,1.9985,2.96,2.9459,3.6989,3.7197,4.0244,4.1606,4.3192,4.5384,4.6114,4.6421,4.7061,4.9435,4.8281,4.9801,5.1038,5.034
38.8,0.99967,0.99967,1.9935,1.9985,2.96,2.9459,3.6989,3.7197,4.0244,4.1606,4.3192,4.5384,4.6114,4.6421,4.7061,4.9327,4.8281,4.9801,5.1038,5.034
38.9,0.99967,0.99967,1.9935,1.9985,2.96,2.9459,3.6989,3.7197,4.0244,4.1606,4.3192,4.5384,4.6114,4.6421,4.6978,4.9327,4.8398,5.0141,5.1038,5.034
39,0.99967,0.99967,1.9935,1.9985,2.96,2.9459,3.6989,3.7197,4.0244,4.1606,4.3341,4.5558,4.6164,4.6729,4.6978,4.9327,4.8398,5.0141,5.1038,5.0183
39.1,0.99967,0.99967,1.9935,1.9985,2.96,2.9583,3.6989,3.7197,4.0244,4.1606,4.3341,4.5558,4.6164,4.6729,4.6978,4.9228,4.863,5.0141,5.1038,5.0183
39.2,0.99967,0.99967,1.9935,1.9985,2.96,2.9583,3.6989,3.7338,4.0244,4.1606,4.3341,4.5558,4.6164,4.6729,4.6837,4.9228,4.863,4.9992,5.1345,5.0133
39.3,0.99967,0.99967,1.9935,1.9985,2.96,2.9583,3.6607,3.7338,3.9596,4.1149,4.3341,4.5558,4.6164,4.687,4.6837,4.9244,4.863,4.9992,5.1345,5.0133
39.4,0.99967,0.99967,1.9935,1.9985,2.96,2.9583,3.6607,3.7338,3.9596,4.1149,4.3374,4.5317,4.6015,4.687,4.6837,4.9244,4.8746,4.9992,5.1378,5.054
39.5,0.99967,0.99967,1.9935,1.9985,2.96,2.9583,3.6607,3.7338,3.9596,4.1149,4.3374,4.5317,4.6015,4.687,4.6778,4.8755,4.8746,4.9601,5.1378,5.054
39.6,0.99967,0.99967,1.9935,1.9985,2.96,2.9583,3.6607,3.7338,3.9596,4.1149,4.3374,4.5317,4.6015,4.687,4.6778,4.8755,4.8921,4.9601,5.1295,5.0789
39.7,0.99967,0.99967,1.9935,1.9985,2.96,2.9583,3.6607,3.7338,3.9596,4.1149,4.3374,4.5317,4.584,4.7077,4.6778,4.8755,4.8921,4.9303,5.1295,5.0789
39.8,0.99967,0.99967,1.9935,1.9985,2.96,2.9583,3.6607,3.7338,3.9331,4.1149,4.3449,4.5251,4.584,4.7077,4.677,4.8431,4.8921,4.9303,5.1295,5.0789
39.9,0.99967,0.99967,1.9935,1.9985,2.96,2.9583,3.6607,3.7338,3.9331,4.0717,4.3449,4.5251,4.584,4.7077,4.677,4.8431,4.8771,4.902,5.1171,5.0922
40,0.99967,0.99967,1.9935,1.9985,2.96,2.9583,3.6607,3.7338,3.9331,4.0717,4.3449,4.5251,4.5633,4.7443,4.677,4.8182,4.8771,4.902,5.1171,5.0922
40.1,0.99967,0.99967,1.9935,1.9985,2.96,2.9583,3.6607,3.7338,3.9331,4.0717,4.3449,4.5251,4.5633,4.7443,4.6911,4.8182,4.8771,4.902,5.1353,5.1304
40.2,0.99967,0.99967,1.9935,1.9985,2.96,2.9583,3.6607,3.7338,3.9331,4.0717,4.3964,4.5251,4.5633,4.7443,4.6911,4.814,4.8954,4.9136,5.1353,5.1304
40.3,0.99967,0.99967,1.9935,1.9985,2.96,2.9583,3.6607,3.7338,3.9331,4.0717,4.3964,4.4719,4.555,4.7501,4.6911,4.814,4.8954,4.9136,5.132,5.1428
40.4,0.99967,0.99967,1.9935,1.9985,2.96,2.9583,3.6607,3.7338,3.9497,4.0717,4.3964,4.4719,4.555,4.7501,4.6754,4.7858,4.9128,4.9261,5.132,5.1428
40.5,0.99967,0.99967,1.9935,1.9985,2.96,2.9583,3.6607,3.7338,3.9497,4.0618,4.3964,4.4719,4.555,4.7501,4.6754,4.7858,4.9128,4.9261,5.1328,5.1578
40.6,0.99967,0.99967,1.9935,1.9985,2.96,2.9583,3.6607,3.7338,3.9497,4.0618,4.3931,4.4528,4.5226,4.7584,4.6754,4.7916,4.9128,4.9269,5.1328,5.1578
40.7,0.99967,0.99967,1.9935,1.9985,2.96,2.9583,3.6624,3.7363,3.9497,4.0618,4.3931,4.4528,4.5226,4.7584,4.6646,4.7916,4.9236,4.9269,5.1328,5.1586
40.8,0.99967,0.99967,1.9935,1.9985,2.96,2.9583,3.6624,3.7363,3.9497,4.0618,4.3931,4.4528,4.5226,4.7584,4.6646,4.7916,4.9236,4.9269,5.0905,5.1586
40.9,0.99967,0.99967,1.9935,1.9985,2.96,2.9583,3.6624,3.7363,3.9663,4.0618,4.3931,4.4528,4.5226,4.7351,4.6994,4.7576,4.9236,4.9352,5.0905,5.1802
41,0.99967,0.99967,1.9935,1.9985,2.96,2.9583,3.6624,3.7363,3.9663,4.0618,4.3931,4.4719,4.5118,4.7351,4.6994,4.7576,4.9494,4.9352,5.1038,5.1802
41.1,0.99967,0.99967,1.9935,1.9985,2.96,2.9583,3.6624,3.7363,3.9663,4.0095,4.374,4.4719,4.5118,4.7351,4.6994,4.7833,4.9494,4.9103,5.1038,5.186
41.2,0.99967,0.99967,1.9935,1.9985,2.96,2.9583,3.6624,3.7363,3.9663,4.0095,4.374,4.4719,4.5118,4.7351,4.7252,4.7833,4.941,4.9103,5.1312,5.186
41.3,0.99967,0.99967,1.9935,1.9985,2.96,2.9583,3.6624,3.7363,3.9663,4.0095,4.374,4.4719,4.5209,4.7169,4.7252,4.7833,4.941,4.907,5.1312,5.186
41.4,0.99967,0.99967,1.9935,1.9985,2.96,2.9583,3.6624,3.7363,3.9663,4.0095,4.374,4.4686,4.5209,4.7169,4.7252,4.7982,4.941,4.907,5.1403,5.2317
41.5,0.99967,0.99967,1.9935,1.9985,2.96,2.9583,3.6624,3.7363,4.0086,4.0095,4.3914,4.4686,4.5209,4.7169,4.7335,4.7982,4.9228,4.907,5.1403,5.2317
41.6,0.99967,0.99967,1.9935,1.9985,2.96,2.9583,3.6624,3.7363,4.0086,4.0178,4.3914,4.4686,4.5209,4.6803,4.7335,4.8057,4.9228,4.8946,5.1403,5.2267
41.7,0.99967,0.99967,1.9935,1.9985,2.96,2.9583,3.6624,3.7363,4.0086,4.0178,4.3914,4.4039,4.54,4.6803,4.7335,4.8057,4.9228,4.8946,5.1445,5.2267
41.8,0.99967,0.99967,1.9935,1.9985,2.96,2.9583,3.6624,3.7363,4.0086,4.0178,4.3914,4.4039,4.54,4.6803,4.7725,4.8057,4.9394,4.897,5.1445,5.2507
41.9,0.99967,0.99967,1.9935,1.9985,2.96,2.9583,3.6624,3.7363,4.0086,4.0178,4.3798,4.4039,4.54,4.6629,4.7725,4.8481,4.9394,4.897,5.1536,5.2507
42,0.99967,0.99967,1.9935,1.9985,2.96,2.9583,3.6607,3.7363,4.0086,4.0178,4.3798,4.4039,4.5525,4.6629,4.7725,4.8481,4.9593,4.897,5.1536,5.225
42.1,0.99967,0.99967,1.9935,1.9985,2.96,2.9583,3.6607,3.7363,4.0286,4.0178,4.3798,4.364,4.5525,4.6629,4.809,4.8481,4.9593,4.9211,5.1254,5.225
42.2,0.99967,0.99967,1.9935,1.9985,2.96,2.9583,3.6607,3.7363,4.0286,4.0427,4.3798,4.364,4.5525,4.6504,4.809,4.8539,4.9593,4.9211,5.1254,5.2607
42.3,0.99967,0.99967,1.9935,1.9985,2.96,2.9583,3.6607,3.7247,4.0286,4.0427,4.3906,4.364,4.5525,4.6504,4.809,4.8539,4.9701,4.9286,5.137,5.2607
42.4,0.99967,0.99967,1.9935,1.9985,2.96,2.9583,3.6607,3.7247,4.0286,4.0427,4.3906,4.364,4.5716,4.6504,4.8173,4.8539,4.9701,4.9286,5.137,5.2615
42.5,0.99967,0.99967,1.9935,1.9985,2.96,2.9583,3.6607,3.7247,4.0286,4.0427,4.3906,4.3574,4.5716,4.6388,4.8173,4.8398,5.0158,4.9286,5.137,5.2615
42.6,0.99967,0.99967,1.9935,1.9985,2.96,2.9583,3.6607,3.7247,4.0551,4.0427,4.3906,4.3574,4.5716,4.6388,4.8173,4.8398,5.0158,4.922,5.1511,5.274
42.7,0.99967,0.99967,1.9935,1.9985,2.96,2.9583,3.6607,3.7247,4.0551,4.0427,4.3989,4.3574,4.55,4.6388,4.8298,4.8431,5.0158,4.922,5.1511,5.274
42.8,0.99967,0.99967,1.9935,1.9985,2.96,2.9583,3.6607,3.7247,4.0551,4.0427,4.3989,4.3324,4.55,4.6579,4.8298,4.8431,5.0232,4.8846,5.1445,5.3006
42.9,0.99967,0.99967,1.9935,1.9985,2.96,2.9583,3.6607,3.7247,4.0551,4.0477,4.3989,4.3324,4.55,4.6579,4.8298,4.8431,5.0232,4.8846,5.1445,5.3006
43,0.99967,0.99967,1.9935,1.9985,2.96,2.9583,3.6607,3.7247,4.0551,4.0477,4.3673,4.3324,4.5741,4.6579,4.8439,4.8422,4.9958,4.8846,5.1486,5.3147
43.1,0.99967,0.99967,1.9935,1.9985,2.96,2.9583,3.6607,3.7247,4.0551,4.0477,4.3673,4.3324,4.5741,4.6579,4.8439,4.8422,4.9958,4.8904,5.1486,5.3147
43.2,0.99967,0.99967,1.9935,1.9985,2.96,2.9583,3.6607,3.7247,4.0809,4.0477,4.3673,4.3001,4.5741,4.6637,4.8439,4.8464,4.9958,4.8904,5.1486,5.308
43.3,0.99967,0.99967,1.9935,1.9985,2.96,2.9575,3.6607,3.7247,4.0809,4.0477,4.3673,4.3001,4.5741,4.6637,4.8771,4.8464,4.9983,4.9078,5.171,5.308
43.4,0.99967,0.99967,1.9935,1.9985,2.96,2.9575,3.6607,3.7247,4.0809,4.0477,4.3831,4.3001,4.5857,4.6637,4.8771,4.8464,4.9983,4.9078,5.171,5.3047
43.5,0.99967,0.99967,1.9935,1.9985,2.96,2.9575,3.6956,3.7247,4.0809,4.041,4.3831,4.3001,4.5857,4.6637,4.8771,4.873,5,4.9078,5.1893,5.3047
43.6,0.99967,0.99967,1.9935,1.9985,2.96,2.9575,3.6956,3.6815,4.0809,4.041,4.3831,4.2818,4.5857,4.6695,4.9352,4.873,5,4.922,5.1893,5.3031
43.7,0.99967,0.99967,1.9935,1.9985,2.96,2.9575,3.6956,3.6815,4.0809,4.041,4.3831,4.2818,4.5782,4.6695,4.9352,4.873,5.0025,4.922,5.1893,5.3031
43.8,0.99967,0.99967,1.9935,1.9985,2.96,2.9575,3.6956,3.6815,4.1299,4.041,4.4014,4.2818,4.5782,4.6695,4.9352,4.897,5.0025,4.922,5.2258,5.2715
43.9,0.99967,0.99967,1.9935,1.9985,2.96,2.9575,3.6956,3.6815,4.1299,4.041,4.4014,4.2818,4.5782,4.6612,4.9485,4.897,4.9801,4.9369,5.2258,5.2715
44,0.99967,0.99967,1.9935,1.9985,2.96,2.9575,3.6956,3.6815,4.1299,4.041,4.4014,4.2868,4.5857,4.6612,4.9485,4.897,4.9801,4.9369,5.2632,5.2649
44.1,0.99967,0.99967,1.9935,1.9985,2.96,2.9575,3.6956,3.6815,4.1299,4.041,4.4014,4.2868,4.5857,4.6612,4.9485,4.9203,4.9801,4.9369,5.2632,5.2649
44.2,0.99967,0.99967,1.9935,1.9985,2.96,2.9575,3.6956,3.6815,4.1299,4.0576,4.3723,4.2868,4.5857,4.6612,4.9601,4.9203,4.9626,4.9469,5.2632,5.2325
44.3,0.99967,0.99967,1.9935,1.9985,2.96,2.9575,3.6956,3.6815,4.1299,4.0576,4.3723,4.2893,4.6015,4.6729,4.9601,4.9303,4.9626,4.9469,5.2532,5.2325
44.4,0.99967,0.99967,1.9935,1.9985,2.96,2.9575,3.6956,3.6815,4.1996,4.0576,4.3723,4.2893,4.6015,4.6729,4.9601,4.9303,4.9718,4.9768,5.2532,5.2375
44.5,0.99967,0.99967,1.9935,1.9985,2.96,2.9575,3.6956,3.6815,4.1996,4.0576,4.3723,4.2893,4.6015,4.6729,4.9751,4.9303,4.9718,4.9768,5.284,5.2375
44.6,0.99967,0.99967,1.9935,1.9985,2.96,2.9575,3.6956,3.6815,4.1996,4.0576,4.3491,4.2893,4.5749,4.6671,4.9751,4.9427,4.9718,4.9768,5.284,5.2375
44.7,0.99967,0.99967,1.9935,1.9985,2.96,2.9575,3.6956,3.6815,4.1996,4.0576,4.3491,4.2752,4.5749,4.6671,4.9751,4.9427,4.9718,5.0075,5.3155,5.2292
44.8,0.99967,0.99967,1.9935,1.9985,2.96,2.9575,3.6956,3.6815,4.1996,4.0493,4.3491,4.2752,4.5749,4.6671,4.9676,4.9427,4.9718,5.0075,5.3155,5.2292
44.9,0.99967,0.99967,1.9935,1.9985,2.96,2.9575,3.6749,3.6873,4.1996,4.0493,4.3432,4.2752,4.5591,4.6671,4.9676,4.9294,4.9601,5.0075,5.3155,5.2499
45,0.99967,0.99967,1.9935,1.9985,2.96,2.9575,3.6749,3.6873,4.2237,4.0493,4.3432,4.2752,4.5591,4.677,4.9676,4.9294,4.9601,5.0183,5.3114,5.2499
45.1,0.99967,0.99967,1.9935,1.9985,2.96,2.9575,3.6749,3.6873,4.2237,4.0493,4.3432,4.276,4.5591,4.677,4.912,4.9294,4.9601,5.0183,5.3114,5.235
45.2,0.99967,0.99967,1.9935,1.9985,2.96,2.9575,3.6749,3.6873,4.2237,4.0493,4.3432,4.276,4.5766,4.677,4.912,4.9153,4.9676,5.0606,5.3296,5.235
45.3,0.99967,0.99967,1.9935,1.9985,2.96,2.9575,3.6749,3.6873,4.2237,4.0493,4.3432,4.276,4.5766,4.677,4.912,4.9153,4.9676,5.0606,5.3296,5.2175
45.4,0.99967,0.99967,1.9935,1.9985,2.96,2.9575,3.6749,3.6873,4.2237,4.0518,4.3399,4.276,4.5766,4.6338,4.8821,4.8995,4.9394,5.0606,5.3296,5.2175
45.5,0.99967,0.99967,1.9935,1.9985,2.96,2.9575,3.6749,3.6873,4.2237,4.0518,4.3399,4.2843,4.5467,4.6338,4.8821,4.8995,4.9394,5.0805,5.3305,5.2142
45.6,0.99967,0.99967,1.9935,1.9985,2.96,2.9575,3.6749,3.6873,4.2162,4.0518,4.3399,4.2843,4.5467,4.6338,4.8821,4.8995,4.9394,5.0805,5.3305,5.2142
45.7,0.99967,0.99967,1.9935,1.9985,2.96,2.9575,3.6749,3.6873,4.2162,4.0518,4.3399,4.2843,4.5467,4.6338,4.8929,4.8755,4.9593,5.0805,5.3238,5.1744
45.8,0.99967,0.99967,1.9935,1.9985,2.96,2.9575,3.6749,3.6873,4.2162,4.0518,4.3358,4.2843,4.54,4.6405,4.8929,4.8755,4.9593,5.1013,5.3238,5.1744
45.9,0.99967,0.99967,1.9935,1.9985,2.96,2.9575,3.6749,3.6873,4.2162,4.0518,4.3358,4.2586,4.54,4.6405,4.8929,4.8398,4.9635,5.1013,5.3296,5.171
46,0.99967,0.99967,1.9935,1.9985,2.96,2.9575,3.6749,3.6873,4.2162,4.0128,4.3358,4.2586,4.54,4.6405,4.858,4.8398,4.9635,5.0814,5.3296,5.171
46.1,0.99967,0.99967,1.9935,1.9985,2.96,2.9575,3.6749,3.6873,4.2112,4.0128,4.3358,4.2586,4.54,4.6405,4.858,4.8398,4.9635,5.0814,5.3296,5.1968
46.2,0.99967,0.99967,1.9935,1.9985,2.96,2.9575,3.6574,3.6873,4.2112,4.0128,4.3084,4.232,4.5492,4.633,4.8389,4.8398,4.9635,5.0423,5.3147,5.1968
46.3,0.99967,0.99967,1.9935,1.9985,2.96,2.9575,3.6574,3.6873,4.2112,4.0128,4.3084,4.232,4.5492,4.633,4.8389,4.8398,4.9635,5.0423,5.3147,5.2026
46.4,0.99967,0.99967,1.9935,1.9985,2.96,2.9575,3.6574,3.7072,4.2112,4.0128,4.3084,4.232,4.5492,4.633,4.8389,4.7999,5.0224,5.0423,5.2923,5.2026
46.5,0.99967,0.99967,1.9935,1.9985,2.96,2.9575,3.6574,3.7072,4.2112,3.9904,4.3084,4.222,4.5616,4.633,4.8165,4.7999,5.0224,5.0324,5.2923,5.2067
46.6,0.99967,0.99967,1.9935,1.9985,2.96,2.9575,3.6574,3.7072,4.193,3.9904,4.3084,4.222,4.5616,4.6397,4.8165,4.7708,5.0224,5.0324,5.2914,5.2067
46.7,0.99967,0.99967,1.9935,1.9985,2.96,2.9575,3.6574,3.7072,4.193,3.9904,4.32,4.222,4.5616,4.6397,4.8165,4.7708,5.0448,5.0324,5.2914,5.1943
46.8,0.99967,0.99967,1.9935,1.9985,2.96,2.9484,3.6574,3.7072,4.193,3.9904,4.32,4.222,4.6048,4.6397,4.7974,4.7708,5.0448,5.0324,5.2914,5.1943
46.9,0.99967,0.99967,1.9935,1.9985,2.96,2.9484,3.6574,3.7072,4.193,3.9904,4.32,4.2154,4.6048,4.6446,4.7974,4.7833,5.0382,5.0374,5.2773,5.1968
47,0.99967,0.99967,1.9935,1.9985,2.96,2.9484,3.6574,3.7072,4.193,3.9904,4.32,4.2154,4.6048,4.6446,4.7949,4.7833,5.0382,5.0374,5.2773,5.1968
47.1,0.99967,0.99967,1.9935,1.9985,2.96,2.9484,3.6574,3.7072,4.2046,4.0128,4.3225,4.2154,4.6048,4.6446,4.7949,4.7758,5.0382,5.0374,5.2192,5.1993
47.2,0.99967,0.99967,1.9935,1.9985,2.96,2.9484,3.6574,3.7072,4.2046,4.0128,4.3225,4.2154,4.5973,4.6446,4.7949,4.7758,5.0523,5.0249,5.2192,5.1993
47.3,0.99967,0.99967,1.9935,1.9985,2.96,2.9484,3.6574,3.7072,4.2046,4.0128,4.3225,4.2735,4.5973,4.6845,4.7791,4.7758,5.0523,5.0249,5.2175,5.2184
47.4,0.99967,0.99967,1.9935,1.9985,2.96,2.9484,3.6574,3.7072,4.2046,4.0128,4.3225,4.2735,4.5973,4.6845,4.7791,4.7883,5.0407,5.0008,5.2175,5.2184
47.5,0.99967,0.99967,1.9935,1.9985,2.96,2.9484,3.6707,3.7072,4.2046,4.0128,4.3225,4.2735,4.584,4.6845,4.7451,4.7883,5.0407,5.0008,5.2109,5.2092
47.6,0.99967,0.99967,1.9935,1.9985,2.96,2.9484,3.6707,3.7072,4.2046,4.0128,4.3125,4.2735,4.584,4.6845,4.7451,4.7883,5.0631,4.9842,5.2109,5.2092
47.7,0.99967,0.99967,1.9935,1.9985,2.96,2.9484,3.6707,3.6948,4.2013,3.9954,4.3125,4.2602,4.584,4.6679,4.7451,4.7625,5.0631,4.9842,5.1984,5.1685
47.8,0.99967,0.99967,1.9935,1.9985,2.96,2.9484,3.6707,3.6948,4.2013,3.9954,4.3125,4.2602,4.584,4.6679,4.7368,4.7625,5.0631,4.9577,5.1984,5.1685
47.9,0.99967,0.99967,1.9935,1.9985,2.96,2.9484,3.6707,3.6948,4.2013,3.9954,4.3125,4.2602,4.5741,4.6679,4.7368,4.7982,5.0656,4.9577,5.1893,5.1727
48,0.99967,0.99967,1.9935,1.9985,2.96,2.9484,3.6707,3.6948,4.2013,3.9954,4.2918,4.2602,4.5741,4.6679,4.7368,4.7982,5.0656,4.9244,5.1893,5.1727
48.1,0.99967,0.99967,1.9935,1.9985,2.96,2.9484,3.6707,3.6948,4.2013,3.9954,4.2918,4.2943,4.5741,4.6363,4.7227,4.7982,5.0656,4.9244,5.1901,5.1852
48.2,0.99967,0.99967,1.9935,1.9985,2.96,2.9484,3.6707,3.6948,4.2029,4.0144,4.2918,4.2943,4.5591,4.6363,4.7227,4.7642,5.0631,4.9244,5.1901,5.1852
48.3,0.99967,0.99967,1.9935,1.9985,2.96,2.9484,3.6707,3.6948,4.2029,4.0144,4.2918,4.2943,4.5591,4.6363,4.7227,4.7642,5.0631,4.9244,5.1868,5.1852
48.4,0.99967,0.99967,1.9935,1.9985,2.96,2.9484,3.6707,3.6948,4.2029,4.0144,4.2967,4.2943,4.5591,4.6363,4.6978,4.7451,5.0714,4.9244,5.1868,5.1976
48.5,0.99967,0.99967,1.9935,1.9985,2.96,2.9484,3.6707,3.6948,4.2029,4.0144,4.2967,4.3125,4.5467,4.6413,4.6978,4.7451,5.0714,4.9095,5.1843,5.1976
48.6,0.99967,0.99967,1.9935,1.9985,2.96,2.9484,3.6707,3.6948,4.2029,4.0144,4.2967,4.3125,4.5467,4.6413,4.6978,4.7451,5.0714,4.9095,5.1843,5.1926
48.7,0.99967,0.99967,1.9935,1.9985,2.96,2.9484,3.6724,3.6948,4.2029,4.0144,4.2967,4.3125,4.5467,4.6413,4.7003,4.7501,5.0697,4.9012,5.1843,5.1926
48.8,0.99967,0.99967,1.9935,1.9985,2.96,2.9484,3.6724,3.6948,4.2004,4.0344,4.2967,4.3125,4.5467,4.6529,4.7003,4.7501,5.0697,4.9012,5.2192,5.1486
48.9,0.99967,0.99967,1.9935,1.9985,2.96,2.9484,3.6724,3.6541,4.2004,4.0344,4.2868,4.3208,4.5458,4.6529,4.7003,4.7501,5.0697,4.9012,5.2192,5.1486
49,0.99967,0.99967,1.9935,1.9985,2.96,2.9484,3.6724,3.6541,4.2004,4.0344,4.2868,4.3208,4.5458,4.6529,4.682,4.7484,5.0307,4.9095,5.2142,5.1553
49.1,0.99967,0.99967,1.9935,1.9985,2.96,2.9484,3.6724,3.6541,4.2004,4.0344,4.2868,4.3208,4.5458,4.6529,4.682,4.7484,5.0307,4.9095,5.2142,5.1553
49.2,0.99967,0.99967,1.9935,1.9985,2.96,2.9484,3.6724,3.6541,4.2004,4.0344,4.2868,4.3208,4.5417,4.6662,4.7003,4.7351,5.0432,4.9294,5.186,5.1353
49.3,0.99967,0.99967,1.9935,1.9985,2.96,2.9484,3.6724,3.6541,4.2004,4.0344,4.2868,4.3316,4.5417,4.6662,4.7003,4.7351,5.0432,4.9294,5.186,5.1353
49.4,0.99967,0.99967,1.9935,1.9985,2.96,2.9484,3.6724,3.6541,4.1838,4.0485,4.3515,4.3316,4.5417,4.6662,4.7003,4.7351,5.0432,4.9568,5.1976,5.1353
49.5,0.99967,0.99967,1.9935,1.9985,2.96,2.9484,3.6724,3.6541,4.1838,4.0485,4.3515,4.3316,4.5417,4.6662,4.7268,4.7326,5.0174,4.9568,5.1976,5.1353
49.6,0.99967,0.99967,1.9935,1.9985,2.96,2.9484,3.6724,3.6541,4.1838,4.0485,4.3515,4.3316,4.5093,4.6845,4.7268,4.7326,5.0174,4.9568,5.1901,5.1212
49.7,0.99967,0.99967,1.9935,1.9985,2.96,2.9484,3.6724,3.6541,4.1838,4.0485,4.3515,4.325,4.5093,4.6845,4.7268,4.7326,5.0075,4.9452,5.1901,5.1212
49.8,0.99967,0.99967,1.9935,1.9985,2.96,2.9484,3.6724,3.6541,4.1838,4.0485,4.3756,4.325,4.5093,4.6845,4.7302,4.7683,5.0075,4.9452,5.2059,5.1179
49.9,0.99967,0.99967,1.9935,1.9985,2.96,2.9484,3.6433,3.6541,4.1697,4.1,4.3756,4.325,4.4827,4.7019,4.7302,4.7683,5.0075,4.9303,5.2059,5.1179
50,0.99967,0.99967,1.9935,1.9985,2.96,2.9484,3.6433,3.6549,4.1697,4.1,4.3756,4.325,4.4827,4.7019,4.7302,4.7683,4.9934,4.9303,5.2217,5.1179
50.1,0.99967,0.99967,1.9935,1.9985,2.96,2.9484,3.6433,3.6549,4.1697,4.1,4.3756,4.3682,4.4827,4.7019,4.7484,4.7501,4.9934,4.9303,5.2217,5.1079
50.2,0.99967,0.99967,1.9935,1.9985,2.96,2.9484,3.6433,3.6549,4.1697,4.1,4.3756,4.3682,4.4794,4.7019,4.7484,4.7501,5.01,4.946,5.2391,5.1079
50.3,0.99967,0.99967,1.9935,1.9985,2.96,2.9401,3.6433,3.6549,4.1697,4.1,4.3955,4.3682,4.4794,4.721,4.7484,4.7501,5.01,4.946,5.2391,5.0897
50.4,0.99967,0.99967,1.9935,1.9985,2.96,2.9401,3.6433,3.6549,4.1207,4.1,4.3955,4.3682,4.4794,4.721,4.7891,4.7368,5.01,4.9934,5.2375,5.0897
50.5,0.99967,0.99967,1.9935,1.9985,2.96,2.9401,3.6433,3.6549,4.1207,4.0701,4.3955,4.3682,4.4628,4.721,4.7891,4.7368,4.9734,4.9934,5.2375,5.0423
50.6,0.99967,0.99967,1.9935,1.9985,2.96,2.9401,3.6433,3.6549,4.1207,4.0701,4.3955,4.4022,4.4628,4.721,4.7891,4.7368,4.9734,4.9934,5.2375,5.0423
50.7,0.99967,0.99967,1.9935,1.9985,2.96,2.9401,3.6433,3.6549,4.1207,4.0701,4.3955,4.4022,4.4628,4.6729,4.8589,4.7252,4.9402,5.0208,5.2159,5.0374
50.8,0.99967,0.99967,1.9935,1.9985,2.96,2.9401,3.6433,3.6549,4.1207,4.0701,4.4495,4.4022,4.462,4.6729,4.8589,4.7252,4.9402,5.0208,5.2159,5.0374
50.9,0.99967,0.99967,1.9935,1.9985,2.96,2.9401,3.6433,3.6549,4.0892,4.0701,4.4495,4.4022,4.462,4.6729,4.8589,4.7086,4.9518,5.0274,5.2317,5.0573
51,0.99967,0.99967,1.9935,1.9985,2.96,2.9401,3.6433,3.6549,4.0892,4.0593,4.4495,4.4072,4.462,4.6729,4.8589,4.7086,4.9518,5.0274,5.2317,5.0573
51.1,0.99967,0.99967,1.9935,1.9985,2.96,2.9401,3.6558,3.6549,4.0892,4.0593,4.4495,4.4072,4.4811,4.6604,4.8514,4.7086,4.9518,5.0423,5.215,5.0241
51.2,0.99967,0.99967,1.9935,1.9985,2.96,2.9401,3.6558,3.6084,4.0892,4.0593,4.4645,4.4072,4.4811,4.6604,4.8514,4.7119,4.961,5.0423,5.215,5.0241
51.3,0.99967,0.99967,1.9935,1.9985,2.96,2.9401,3.6558,3.6084,4.0892,4.0593,4.4645,4.4072,4.4811,4.6604,4.8514,4.7119,4.961,5.0423,5.2076,5.0257
51.4,0.99967,0.99967,1.9935,1.9985,2.96,2.9401,3.6558,3.6084,4.0892,4.0593,4.4645,4.4072,4.5267,4.6604,4.8863,4.7119,4.9045,5.0706,5.2076,5.0257
51.5,0.99967,0.99967,1.9935,1.9985,2.96,2.9401,3.6558,3.6084,4.0825,4.0543,4.4645,4.4537,4.5267,4.6654,4.8863,4.7335,4.9045,5.0706,5.1968,5.0125
51.6,0.99967,0.99967,1.9935,1.9985,2.96,2.9401,3.6558,3.6084,4.0825,4.0543,4.4645,4.4537,4.5267,4.6654,4.8863,4.7335,4.8912,5.0415,5.1968,5.0125
51.7,0.99967,0.99967,1.9935,1.9985,2.96,2.9401,3.6558,3.6084,4.0825,4.0543,4.4844,4.4537,4.5267,4.6654,4.8929,4.7335,4.8912,5.0415,5.1769,5.0224
51.8,0.99967,0.99967,1.9935,1.9985,2.96,2.9401,3.6558,3.6084,4.0825,4.0543,4.4844,4.4537,4.506,4.7003,4.8929,4.7642,4.8912,5.0415,5.1769,5.0224
51.9,0.99967,0.99967,1.9935,1.9985,2.96,2.9401,3.6558,3.6084,4.0825,4.0543,4.4844,4.4537,4.506,4.7003,4.8929,4.7642,4.8921,5.0091,5.1993,5.0399
52,0.99967,0.99967,1.9935,1.9985,2.96,2.9401,3.6558,3.6084,4.0825,4.0543,4.4844,4.4753,4.506,4.7003,4.8929,4.7642,4.8921,5.0091,5.1993,5.0399
52.1,0.99967,0.99967,1.9935,1.9985,2.96,2.9401,3.6558,3.6084,4.0659,4.0609,4.4935,4.4753,4.5101,4.7003,4.8863,4.7576,4.8721,4.9585,5.1984,5.0498
52.2,0.99967,0.99967,1.9935,1.9985,2.96,2.9401,3.6558,3.5868,4.0659,4.0609,4.4935,4.4753,4.5101,4.6654,4.8863,4.7576,4.8721,4.9585,5.1984,5.0498
52.3,0.99967,0.99967,1.9935,1.9985,2.96,2.9401,3.6333,3.5868,4.0659,4.0609,4.4935,4.4753,4.5101,4.6654,4.8863,4.7733,4.8339,4.966,5.22,5.0756
52.4,0.99967,0.99967,1.9935,1.9985,2.96,2.9401,3.6333,3.5868,4.0659,4.0609,4.4935,4.5002,4.5101,4.6654,4.9103,4.7733,4.8339,4.966,5.22,5.0756
52.5,0.99967,0.99967,1.9935,1.9985,2.9675,2.9401,3.6333,3.5868,4.0659,4.0609,4.5442,4.5002,4.4985,4.6596,4.9103,4.7733,4.8273,4.966,5.1702,5.0756
52.6,0.99967,0.99967,1.9935,1.9985,2.9675,2.9401,3.6333,3.5868,4.0659,4.0609,4.5442,4.5002,4.4985,4.6596,4.9103,4.7609,4.8273,4.9352,5.1702,5.0498
52.7,0.99967,0.99967,1.9935,1.9985,2.9675,2.9401,3.6333,3.5868,4.0643,4.0742,4.5442,4.5002,4.4985,4.6596,4.8821,4.7609,4.8273,4.9352,5.1511,5.0498
52.8,0.99967,0.99967,1.9935,1.9985,2.9675,2.9401,3.6333,3.5868,4.0643,4.0742,4.5442,4.4869,4.4985,4.6596,4.8821,4.7609,4.8705,4.9494,5.1511,5.0506
52.9,0.99967,0.99967,1.9935,1.9985,2.9675,2.9401,3.6333,3.5868,4.0643,4.0742,4.545,4.4869,4.506,4.6438,4.8896,4.7268,4.8705,4.9494,5.1212,5.0506
53,0.99967,0.99967,1.9935,1.9985,2.9675,2.9401,3.6333,3.5868,4.0643,4.0742,4.545,4.4869,4.506,4.6438,4.8896,4.7268,4.8497,4.9494,5.1212,5.0465
53.1,0.99967,0.99967,1.9935,1.9985,2.9675,2.9401,3.6333,3.5868,4.0643,4.0742,4.545,4.4869,4.506,4.6438,4.8896,4.7268,4.8497,4.9435,5.1063,5.0465
53.2,0.99967,0.99967,1.9935,1.9985,2.9675,2.9401,3.6333,3.5802,4.0643,4.0742,4.545,4.4869,4.4777,4.6048,4.8846,4.7368,4.863,4.9435,5.1063,5.0465
53.3,0.99967,0.99967,1.9935,1.9985,2.9675,2.9401,3.6333,3.5802,4.056,4.0526,4.545,4.5276,4.4777,4.6048,4.8846,4.7368,4.863,4.9552,5.0963,5.0673
53.4,0.99967,0.99967,1.9935,1.9985,2.9675,2.9401,3.674,3.5802,4.056,4.0526,4.5492,4.5276,4.4777,4.6048,4.8846,4.7368,4.863,4.9552,5.0963,5.0673
53.5,0.99967,0.99967,1.9935,1.9985,2.9675,2.9401,3.674,3.5802,4.056,4.0526,4.5492,4.5276,4.4777,4.6048,4.863,4.7343,4.858,4.9469,5.0473,5.0839
53.6,0.99967,0.99967,1.9935,1.9985,2.9675,2.9401,3.674,3.5802,4.056,4.0526,4.5492,4.5276,4.4587,4.5857,4.863,4.7343,4.858,4.9469,5.0357,5.0839
53.7,0.99967,0.99967,1.9935,1.9985,2.9675,2.9401,3.674,3.5802,4.056,4.0526,4.5492,4.5234,4.4587,4.5857,4.863,4.7185,4.8696,4.9469,5.0357,5.1038
53.8,0.99967,0.99967,1.9935,1.9985,2.9675,2.9401,3.674,3.5802,4.056,4.0526,4.5492,4.5234,4.4587,4.5857,4.8356,4.7185,4.8696,4.961,5.0357,5.1038
53.9,0.99967,0.99967,1.9935,1.9985,2.9675,2.9401,3.674,3.5802,4.0493,4.0277,4.5815,4.5234,4.4587,4.5467,4.8356,4.7185,4.9203,4.961,5.0374,5.1179
54,0.99967,0.99967,1.9935,1.9985,2.9675,2.9401,3.674,3.5802,4.0493,4.0277,4.5815,4.5234,4.4744,4.5467,4.8497,4.721,4.9203,4.9543,5.0374,5.1179
54.1,0.99967,0.99967,1.9935,1.9985,2.9675,2.9401,3.674,3.5802,4.0493,4.0277,4.5815,4.5234,4.4744,4.5467,4.8497,4.721,4.9203,4.9543,5.044,5.1179
54.2,0.99967,0.99967,1.9935,1.9985,2.9675,2.9401,3.674,3.6001,4.0493,4.0277,4.5815,4.5234,4.4744,4.5309,4.8497,4.721,4.8979,4.9809,5.044,5.1387
54.3,0.99967,0.99967,1.9935,1.9985,2.9675,2.9401,3.674,3.6001,4.0493,4.0277,4.5334,4.5234,4.4794,4.5309,4.8522,4.7426,4.8979,4.9809,5.0374,5.1387
54.4,0.99967,0.99967,1.9935,1.9985,2.9675,2.9401,3.674,3.6001,4.0501,4.0277,4.5334,4.5234,4.4794,4.5309,4.8522,4.7426,4.8755,4.9809,5.0374,5.1553
54.5,0.99967,0.99967,1.9935,1.9985,2.9675,2.9401,3.7047,3.6001,4.0501,4.0136,4.5334,4.5234,4.4794,4.5068,4.8522,4.7426,4.8755,4.9568,5.0224,5.1553
54.6,0.99967,0.99967,1.9935,1.9985,2.9675,2.9401,3.7047,3.6001,4.0501,4.0136,4.5334,4.5234,4.5118,4.5068,4.8182,4.7493,4.8755,4.9568,5.0224,5.1661
54.7,0.99967,0.99967,1.9935,1.9985,2.9675,2.9401,3.7047,3.6001,4.0501,4.0136,4.5168,4.5234,4.5118,4.5068,4.8182,4.7493,4.8788,4.9577,5.034,5.1661
54.8,0.99967,0.99967,1.9935,1.9985,2.9675,2.9401,3.7047,3.6001,4.0501,4.0136,4.5168,4.5732,4.5118,4.491,4.8182,4.7252,4.8788,4.9577,5.034,5.1661
54.9,0.99967,0.99967,1.9935,1.9985,2.9675,2.9401,3.7047,3.6001,4.0501,4.0136,4.5168,4.5732,4.5118,4.491,4.853,4.7252,4.8854,4.9577,5.0648,5.1669
55,0.99967,0.99967,1.9935,1.9985,2.9675,2.9401,3.7047,3.6001,4.0402,4.0136,4.5168,4.5732,4.5483,4.491,4.853,4.7252,4.8854,4.9701,5.0648,5.1669
55.1,0.99967,0.99967,1.9935,1.9985,2.9675,2.9608,3.7047,3.6001,4.0402,4.0169,4.5168,4.5732,4.5483,4.4694,4.853,4.7418,4.8854,4.9701,5.0423,5.1719
55.2,0.99967,0.99967,1.9935,1.9985,2.9675,2.9608,3.7047,3.6001,4.0402,4.0169,4.5085,4.5732,4.5483,4.4694,4.9062,4.7418,4.8763,4.9842,5.0423,5.1719
55.3,0.99967,0.99967,1.9935,1.9985,2.9675,2.9608,3.7047,3.6093,4.0402,4.0169,4.5085,4.5425,4.5483,4.4694,4.9062,4.7418,4.8763,4.9842,5.0158,5.1636
55.4,0.99967,0.99967,1.9935,1.9985,2.9675,2.9608,3.7047,3.6093,4.0402,4.0169,4.5085,4.5425,4.5774,4.4694,4.9062,4.7501,4.8954,4.9842,5.0158,5.1636
55.5,0.99967,0.99967,1.9935,1.9985,2.9675,2.9608,3.7047,3.6093,4.0568,4.0169,4.5085,4.5425,4.5774,4.4761,4.922,4.7501,4.8954,5.0183,4.9992,5.1769
55.6,0.99967,0.99967,1.9935,1.9985,2.9675,2.9608,3.6898,3.6093,4.0568,4.0169,4.4985,4.5425,4.5774,4.4761,4.922,4.7501,4.8688,5.0183,4.9992,5.1769
55.7,0.99967,0.99967,1.9935,1.9985,2.9675,2.9608,3.6898,3.6093,4.0568,4.0842,4.4985,4.5425,4.599,4.4761,4.922,4.7484,4.8688,5.0141,4.9958,5.2034
55.8,0.99967,0.99967,1.9935,1.9985,2.9675,2.9608,3.6898,3.6093,4.0568,4.0842,4.4985,4.5865,4.599,4.4927,4.9394,4.7484,4.8688,5.0141,4.9958,5.2034
55.9,0.99967,0.99967,1.9935,1.9985,2.9675,2.9608,3.6898,3.6093,4.0568,4.0842,4.4985,4.5865,4.599,4.4927,4.9394,4.7484,4.8522,5.0116,4.995,5.2034
56,0.99967,0.99967,1.9935,1.9985,2.9675,2.9608,3.6898,3.6093,4.0568,4.0842,4.4902,4.5865,4.6006,4.4927,4.9394,4.7335,4.8522,5.0116,4.995,5.1644
56.1,0.99967,0.99967,1.9935,1.9985,2.9675,2.9608,3.6898,3.6093,4.0568,4.0842,4.4902,4.5865,4.6006,4.4786,4.9817,4.7335,4.8472,5.0116,4.9577,5.1644
56.2,0.99967,0.99967,1.9935,1.9985,2.9675,2.9608,3.6898,3.6093,4.0759,4.0842,4.4902,4.5865,4.6006,4.4786,4.9817,4.7335,4.8472,4.9975,4.9577,5.1578
56.3,0.99967,0.99967,1.9935,1.9985,2.9675,2.9608,3.6898,3.5852,4.0759,4.0842,4.4902,4.5815,4.6006,4.4786,4.9817,4.7285,4.9161,4.9975,4.9568,5.1578
56.4,0.99967,0.99967,1.9935,1.9985,2.9675,2.9608,3.6898,3.5852,4.0759,4.0842,4.457,4.5815,4.6106,4.4653,4.9817,4.7285,4.9161,5.0374,4.9568,5.1578
56.5,0.99967,0.99967,1.9935,1.9985,2.9675,2.9608,3.6898,3.5852,4.0759,4.0834,4.457,4.5815,4.6106,4.4653,4.9851,4.7285,4.9161,5.0374,4.9535,5.1578
56.6,0.99967,0.99967,1.9935,1.9985,2.9675,2.9608,3.684,3.5852,4.0759,4.0834,4.457,4.5815,4.6106,4.4653,4.9851,4.7434,4.8838,5.0374,4.9535,5.1403
56.7,0.99967,0.99967,1.9935,1.9985,2.9675,2.9608,3.684,3.5852,4.0759,4.0834,4.457,4.5815,4.6272,4.4653,4.9851,4.7434,4.8838,5.0208,4.9751,5.1403
56.8,0.99967,0.99967,1.9935,1.9985,2.9675,2.9608,3.684,3.5852,4.0759,4.0834,4.457,4.5766,4.6272,4.4636,4.9726,4.7434,4.9186,5.0208,4.9751,5.088
56.9,0.99967,0.99967,1.9935,1.9985,2.9675,2.9608,3.684,3.5852,4.095,4.0834,4.447,4.5766,4.6272,4.4636,4.9726,4.7443,4.9186,5.0058,4.9751,5.088
57,0.99967,0.99967,1.9935,1.9985,2.9675,2.9608,3.684,3.5852,4.095,4.0834,4.447,4.5766,4.6513,4.4636,4.9726,4.7443,4.9029,5.0058,4.9817,5.0789
57.1,0.99967,0.99967,1.9935,1.9985,2.9675,2.9608,3.684,3.5852,4.095,4.0834,4.447,4.5766,4.6513,4.4794,4.9693,4.7542,4.9029,5.0017,4.9817,5.0789
57.2,0.99967,0.99967,1.9935,1.9985,2.9675,2.9608,3.684,3.5852,4.095,4.0892,4.447,4.5766,4.6513,4.4794,4.9693,4.7542,4.9029,5.0017,4.9851,5.0756
57.3,0.99967,0.99967,1.9935,1.9985,2.9675,2.9608,3.684,3.5794,4.095,4.0892,4.3781,4.5674,4.6878,4.4794,4.9693,4.7542,4.9303,5.0017,4.9851,5.0756
57.4,0.99967,0.99967,1.9935,1.9985,2.9675,2.9608,3.684,3.5794,4.095,4.0892,4.3781,4.5674,4.6878,4.4794,4.9228,4.7376,4.9303,5.0232,4.9975,5.0756
57.5,0.99967,0.99967,1.9935,1.9985,2.9675,2.9608,3.684,3.5794,4.095,4.0892,4.3781,4.5674,4.6878,4.5051,4.9228,4.7376,4.9585,5.0232,4.9975,5.0457
57.6,0.99967,0.99967,1.9935,1.9985,2.9675,2.9608,3.6724,3.5794,4.0883,4.0892,4.3781,4.5674,4.6878,4.5051,4.8663,4.7376,4.9585,5.0316,5.0108,5.0457
57.7,0.99967,0.99967,1.9935,1.9985,2.9675,2.9608,3.6724,3.5794,4.0883,4.0892,4.3615,4.5674,4.7077,4.5051,4.8663,4.7326,4.9585,5.0316,5.0108,5.0208
57.8,0.99967,0.99967,1.9935,1.9985,2.9675,2.9608,3.6724,3.5794,4.0883,4.0892,4.3615,4.5865,4.7077,4.5143,4.8481,4.7326,4.9867,5.0316,4.9967,5.0208
57.9,0.99967,0.99967,1.9935,1.9985,2.9675,2.9608,3.6724,3.5794,4.0883,4.0817,4.3615,4.5865,4.7077,4.5143,4.8481,4.7326,4.9867,5.0739,4.9967,4.9817
58,0.99967,0.99967,1.9935,1.9985,2.9675,2.9608,3.6724,3.5794,4.0883,4.0817,4.3615,4.5865,4.7227,4.5143,4.8481,4.7409,4.9759,5.0739,5.0299,4.9817
58.1,0.99967,0.99967,1.9935,1.9985,2.9675,2.9608,3.6724,3.5835,4.0883,4.0817,4.3134,4.5865,4.7227,4.5143,4.8173,4.7409,4.9759,5.0996,5.0299,4.9842
58.2,0.99967,0.99967,1.9935,1.9985,2.9675,2.9608,3.6724,3.5835,4.1323,4.0817,4.3134,4.5865,4.7227,4.5317,4.8173,4.7409,4.9967,5.0996,5.0299,4.9842
58.3,0.99967,0.99967,1.9935,1.9985,2.9675,2.9608,3.6724,3.5835,4.1323,4.0817,4.3134,4.5865,4.7227,4.5317,4.8173,4.7584,4.9967,5.0996,5.0548,4.9942
58.4,0.99967,0.99967,1.9935,1.9985,2.9675,2.9608,3.6724,3.5835,4.1323,4.0817,4.3134,4.6056,4.77,4.5317,4.8024,4.7584,4.9967,5.1511,5.0548,4.9942
58.5,0.99967,0.99967,1.9935,1.9985,2.9675,2.9608,3.6724,3.5835,4.1323,4.0817,4.305,4.6056,4.77,4.5317,4.8024,4.7584,4.9751,5.1511,5.0772,4.9942
58.6,0.99967,0.99967,1.9935,1.9985,2.9675,2.9608,3.6724,3.5835,4.1323,4.0983,4.305,4.6056,4.77,4.5367,4.7783,4.7966,4.9751,5.1511,5.0772,5.0066
58.7,0.99967,0.99967,1.9935,1.9985,2.9675,2.9608,3.6358,3.5835,4.1323,4.0983,4.305,4.6056,4.7675,4.5367,4.7783,4.7966,4.9601,5.1769,5.0772,5.0066
58.8,0.99967,0.99967,1.9935,1.9985,2.9675,2.9608,3.6358,3.5835,4.1323,4.0983,4.305,4.6056,4.7675,4.5367,4.7783,4.7966,4.9601,5.1769,5.0905,5.0349
58.9,0.99967,0.99967,1.9935,1.9985,2.9675,2.9608,3.6358,3.5835,4.1323,4.0983,4.2743,4.5915,4.7675,4.5226,4.7899,4.8024,4.9834,5.1553,5.0905,5.0349
59,0.99967,0.99967,1.9935,1.9985,2.9675,2.9608,3.6358,3.5835,4.1498,4.0983,4.2743,4.5915,4.7675,4.5226,4.7899,4.8024,4.9834,5.1553,5.0996,5.0133
59.1,0.99967,0.99967,1.9935,1.9985,2.9675,2.9608,3.6358,3.5553,4.1498,4.0983,4.2743,4.5915,4.7791,4.5226,4.7584,4.7982,4.9834,5.1553,5.0996,5.0133
59.2,0.99967,0.99967,1.9935,1.9985,2.9675,2.9608,3.6358,3.5553,4.1498,4.0983,4.2743,4.5915,4.7791,4.5226,4.7584,4.7982,4.9942,5.1636,5.0996,5.0083
59.3,0.99967,0.99967,1.9935,1.9985,2.9675,2.9608,3.6358,3.5553,4.1498,4.1274,4.2743,4.5915,4.7791,4.5699,4.7584,4.7982,4.9942,5.1636,5.1204,5.0083
59.4,0.99967,0.99967,1.9935,1.9985,2.9675,2.9608,3.6358,3.5553,4.1498,4.1274,4.2494,4.5915,4.7683,4.5699,4.7559,4.8007,4.9934,5.1602,5.1204,5.0083
59.5,0.99967,0.99967,1.9935,1.9985,2.9675,2.9608,3.6358,3.5553,4.1498,4.1274,4.2494,4.5915,4.7683,4.5699,4.7559,4.8007,4.9934,5.1602,5.1262,4.9934
59.6,0.99967,0.99967,1.9935,1.9985,2.9675,2.9608,3.6358,3.5553,4.1498,4.1274,4.2494,4.5915,4.7683,4.5774,4.7227,4.8007,4.9917,5.1602,5.1262,4.9934
59.7,0.99967,0.99967,1.9935,1.9985,2.9675,2.9608,3.6358,3.5553,4.1498,4.1274,4.2494,4.5915,4.7683,4.5774,4.7227,4.8132,4.9917,5.1453,5.1005,5
59.8,0.99967,0.99967,1.9935,1.9985,2.9675,2.9608,3.6358,3.5553,4.1498,4.1274,4.2353,4.5425,4.7974,4.5774,4.7252,4.8132,4.9726,5.1453,5.1005,5
59.9,0.99967,0.99967,1.9935,1.9985,2.9675,2.9608,3.6358,3.5553,4.1498,4.1274,4.2353,4.5425,4.7974,4.5774,4.7252,4.8132,4.9726,5.1852,5.0938,4.9934
60,0.99967,0.99967,1.9935,1.9985,2.9675,2.9608,3.6358,3.5553,4.1498,4.1274,4.2353,4.5425,4.7974,4.5774,4.7252,4.8132,4.9726,5.1852,5.0938,4.9934
