0,2,3,4,5,6,7,8
0,2.0002,2.9998,4.0003,5,5.9997,7.0002,7.9998
0.1,2.0002,2.9998,4.0003,5,5.9997,7.0002,7.9998
0.2,2.0002,2.9998,4.0003,4.9983,5.9997,7.0002,7.9998
0.3,2.0002,2.9998,4.0003,4.9983,5.9997,6.9985,7.9998
0.4,2.0002,2.9998,4.0003,4.9983,5.998,6.9985,7.9965
0.5,2.0002,2.9998,3.9987,4.9967,5.9963,6.9968,7.9949
0.6,2.0002,2.9982,3.9962,4.9983,5.9947,6.9944,7.9915
0.7,2.0002,2.9957,3.997,4.9967,5.9963,6.9902,7.9874
0.8,1.9977,2.9973,3.992,4.9909,5.9955,6.9802,7.9849
0.9,1.9952,2.9957,3.9904,4.9892,5.9905,6.9728,7.9691
1,1.9952,2.9949,3.9887,4.9809,5.9897,6.9636,7.96
1.1,1.996,2.9957,3.9829,4.9768,5.9856,6.9487,7.9367
1.2,1.9927,2.9907,3.9787,4.9676,5.9806,6.9288,7.9102
1.3,1.991,2.9857,3.9696,4.9535,5.9656,6.9213,7.8877
1.4,1.9885,2.9832,3.9563,4.9435,5.9482,6.9039,7.8537
1.5,1.9861,2.9799,3.9588,4.922,5.9233,6.8773,7.8031
1.6,1.9836,2.9782,3.9588,4.9078,5.9083,6.8474,7.7383
1.7,1.9836,2.9782,3.9513,4.8846,5.8776,6.81,7.6569
1.8,1.9819,2.9658,3.9397,4.8572,5.8411,6.7544,7.5731
1.9,1.9802,2.96,3.9206,4.8522,5.7855,6.6896,7.4452
2,1.9753,2.95,3.909,4.8298,5.763,6.6398,7.3323
2.1,1.9744,2.9484,3.8907,4.8065,5.7074,6.541,7.2385
2.2,1.9711,2.9417,3.8758,4.7708,5.6551,6.4439,7.0915
2.3,1.9711,2.9351,3.8409,4.7335,5.5928,6.3451,6.9819
2.4,1.9703,2.9251,3.8044,4.6961,5.5306,6.2031,6.8466
2.5,1.9636,2.9143,3.7969,4.6546,5.4816,6.0852,6.7054
2.6,1.9636,2.9102,3.7745,4.5815,5.3736,5.9324,6.5576
2.7,1.957,2.8969,3.7579,4.5226,5.2707,5.8079,6.4132
2.8,1.9553,2.8828,3.7023,4.4877,5.1544,5.626,6.2712
2.9,1.9553,2.8778,3.6732,4.4412,5.0482,5.4899,6.1483
3,1.9429,2.8637,3.6441,4.3632,4.9278,5.3197,6.0188
3.1,1.9362,2.8471,3.625,4.3117,4.8273,5.176,5.8585
3.2,1.9337,2.828,3.591,4.2411,4.7011,5.0399,5.6676
3.3,1.9337,2.808,3.542,4.1755,4.5757,4.8713,5.5139
3.4,1.9337,2.7873,3.5013,4.1157,4.4595,4.7194,5.3778
3.5,1.9221,2.7773,3.4623,4.051,4.3607,4.5832,5.2026
3.6,1.9205,2.7657,3.4266,3.9771,4.2328,4.4678,5.0125
3.7,1.9205,2.7383,3.3909,3.9132,4.1382,4.2876,4.8497
3.8,1.9196,2.7126,3.3419,3.8168,4.0244,4.1614,4.7235
3.9,1.9072,2.6793,3.3037,3.7571,3.8965,4.0501,4.5815
4,1.9072,2.6677,3.2913,3.6699,3.7928,3.9298,4.4288
4.1,1.9047,2.6511,3.2207,3.6043,3.6574,3.816,4.2909
4.2,1.8964,2.6428,3.1825,3.5395,3.5719,3.7081,4.1705
4.3,1.8806,2.6279,3.1402,3.449,3.4631,3.6325,4.0103
4.4,1.8806,2.6154,3.0912,3.3569,3.3643,3.5271,3.8725
4.5,1.8632,2.588,3.0239,3.2954,3.2747,3.3859,3.7363
4.6,1.859,2.5515,2.9782,3.2323,3.2008,3.2838,3.5769
4.7,1.8449,2.5257,2.9318,3.1501,3.1094,3.175,3.4781
4.8,1.8399,2.5108,2.8819,3.0704,3.0347,3.0862,3.3635
4.9,1.8275,2.4759,2.8379,2.9442,2.9442,2.9567,3.2664
5,1.8275,2.4427,2.784,2.8753,2.8911,2.8794,3.1551
5.1,1.82,2.4286,2.7275,2.808,2.7798,2.7748,3.0555
5.2,1.8225,2.4037,2.6528,2.7549,2.7109,2.6752,2.95
5.3,1.8233,2.3738,2.5988,2.6727,2.6237,2.5706,2.8603
5.4,1.8233,2.3356,2.5581,2.5988,2.5448,2.4892,2.779
5.5,1.8125,2.3132,2.5274,2.559,2.4967,2.4211,2.6843
5.6,1.8009,2.2791,2.4776,2.4826,2.4402,2.3589,2.6245
5.7,1.7851,2.2443,2.4494,2.4136,2.3638,2.2957,2.5407
5.8,1.7743,2.221,2.412,2.3132,2.2899,2.2401,2.4419
5.9,1.7577,2.1878,2.3672,2.26,2.2318,2.2011,2.3771
6,1.7428,2.1654,2.3298,2.2036,2.1654,2.1314,2.2949
6.1,1.7278,2.1214,2.2791,2.1538,2.0915,2.0956,2.2243
6.2,1.7145,2.0766,2.2468,2.0882,2.0566,2.055,2.1795
6.3,1.6996,2.0433,2.1903,2.0301,2.006,2.0027,2.1272
6.4,1.6896,2.0251,2.1604,1.9711,1.9611,1.9769,2.0898
6.5,1.6681,2.0035,2.1214,1.9329,1.9487,1.9462,2.0409
6.6,1.6656,1.9645,2.0849,1.8831,1.9088,1.898,1.9794
6.7,1.6581,1.9429,2.0392,1.8557,1.8615,1.8673,1.9479
6.8,1.644,1.9122,2.0143,1.825,1.8183,1.8158,1.9005
6.9,1.6332,1.8939,1.9744,1.7918,1.7718,1.7785,1.8673
7,1.6274,1.8673,1.9279,1.7577,1.7328,1.7328,1.8333
7.1,1.624,1.8374,1.8897,1.7187,1.6963,1.6838,1.8009
7.2,1.6166,1.8017,1.854,1.6689,1.6581,1.6656,1.7502
7.3,1.6016,1.776,1.8275,1.6423,1.634,1.6182,1.7004
7.4,1.5958,1.7312,1.7992,1.5983,1.5933,1.5784,1.6697
7.5,1.5908,1.7054,1.7702,1.5618,1.5867,1.556,1.6315
7.6,1.5809,1.6822,1.7469,1.546,1.5717,1.5086,1.6074
7.7,1.5742,1.6664,1.7145,1.5286,1.546,1.5053,1.5817
7.8,1.5742,1.6299,1.6606,1.4987,1.4887,1.4812,1.5609
7.9,1.5717,1.6033,1.6448,1.4547,1.4738,1.4605,1.5153
8,1.5576,1.5767,1.6074,1.4397,1.4538,1.4289,1.4771
8.1,1.5443,1.5385,1.5792,1.4248,1.4223,1.404,1.448
8.2,1.5294,1.5319,1.5568,1.4073,1.4065,1.3957,1.4165
8.3,1.5352,1.512,1.5418,1.3791,1.3999,1.3584,1.3949
8.4,1.5261,1.497,1.5252,1.3849,1.3691,1.3608,1.3774
8.5,1.5153,1.4721,1.4945,1.35,1.3675,1.35,1.37
8.6,1.5086,1.4397,1.4804,1.3393,1.3517,1.3251,1.3567
8.7,1.4945,1.4256,1.448,1.311,1.3326,1.3011,1.3393
8.8,1.4646,1.4132,1.4372,1.3002,1.3002,1.2737,1.3268
8.9,1.4464,1.3891,1.4248,1.3102,1.2645,1.2629,1.3094
9,1.4347,1.3733,1.409,1.2728,1.2454,1.233,1.2861
9.1,1.4239,1.3559,1.3849,1.2546,1.2072,1.2222,1.2886
9.2,1.4148,1.3426,1.3675,1.2429,1.1749,1.218,1.2969
9.3,1.4024,1.331,1.3517,1.2429,1.1649,1.2139,1.3011
9.4,1.399,1.3193,1.3094,1.2346,1.15,1.218,1.3027
9.5,1.3766,1.2994,1.2919,1.2222,1.1383,1.1998,1.2969
9.6,1.3608,1.2886,1.2654,1.2139,1.1118,1.2238,1.262
9.7,1.35,1.2762,1.2512,1.2023,1.1151,1.2297,1.2587
9.8,1.3351,1.262,1.2272,1.189,1.1084,1.2172,1.2321
9.9,1.3334,1.2413,1.2205,1.1699,1.1068,1.1857,1.2272
10,1.3168,1.2429,1.2089,1.1524,1.1126,1.179,1.2023
10.1,1.3094,1.233,1.2097,1.1549,1.1167,1.1749,1.1898
10.2,1.2977,1.2438,1.1865,1.1383,1.1109,1.1666,1.1508
10.3,1.2928,1.2131,1.1707,1.1192,1.1043,1.1425,1.1541
10.4,1.2828,1.2056,1.1666,1.1093,1.0935,1.1392,1.1707
10.5,1.2811,1.1973,1.1508,1.1001,1.0993,1.1226,1.1566
10.6,1.2778,1.1865,1.1574,1.0885,1.1084,1.1201,1.145
10.7,1.2745,1.1798,1.1649,1.0769,1.1001,1.096,1.1466
10.8,1.2629,1.1624,1.1541,1.0678,1.0943,1.081,1.1491
10.9,1.2645,1.1607,1.135,1.0736,1.1259,1.0819,1.1358
11,1.2488,1.1591,1.1292,1.0968,1.1292,1.0644,1.1275
11.1,1.2421,1.1566,1.1275,1.0802,1.1176,1.057,1.1275
11.2,1.223,1.1441,1.125,1.0835,1.1259,1.0744,1.1118
11.3,1.2131,1.125,1.15,1.0694,1.1333,1.0952,1.0952
11.4,1.2023,1.1167,1.1408,1.0528,1.1043,1.0661,1.1093
11.5,1.1931,1.1118,1.1217,1.0453,1.1035,1.0644,1.1109
11.6,1.184,1.1201,1.1201,1.0694,1.0976,1.0702,1.13
11.7,1.1832,1.1093,1.0893,1.0511,1.091,1.0769,1.1043
11.8,1.1898,1.0827,1.0794,1.0769,1.091,1.0968,1.0968
11.9,1.1865,1.0844,1.0802,1.0437,1.0927,1.0835,1.1018
12,1.1848,1.0702,1.0719,1.0312,1.1035,1.0777,1.1192
12.1,1.1782,1.057,1.0761,1.0237,1.0952,1.0636,1.1416
12.2,1.1674,1.0387,1.0702,1.0304,1.091,1.0761,1.125
12.3,1.1707,1.0453,1.0653,1.032,1.1076,1.0711,1.1159
12.4,1.1699,1.0462,1.0794,1.0437,1.1051,1.081,1.1209
12.5,1.1583,1.047,1.0644,1.0237,1.1142,1.0976,1.1383
12.6,1.1624,1.052,1.0669,1.0188,1.1051,1.1176,1.1226
12.7,1.1649,1.0511,1.0611,1.0163,1.0976,1.1342,1.1267
12.8,1.1483,1.052,1.0752,1.008,1.1101,1.1284,1.1458
12.9,1.135,1.0495,1.0636,1.0071,1.1201,1.125,1.1666
13,1.1234,1.0503,1.0744,1.0046,1.1159,1.1201,1.1641
13.1,1.1134,1.0578,1.0628,1.0179,1.0935,1.1309,1.1541
13.2,1.125,1.0628,1.0511,1.0279,1.101,1.1059,1.1657
13.3,1.1151,1.0586,1.0445,1.0179,1.1018,1.1118,1.1516
13.4,1.1109,1.052,1.0702,1.0121,1.1333,1.1126,1.145
13.5,1.1101,1.0561,1.0678,1.0246,1.1275,1.1068,1.1541
13.6,1.0918,1.0594,1.0802,1.0204,1.0993,1.1209,1.1549
13.7,1.1068,1.0412,1.0777,1.0379,1.101,1.1059,1.1416
13.8,1.1068,1.0213,1.081,1.0329,1.0827,1.1051,1.1126
13.9,1.0985,1.0105,1.0819,1.0179,1.1001,1.1309,1.1167
14,1.0893,0.99967,1.0893,1.0246,1.1134,1.1367,1.1292
14.1,1.0927,1.0071,1.0785,1.0254,1.1159,1.1649,1.1624
14.2,1.0835,1.013,1.0719,1.0304,1.1217,1.1682,1.1657
14.3,1.0819,1.0105,1.0727,1.032,1.1217,1.1574,1.1682
14.4,1.086,1.0071,1.0736,1.0653,1.1192,1.1616,1.1483
14.5,1.081,1.0246,1.0736,1.0553,1.1176,1.1591,1.1707
14.6,1.0611,1.0312,1.0727,1.0711,1.1192,1.1516,1.1682
14.7,1.0594,1.032,1.0711,1.0694,1.1201,1.1558,1.1757
14.8,1.0404,1.0304,1.0694,1.0694,1.1516,1.1632,1.189
14.9,1.0304,1.0379,1.0686,1.101,1.1383,1.1491,1.1973
15,1.0262,1.0296,1.0819,1.1035,1.1358,1.1549,1.2155
15.1,1.0246,1.0204,1.0594,1.101,1.1599,1.1491,1.223
15.2,1.0254,1.0229,1.0495,1.1126,1.1375,1.1566,1.218
15.3,1.0337,1.008,1.0611,1.1574,1.1226,1.1666,1.2346
15.4,1.037,1.0163,1.0719,1.1533,1.135,1.1599,1.2056
15.5,1.0462,1.0204,1.0653,1.1782,1.1358,1.14,1.2047
15.6,1.0586,1.0287,1.0761,1.1865,1.1309,1.1657,1.1956
15.7,1.052,1.0395,1.0669,1.1873,1.13,1.1699,1.2023
15.8,1.0478,1.0437,1.0777,1.1981,1.1234,1.1732,1.2064
15.9,1.0511,1.0453,1.0611,1.1998,1.1317,1.1682,1.1973
16,1.042,1.0503,1.0719,1.1881,1.145,1.1724,1.1931
16.1,1.0404,1.0495,1.0586,1.1823,1.1516,1.1865,1.1923
16.2,1.0395,1.042,1.0437,1.1915,1.1524,1.1873,1.169
16.3,1.0503,1.0478,1.0453,1.1973,1.1433,1.1989,1.1798
16.4,1.0503,1.0428,1.0428,1.1832,1.1425,1.2014,1.1773
16.5,1.0503,1.0462,1.0628,1.1948,1.1234,1.1989,1.2147
16.6,1.0445,1.0412,1.0744,1.189,1.1491,1.2114,1.2023
16.7,1.0453,1.0404,1.081,1.194,1.125,1.2405,1.2172
16.8,1.0495,1.0404,1.0935,1.2147,1.1209,1.2413,1.2529
16.9,1.0304,1.0553,1.0885,1.2089,1.1242,1.2529,1.2346
17,1.0271,1.0603,1.0844,1.2222,1.1267,1.2338,1.2571
17.1,1.0279,1.0761,1.0661,1.2164,1.1491,1.2205,1.2595
17.2,1.0262,1.081,1.0661,1.2388,1.1408,1.2255,1.2405
17.3,1.0304,1.0761,1.0744,1.2546,1.1383,1.2521,1.2396
17.4,1.0254,1.0835,1.0835,1.2305,1.1358,1.267,1.277
17.5,1.0262,1.0844,1.0835,1.2164,1.1641,1.2869,1.2587
17.6,1.0279,1.0893,1.0785,1.2172,1.1674,1.2587,1.2795
17.7,1.0387,1.1101,1.091,1.2238,1.1574,1.2703,1.3044
17.8,1.0362,1.0993,1.1035,1.2479,1.1524,1.2745,1.3085
17.9,1.0478,1.1151,1.1059,1.2288,1.1657,1.2886,1.3085
18,1.0478,1.1275,1.1192,1.223,1.169,1.2645,1.2894
18.1,1.0379,1.1167,1.1026,1.2429,1.1491,1.2853,1.3077
18.2,1.0354,1.1084,1.1093,1.2131,1.1574,1.2944,1.2919
18.3,1.0329,1.1142,1.1292,1.1998,1.1607,1.2953,1.2737
18.4,1.0354,1.1184,1.1342,1.1923,1.1317,1.2845,1.2853
18.5,1.0395,1.0952,1.15,1.2064,1.1317,1.2695,1.2695
18.6,1.0462,1.1018,1.145,1.2147,1.1815,1.2172,1.2587
18.7,1.0453,1.1059,1.1416,1.2006,1.174,1.2155,1.2488
18.8,1.0412,1.1184,1.1425,1.2131,1.1732,1.2081,1.2305
18.9,1.0487,1.1001,1.1425,1.2172,1.2014,1.2263,1.2313
19,1.0495,1.0852,1.1416,1.2164,1.1749,1.2321,1.2504
19.1,1.0586,1.0868,1.1433,1.1989,1.1881,1.2263,1.2446
19.2,1.0487,1.0976,1.1416,1.218,1.1915,1.2288,1.2338
19.3,1.0437,1.1001,1.1358,1.2139,1.1873,1.2222,1.2338
19.4,1.0437,1.1001,1.1226,1.2205,1.1715,1.2238,1.2214
19.5,1.0445,1.0902,1.1292,1.2222,1.1715,1.223,1.2255
19.6,1.0545,1.0943,1.1234,1.2023,1.1574,1.2214,1.2139
19.7,1.0503,1.0993,1.1309,1.2031,1.1749,1.2214,1.2371
19.8,1.0462,1.0952,1.1333,1.1981,1.1699,1.2288,1.2305
19.9,1.0379,1.1035,1.1192,1.1973,1.179,1.2047,1.2463
20,1.0304,1.0893,1.125,1.1898,1.1782,1.2072,1.2247
20.1,1.0312,1.0902,1.1284,1.1989,1.1964,1.1948,1.2247
20.2,1.0312,1.0885,1.1259,1.1981,1.1798,1.2006,1.2097
20.3,1.0362,1.0952,1.1176,1.1798,1.1773,1.1998,1.1989
20.4,1.0379,1.1018,1.1126,1.1964,1.1857,1.1898,1.2023
20.5,1.0304,1.1001,1.1192,1.1973,1.1848,1.1857,1.194
20.6,1.0237,1.0993,1.1259,1.2089,1.1815,1.1873,1.1981
20.7,1.0229,1.0952,1.125,1.2164,1.2031,1.1923,1.1857
20.8,1.0146,1.0885,1.1309,1.1956,1.1998,1.1632,1.2338
20.9,1.0071,1.0827,1.1491,1.2031,1.2139,1.1666,1.2031
21,1.0113,1.1126,1.1284,1.1956,1.1973,1.1558,1.2172
21.1,1.0038,1.1093,1.1109,1.184,1.1773,1.1475,1.2338
21.2,1.0088,1.1167,1.1325,1.1732,1.1616,1.1516,1.2214
21.3,1.0055,1.1217,1.1375,1.1782,1.1682,1.1491,1.218
21.4,0.98721,1.1201,1.1425,1.1989,1.1715,1.1715,1.2164
21.5,0.99386,1.1068,1.1607,1.2122,1.1707,1.1724,1.2131
21.6,0.98638,1.1192,1.1533,1.1931,1.1533,1.169,1.1948
21.7,0.99136,1.1109,1.1516,1.169,1.1333,1.1475,1.2147
21.8,0.98638,1.13,1.1624,1.1989,1.1375,1.1707,1.1923
21.9,0.97061,1.1209,1.1657,1.1989,1.1142,1.2222,1.1574
22,0.95815,1.1159,1.1408,1.189,1.101,1.2122,1.1533
22.1,0.97476,1.1375,1.1325,1.1848,1.0893,1.2164,1.1649
22.2,0.96314,1.1167,1.1325,1.1848,1.0893,1.223,1.1865
22.3,0.97144,1.1126,1.1516,1.1923,1.0852,1.2122,1.1815
22.4,0.96895,1.1051,1.1558,1.2114,1.1101,1.2023,1.1458
22.5,0.97891,1.1043,1.1607,1.218,1.1118,1.2089,1.1533
22.6,0.97559,1.0976,1.1724,1.2205,1.1267,1.1624,1.1773
22.7,0.97227,1.086,1.1732,1.2172,1.1018,1.1375,1.1773
22.8,0.97227,1.0761,1.1815,1.2197,1.086,1.1566,1.1989
22.9,0.98638,1.0752,1.1715,1.2164,1.091,1.1441,1.2247
23,0.99136,1.0794,1.1657,1.2081,1.091,1.1176,1.233
23.1,1.0013,1.0711,1.1624,1.1848,1.125,1.1201,1.2147
23.2,1.0063,1.0844,1.194,1.1956,1.1275,1.1126,1.1948
23.3,0.99303,1.0844,1.2405,1.1773,1.1292,1.1118,1.1906
23.4,0.99303,1.0868,1.238,1.1682,1.1524,1.1167,1.2297
23.5,0.99801,1.086,1.2388,1.169,1.1491,1.1333,1.2189
23.6,1.0013,1.1059,1.2496,1.1616,1.1591,1.1358,1.2089
23.7,1.0038,1.1018,1.2346,1.1367,1.1441,1.1367,1.1964
23.8,1.0171,1.0927,1.2288,1.1383,1.1666,1.1491,1.1915
23.9,1.0146,1.1142,1.2155,1.1342,1.1815,1.1616,1.2388
24,1.0196,1.1425,1.2106,1.1167,1.1881,1.1549,1.2272
24.1,1.0296,1.1433,1.1956,1.1051,1.169,1.1558,1.2546
24.2,1.0312,1.1475,1.2081,1.1093,1.1641,1.1616,1.2454
24.3,1.0379,1.1516,1.1973,1.1084,1.174,1.1815,1.2338
24.4,1.0487,1.1508,1.2014,1.1076,1.1641,1.179,1.223
24.5,1.0503,1.1666,1.1798,1.1209,1.1599,1.1566,1.2023
24.6,1.0603,1.1732,1.169,1.1292,1.15,1.1342,1.2205
24.7,1.0752,1.1682,1.1765,1.1309,1.1558,1.1317,1.2197
24.8,1.0719,1.1666,1.1591,1.1159,1.1865,1.13,1.228
24.9,1.0744,1.1599,1.174,1.1325,1.1857,1.125,1.2438
25,1.0736,1.1682,1.1757,1.135,1.1881,1.13,1.228
25.1,1.0819,1.1757,1.1715,1.1383,1.1964,1.1151,1.2114
25.2,1.0719,1.1765,1.1591,1.1433,1.2106,1.1275,1.2214
25.3,1.0686,1.1798,1.1599,1.15,1.2255,1.1549,1.2413
25.4,1.0594,1.1798,1.1649,1.1358,1.2147,1.1715,1.2263
25.5,1.0686,1.1616,1.1765,1.1217,1.2089,1.1915,1.2396
25.6,1.0487,1.1508,1.1715,1.125,1.2064,1.2114,1.2488
25.7,1.0561,1.1475,1.1732,1.0985,1.2272,1.1998,1.2321
25.8,1.047,1.1392,1.174,1.0868,1.2355,1.194,1.2546
25.9,1.0495,1.1325,1.1657,1.0777,1.2346,1.1964,1.2471
26,1.0428,1.1267,1.1715,1.0661,1.2388,1.1757,1.2097
26.1,1.0404,1.1226,1.1674,1.0628,1.2537,1.1433,1.238
26.2,1.0362,1.1201,1.1699,1.0653,1.2654,1.1524,1.2355
26.3,1.0545,1.1217,1.1715,1.0578,1.2554,1.1798,1.2288
26.4,1.0478,1.1242,1.1757,1.0536,1.2388,1.1931,1.2338
26.5,1.0445,1.1167,1.1757,1.0536,1.2454,1.1923,1.2479
26.6,1.0437,1.1192,1.1765,1.0744,1.2355,1.1715,1.2579
26.7,1.037,1.1109,1.1641,1.0844,1.262,1.1541,1.2205
26.8,1.0437,1.1176,1.1549,1.0603,1.2604,1.1566,1.2446
26.9,1.0453,1.1217,1.1574,1.0769,1.2363,1.1641,1.2529
27,1.037,1.1167,1.1566,1.0993,1.2471,1.1757,1.2471
27.1,1.0304,1.145,1.14,1.1043,1.233,1.1483,1.2728
27.2,1.0179,1.1433,1.1433,1.0993,1.2546,1.1524,1.2753
27.3,1.0221,1.1458,1.1342,1.1093,1.2454,1.1317,1.3011
27.4,1.0204,1.1259,1.13,1.1367,1.2537,1.1259,1.3011
27.5,1.0188,1.1375,1.1184,1.1383,1.2587,1.1176,1.2762
27.6,1.0271,1.14,1.1192,1.1433,1.2546,1.1226,1.2969
27.7,1.042,1.1209,1.1226,1.1616,1.2396,1.0918,1.2977
27.8,1.0428,1.1051,1.1217,1.1641,1.2413,1.1101,1.2811
27.9,1.037,1.0985,1.1118,1.1641,1.2396,1.145,1.2546
28,1.0387,1.0852,1.1043,1.1524,1.2355,1.1508,1.2521
28.1,1.0503,1.1093,1.1043,1.1549,1.2247,1.1574,1.2496
28.2,1.0487,1.101,1.0968,1.1641,1.2155,1.1483,1.2654
28.3,1.0511,1.096,1.0943,1.1823,1.2164,1.1367,1.2662
28.4,1.0553,1.0935,1.091,1.1773,1.2222,1.1699,1.2604
28.5,1.0453,1.0868,1.1051,1.2006,1.2313,1.1591,1.238
28.6,1.0644,1.0868,1.0943,1.2106,1.2521,1.1524,1.2272
28.7,1.0678,1.0827,1.0993,1.223,1.2479,1.15,1.2338
28.8,1.0545,1.0819,1.0993,1.2122,1.2338,1.145,1.2355
28.9,1.0536,1.0893,1.1109,1.2147,1.2238,1.1466,1.2155
29,1.0495,1.1151,1.1101,1.2164,1.2297,1.14,1.2031
29.1,1.0487,1.1259,1.1201,1.2313,1.2429,1.1624,1.1931
29.2,1.0603,1.1101,1.1167,1.233,1.233,1.1466,1.1657
29.3,1.052,1.125,1.1018,1.2297,1.2313,1.1524,1.1475
29.4,1.0536,1.1109,1.0935,1.2172,1.2363,1.1358,1.1259
29.5,1.0545,1.1026,1.1018,1.2238,1.2454,1.1068,1.1433
29.6,1.057,1.1059,1.0844,1.2521,1.2297,1.1184,1.1674
29.7,1.0628,1.1176,1.0736,1.2421,1.2189,1.0702,1.1807
29.8,1.0785,1.1201,1.0669,1.2272,1.2172,1.0536,1.1599
29.9,1.0727,1.1267,1.0528,1.2089,1.1973,1.0794,1.1574
30,1.0736,1.1309,1.0594,1.2205,1.1923,1.1076,1.1358
30.1,1.0777,1.1309,1.0653,1.2222,1.2089,1.1333,1.1242
30.2,1.0777,1.1167,1.0528,1.2047,1.2072,1.1416,1.1209
30.3,1.0719,1.1209,1.0404,1.1989,1.2147,1.135,1.1109
30.4,1.0719,1.1126,1.0254,1.1956,1.1865,1.1101,1.1118
30.5,1.0669,1.1118,1.0146,1.1956,1.1989,1.1076,1.1134
30.6,1.0678,1.1018,1.013,1.1873,1.1956,1.0902,1.1142
30.7,1.0661,1.091,1.0287,1.184,1.2072,1.1043,1.1284
30.8,1.0678,1.0885,1.0154,1.1807,1.2222,1.1142,1.1093
30.9,1.0636,1.0802,1.0329,1.1865,1.223,1.1284,1.1159
31,1.0669,1.0686,1.0362,1.1765,1.2155,1.1134,1.1325
31.1,1.0661,1.0686,1.0594,1.1583,1.1931,1.14,1.13
31.2,1.0594,1.0536,1.042,1.174,1.1848,1.1574,1.1392
31.3,1.0603,1.047,1.047,1.1699,1.1832,1.1591,1.1475
31.4,1.0644,1.0462,1.0262,1.1599,1.1649,1.1732,1.1093
31.5,1.0711,1.0395,1.0221,1.1616,1.1765,1.1815,1.1068
31.6,1.0827,1.032,1.0088,1.1657,1.1699,1.174,1.1184
31.7,1.0852,1.0437,1.0229,1.174,1.1649,1.1641,1.1392
31.8,1.0952,1.0337,1.0196,1.1765,1.1732,1.1317,1.1134
31.9,1.0885,1.037,1.0096,1.1591,1.1616,1.1416,1.1342
32,1.0993,1.0404,1.0171,1.1508,1.15,1.125,1.14
32.1,1.1026,1.0279,1.0345,1.1358,1.1425,1.1392,1.1383
32.2,1.101,1.0395,1.0412,1.1209,1.1383,1.13,1.1425
32.3,1.086,1.0254,1.0619,1.1076,1.1142,1.1408,1.1441
32.4,1.0711,1.0271,1.0636,1.1035,1.1375,1.1392,1.1416
32.5,1.0628,1.0154,1.0528,1.1151,1.1483,1.1475,1.1533
32.6,1.0644,1.0121,1.0578,1.091,1.1284,1.14,1.1524
32.7,1.0702,1.0221,1.0628,1.1043,1.135,1.14,1.1566
32.8,1.0902,1.0262,1.0511,1.1201,1.1367,1.1383,1.1591
32.9,1.0761,1.0271,1.0312,1.1325,1.1242,1.1666,1.1583
33,1.0736,1.0271,1.032,1.1275,1.1176,1.1325,1.14
33.1,1.0711,1.0221,1.0337,1.1093,1.1159,1.1358,1.1375
33.2,1.0844,0.99801,1.0329,1.1134,1.101,1.125,1.1408
33.3,1.0653,0.99136,1.0287,1.1192,1.0835,1.1566,1.1583
33.4,1.0611,1.0038,1.0262,1.125,1.1026,1.1616,1.1533
33.5,1.0561,0.99303,1.0304,1.1093,1.1059,1.145,1.1358
33.6,1.057,1.0013,1.0071,1.1035,1.1209,1.1325,1.1425
33.7,1.0678,1.0038,1.0379,1.1209,1.1192,1.1118,1.1466
33.8,1.0719,0.97476,1.042,1.1192,1.1242,1.1317,1.1416
33.9,1.0777,0.97559,1.0428,1.1076,1.0976,1.1475,1.1583
34,1.0777,0.97227,1.0412,1.0935,1.1101,1.1491,1.1292
34.1,1.086,0.95483,1.0594,1.1026,1.1192,1.1458,1.1151
34.2,1.086,0.95483,1.0653,1.081,1.14,1.1524,1.1151
34.3,1.0819,0.96147,1.0802,1.0819,1.1433,1.1624,1.1275
34.4,1.0794,0.97559,1.0927,1.0702,1.1682,1.1433,1.1309
34.5,1.0827,0.9897,1.0902,1.086,1.1549,1.15,1.1375
34.6,1.0769,0.99635,1.0769,1.0844,1.1416,1.1367,1.1441
34.7,1.0835,0.9897,1.0727,1.052,1.1392,1.145,1.1458
34.8,1.0785,0.97642,1.0794,1.0694,1.1309,1.1392,1.1599
34.9,1.0686,0.99303,1.0719,1.0661,1.1408,1.1641,1.1666
35,1.0545,0.9922,1.0702,1.0586,1.1558,1.1566,1.1408
35.1,1.052,0.99718,1.0844,1.0661,1.1773,1.1317,1.1342
35.2,1.0412,1.0038,1.0686,1.0702,1.1848,1.1275,1.1284
35.3,1.0395,0.98638,1.0594,1.0669,1.1915,1.1342,1.15
35.4,1.0561,0.99136,1.0719,1.0719,1.1923,1.1416,1.1309
35.5,1.0437,0.99053,1.0769,1.0619,1.189,1.1408,1.1408
35.6,1.0387,0.98306,1.1018,1.0437,1.1981,1.1516,1.1475
35.7,1.0337,0.99136,1.1201,1.047,1.1948,1.1583,1.1541
35.8,1.0246,0.99884,1.1367,1.0561,1.1973,1.174,1.1715
35.9,1.0237,1.0055,1.1217,1.042,1.2031,1.1865,1.1749
36,1.0246,1.0113,1.1134,1.0329,1.1998,1.1865,1.1674
36.1,1.0379,1.0213,1.1167,1.0221,1.2155,1.1707,1.1782
36.2,1.0329,1.0213,1.1192,1.0204,1.1964,1.2089,1.1699
36.3,1.032,1.0063,1.1267,1.0395,1.2064,1.2155,1.1599
36.4,1.0271,1.0046,1.1491,1.0362,1.218,1.2197,1.184
36.5,1.0379,1.0204,1.1475,1.0561,1.2321,1.2338,1.174
36.6,1.0362,1.0204,1.145,1.0578,1.233,1.2197,1.1383
36.7,1.0387,1.0204,1.1408,1.0511,1.2097,1.2263,1.1491
36.8,1.0437,1.0088,1.1458,1.0453,1.2205,1.2346,1.1383
36.9,1.047,1.0063,1.1458,1.0603,1.238,1.2139,1.1807
37,1.0478,1.0163,1.1408,1.0769,1.2405,1.1931,1.1516
37.1,1.0553,1.0362,1.1508,1.0794,1.2338,1.1989,1.1865
37.2,1.0487,1.0511,1.1483,1.0827,1.2579,1.1865,1.1964
37.3,1.0462,1.0578,1.145,1.086,1.2753,1.1765,1.1857
37.4,1.0727,1.0528,1.1541,1.091,1.2861,1.2006,1.1881
37.5,1.0711,1.0586,1.1574,1.0761,1.2936,1.1798,1.1848
37.6,1.0727,1.0686,1.1616,1.0711,1.2654,1.1815,1.1558
37.7,1.0736,1.0769,1.1624,1.0794,1.2811,1.1823,1.1657
37.8,1.0777,1.0561,1.135,1.0844,1.2786,1.1823,1.1649
37.9,1.0827,1.057,1.1284,1.0852,1.2969,1.1765,1.1624
38,1.0827,1.0545,1.1491,1.1043,1.2695,1.1749,1.1873
38.1,1.0744,1.0561,1.1375,1.0819,1.2679,1.174,1.1815
38.2,1.0727,1.0694,1.1367,1.1001,1.2712,1.1765,1.1898
38.3,1.0694,1.086,1.1375,1.1018,1.2712,1.1782,1.2081
38.4,1.0744,1.0935,1.1267,1.0935,1.2762,1.1632,1.2106
38.5,1.0761,1.0985,1.1101,1.1068,1.2778,1.1574,1.1956
38.6,1.0744,1.0952,1.1425,1.0943,1.2745,1.1383,1.1699
38.7,1.0835,1.1059,1.1358,1.1043,1.2454,1.1408,1.1591
38.8,1.0794,1.1093,1.1441,1.1234,1.2131,1.1433,1.1566
38.9,1.0868,1.0968,1.1549,1.1441,1.1964,1.1491,1.1549
39,1.0827,1.101,1.1192,1.125,1.1732,1.1624,1.1566
39.1,1.0785,1.0952,1.1259,1.1433,1.1724,1.1416,1.1583
39.2,1.0736,1.1176,1.1159,1.1549,1.1765,1.1317,1.1632
39.3,1.0636,1.1176,1.0968,1.1416,1.179,1.14,1.1392
39.4,1.0578,1.1093,1.0918,1.1358,1.174,1.1358,1.1566
39.5,1.0545,1.1192,1.1018,1.1558,1.1765,1.125,1.1483
39.6,1.0437,1.1051,1.0952,1.1583,1.1931,1.0976,1.1475
39.7,1.0428,1.1018,1.0777,1.1765,1.189,1.0976,1.1632
39.8,1.0387,1.1093,1.0918,1.1832,1.1873,1.1026,1.1558
39.9,1.0437,1.1192,1.091,1.1973,1.1832,1.1209,1.1458
40,1.0503,1.1275,1.096,1.179,1.1981,1.1184,1.1682
40.1,1.0594,1.1333,1.0993,1.1724,1.169,1.1134,1.1607
40.2,1.0487,1.1325,1.0827,1.1873,1.1508,1.1209,1.1392
40.3,1.0561,1.1475,1.0727,1.1823,1.1765,1.1309,1.1566
40.4,1.0528,1.1649,1.0769,1.1732,1.1873,1.1566,1.1624
40.5,1.0503,1.1649,1.0868,1.1749,1.1998,1.145,1.1549
40.6,1.0462,1.179,1.1142,1.1782,1.1757,1.1558,1.1317
40.7,1.0511,1.1599,1.0985,1.1898,1.1682,1.1666,1.1317
40.8,1.0628,1.1524,1.1051,1.1724,1.1906,1.1707,1.1333
40.9,1.0761,1.1641,1.1101,1.1533,1.1832,1.1715,1.1284
41,1.0686,1.1724,1.1275,1.1666,1.2189,1.1599,1.1383
41.1,1.0678,1.1724,1.1068,1.1773,1.2305,1.15,1.1234
41.2,1.0744,1.1649,1.1026,1.1798,1.2297,1.14,1.1309
41.3,1.0702,1.1682,1.101,1.1832,1.2471,1.1649,1.1508
41.4,1.0636,1.174,1.1043,1.1674,1.2521,1.1749,1.1682
41.5,1.0594,1.1641,1.1059,1.1632,1.2521,1.1757,1.1707
41.6,1.0536,1.1533,1.0952,1.1657,1.2512,1.1724,1.184
41.7,1.0752,1.135,1.0985,1.1583,1.2504,1.1674,1.1906
41.8,1.0719,1.1267,1.081,1.145,1.2346,1.1558,1.2089
41.9,1.0694,1.1151,1.0852,1.1367,1.2388,1.1408,1.2263
42,1.0719,1.1209,1.0785,1.1309,1.2097,1.1441,1.2197
42.1,1.0702,1.1184,1.1035,1.1392,1.2214,1.1475,1.2355
42.2,1.0736,1.0976,1.1109,1.1425,1.2172,1.1524,1.2214
42.3,1.0619,1.0877,1.1059,1.1209,1.2031,1.1392,1.1865
42.4,1.0586,1.096,1.0877,1.1059,1.2072,1.1234,1.1807
42.5,1.0752,1.086,1.1018,1.1118,1.2097,1.1259,1.1881
42.6,1.0785,1.0877,1.086,1.1093,1.1964,1.1226,1.2014
42.7,1.0852,1.0769,1.0827,1.0993,1.1857,1.1035,1.1948
42.8,1.086,1.086,1.1176,1.1043,1.2122,1.091,1.1915
42.9,1.1043,1.0769,1.0985,1.0885,1.1915,1.1275,1.2006
43,1.1026,1.0744,1.0711,1.0927,1.228,1.1267,1.1616
43.1,1.1101,1.0678,1.0769,1.1126,1.2454,1.1383,1.1616
43.2,1.1084,1.0503,1.0678,1.1151,1.2363,1.1333,1.1666
43.3,1.1068,1.0395,1.0594,1.1275,1.2521,1.1134,1.1475
43.4,1.1201,1.0536,1.0536,1.1367,1.2363,1.13,1.1599
43.5,1.1126,1.0819,1.0395,1.096,1.2097,1.1325,1.1309
43.6,1.1159,1.0719,1.0478,1.1076,1.2172,1.1151,1.13
43.7,1.1118,1.0918,1.0553,1.1126,1.2255,1.1026,1.1317
43.8,1.1093,1.0852,1.0736,1.0993,1.2305,1.1167,1.1333
43.9,1.1118,1.0719,1.0711,1.0927,1.2247,1.0868,1.1142
44,1.1018,1.0694,1.0819,1.1018,1.2172,1.0893,1.145
44.1,1.1051,1.0902,1.0976,1.1284,1.2039,1.081,1.1441
44.2,1.1084,1.1093,1.0761,1.1267,1.1973,1.0769,1.1441
44.3,1.1159,1.101,1.0752,1.1242,1.2056,1.0752,1.15
44.4,1.1217,1.1201,1.0503,1.1242,1.1807,1.081,1.1342
44.5,1.1176,1.1226,1.0495,1.1192,1.174,1.1101,1.145
44.6,1.1118,1.1084,1.0852,1.1267,1.1732,1.1416,1.1491
44.7,1.0985,1.1192,1.0877,1.1184,1.1607,1.1624,1.1524
44.8,1.091,1.125,1.0769,1.1051,1.1524,1.1541,1.1491
44.9,1.0844,1.1118,1.0785,1.0777,1.1757,1.1566,1.1682
45,1.0644,1.1234,1.0835,1.0794,1.1865,1.1823,1.1682
45.1,1.057,1.1151,1.0819,1.0769,1.1998,1.2006,1.1641
45.2,1.057,1.1051,1.0785,1.091,1.1682,1.1815,1.1881
45.3,1.0453,1.0918,1.0968,1.0827,1.1848,1.1558,1.174
45.4,1.0462,1.1142,1.091,1.0835,1.1757,1.1516,1.169
45.5,1.0487,1.1018,1.0935,1.0744,1.1641,1.1715,1.1641
45.6,1.0412,1.0952,1.101,1.0761,1.1765,1.174,1.1724
45.7,1.0379,1.0877,1.0868,1.0927,1.1632,1.1491,1.1574
45.8,1.0462,1.0819,1.086,1.0769,1.1641,1.145,1.179
45.9,1.0511,1.0976,1.0993,1.0611,1.1666,1.1641,1.1832
46,1.0503,1.0868,1.0877,1.0719,1.1641,1.1707,1.1956
46.1,1.0561,1.096,1.0802,1.0819,1.1666,1.1749,1.2139
46.2,1.0553,1.0619,1.096,1.0835,1.1757,1.1898,1.2155
46.3,1.0553,1.0711,1.0935,1.0603,1.1591,1.1848,1.2089
46.4,1.0611,1.0777,1.1118,1.0603,1.1599,1.1823,1.2064
46.5,1.0578,1.0877,1.1134,1.0628,1.1483,1.1533,1.2047
46.6,1.0661,1.0744,1.1159,1.0553,1.1383,1.1674,1.2155
46.7,1.0694,1.0761,1.1018,1.037,1.15,1.1782,1.1989
46.8,1.0611,1.0702,1.0902,1.0287,1.1616,1.2056,1.1948
46.9,1.0686,1.0935,1.1109,1.0428,1.1715,1.2255,1.1441
47,1.0694,1.1192,1.1035,1.0462,1.1765,1.2405,1.1275
47.1,1.0678,1.1284,1.1176,1.057,1.1931,1.2297,1.1641
47.2,1.0769,1.1192,1.1192,1.0329,1.1815,1.2131,1.15
47.3,1.0777,1.1068,1.1284,1.0428,1.1956,1.2164,1.1599
47.4,1.0752,1.1101,1.1333,1.0487,1.194,1.1798,1.1408
47.5,1.0877,1.1118,1.1483,1.0362,1.1632,1.1732,1.1292
47.6,1.0835,1.1192,1.14,1.0395,1.1931,1.1956,1.1026
47.7,1.0885,1.1184,1.1707,1.0246,1.2097,1.1657,1.1408
47.8,1.091,1.1076,1.184,1.0204,1.2014,1.1491,1.1533
47.9,1.0893,1.1292,1.1732,1.0154,1.2014,1.1699,1.1392
48,1.0844,1.1367,1.1641,1.0196,1.2288,1.1798,1.1342
48.1,1.0744,1.1375,1.1466,1.0304,1.2405,1.1773,1.1433
48.2,1.081,1.1292,1.1234,1.0379,1.218,1.174,1.1325
48.3,1.086,1.1317,1.1209,1.0329,1.2072,1.1549,1.1159
48.4,1.091,1.1333,1.1176,1.0271,1.1989,1.1084,1.1284
48.5,1.0952,1.1109,1.0761,1.0287,1.2172,1.0943,1.14
48.6,1.0835,1.1217,1.0653,1.0404,1.2297,1.096,1.1358
48.7,1.0777,1.1093,1.0636,1.0345,1.233,1.0744,1.1533
48.8,1.0752,1.086,1.0603,1.0487,1.2164,1.0802,1.15
48.9,1.0802,1.0852,1.0669,1.0553,1.2205,1.0868,1.1425
49,1.0661,1.0885,1.0636,1.0586,1.2097,1.0819,1.14
49.1,1.0636,1.0752,1.0619,1.081,1.2263,1.0877,1.1275
49.2,1.0586,1.0968,1.0777,1.0927,1.2263,1.1126,1.1118
49.3,1.0694,1.0794,1.0661,1.1001,1.2139,1.15,1.1209
49.4,1.0611,1.0752,1.0777,1.0927,1.2272,1.1749,1.1267
49.5,1.0536,1.081,1.0868,1.0927,1.2155,1.1682,1.1284
49.6,1.0445,1.0736,1.0985,1.0935,1.2155,1.1491,1.1043
49.7,1.0503,1.0669,1.091,1.1059,1.2114,1.1583,1.0943
49.8,1.052,1.0611,1.0752,1.0952,1.2047,1.1848,1.0993
49.9,1.0437,1.0628,1.0927,1.1001,1.2014,1.1815,1.0777
50,1.0511,1.0711,1.0727,1.091,1.1857,1.189,1.0976
50.1,1.0561,1.0594,1.0736,1.1101,1.1682,1.1773,1.0976
50.2,1.0561,1.0495,1.0686,1.1408,1.1591,1.1516,1.0985
50.3,1.0404,1.0437,1.0943,1.1416,1.1524,1.1475,1.1358
50.4,1.042,1.0462,1.0952,1.1533,1.174,1.1574,1.1599
50.5,1.0428,1.0412,1.091,1.1516,1.1541,1.1857,1.1475
50.6,1.0536,1.0279,1.1134,1.179,1.1624,1.2114,1.1566
50.7,1.0528,1.0262,1.1076,1.1483,1.1416,1.2355,1.1441
50.8,1.047,0.99718,1.096,1.1425,1.14,1.233,1.1416
50.9,1.0611,0.99635,1.1167,1.1226,1.1475,1.2363,1.1325
51,1.0578,1.0146,1.1001,1.1358,1.1574,1.2396,1.1275
51.1,1.057,1.0337,1.0985,1.1392,1.1267,1.2321,1.1201
51.2,1.0644,1.0412,1.1159,1.1416,1.1416,1.262,1.1325
51.3,1.0561,1.032,1.1242,1.1317,1.1657,1.2687,1.1275
51.4,1.0553,1.0262,1.1184,1.1234,1.1624,1.2438,1.13
51.5,1.0636,1.0138,1.1176,1.1126,1.1699,1.2313,1.1267
51.6,1.0628,1.0271,1.1076,1.1043,1.1549,1.2463,1.1275
51.7,1.0777,1.0453,1.1109,1.1284,1.1757,1.2405,1.14
51.8,1.0794,1.047,1.1035,1.1599,1.1815,1.2039,1.1358
51.9,1.0927,1.0561,1.1176,1.1632,1.1857,1.1915,1.1599
52,1.0827,1.052,1.1192,1.1607,1.1798,1.1989,1.1524
52.1,1.091,1.047,1.1126,1.1857,1.1964,1.2072,1.1284
52.2,1.0927,1.032,1.1284,1.1956,1.1873,1.1981,1.1375
52.3,1.0852,1.0545,1.1151,1.1865,1.1765,1.1956,1.1375
52.4,1.0761,1.0487,1.1176,1.184,1.1973,1.1998,1.1226
52.5,1.0744,1.0462,1.1184,1.1807,1.1956,1.1782,1.1159
52.6,1.0752,1.0345,1.1043,1.174,1.2139,1.2039,1.14
52.7,1.0868,1.0154,1.1018,1.1649,1.2064,1.2047,1.1574
52.8,1.0802,1.0354,1.0993,1.1632,1.2114,1.1923,1.145
52.9,1.0827,1.032,1.0885,1.1732,1.2263,1.2081,1.1309
53,1.0694,1.0237,1.0918,1.1599,1.2363,1.1699,1.1325
53.1,1.0761,1.0337,1.0719,1.1649,1.2263,1.1782,1.1226
53.2,1.0819,1.0387,1.0868,1.1491,1.2056,1.1989,1.1441
53.3,1.0711,1.0503,1.0785,1.1433,1.1749,1.1699,1.1524
53.4,1.0794,1.0354,1.1001,1.1533,1.1516,1.179,1.15
53.5,1.0744,1.0362,1.1192,1.1649,1.1516,1.1599,1.145
53.6,1.0744,1.0304,1.1259,1.1516,1.1632,1.1599,1.1267
53.7,1.0761,1.008,1.1226,1.1242,1.1516,1.1666,1.1209
53.8,1.0653,1.0196,1.1109,1.1167,1.145,1.174,1.1093
53.9,1.0603,1.0005,1.1242,1.1242,1.1126,1.1773,1.13
54,1.0478,0.99552,1.1159,1.1093,1.0918,1.189,1.1275
54.1,1.0412,0.99136,1.1134,1.1167,1.1018,1.1981,1.1109
54.2,1.032,0.99635,1.1001,1.0985,1.0952,1.1906,1.0918
54.3,1.0312,0.99635,1.1234,1.096,1.0943,1.1857,1.1101
54.4,1.0387,0.99884,1.0885,1.1001,1.0943,1.1599,1.0976
54.5,1.0395,0.99635,1.1167,1.1159,1.0927,1.1516,1.1242
54.6,1.0312,0.98804,1.0968,1.1342,1.0802,1.1732,1.1126
54.7,1.0237,0.99136,1.0902,1.1358,1.0727,1.1973,1.1383
54.8,1.0279,1.0005,1.0968,1.1392,1.0794,1.1798,1.1242
54.9,1.0271,1.0022,1.1026,1.1309,1.0885,1.1964,1.1333
55,1.0395,0.99469,1.1068,1.1309,1.1292,1.194,1.1383
55.1,1.0462,0.99469,1.096,1.1649,1.1242,1.2122,1.1491
55.2,1.0528,0.99801,1.1151,1.1566,1.1167,1.1906,1.1126
55.3,1.0387,0.98057,1.1076,1.1375,1.1275,1.2006,1.1018
55.4,1.0337,0.98555,1.086,1.1408,1.101,1.2047,1.1076
55.5,1.0404,0.99552,1.0802,1.145,1.0893,1.2172,1.125
55.6,1.0503,1.0005,1.0736,1.145,1.0927,1.2006,1.1392
55.7,1.0453,1.0113,1.0877,1.1425,1.1093,1.2064,1.14
55.8,1.0478,0.99386,1.0985,1.1516,1.1217,1.1998,1.1259
55.9,1.0478,1.0022,1.0852,1.1599,1.1309,1.1773,1.1325
56,1.0412,1.0071,1.0902,1.1558,1.1209,1.1832,1.1292
56.1,1.0428,0.98721,1.0835,1.1674,1.1275,1.1773,1.1425
56.2,1.0362,1.0005,1.0835,1.1416,1.1101,1.1682,1.1466
56.3,1.0503,0.99552,1.0802,1.1566,1.1167,1.1591,1.1284
56.4,1.0536,0.99386,1.0827,1.1234,1.14,1.1408,1.101
56.5,1.0495,0.99718,1.1076,1.1284,1.1259,1.1167,1.0985
56.6,1.0536,0.99303,1.1076,1.125,1.1184,1.1267,1.1126
56.7,1.0628,0.99136,1.1118,1.1101,1.1068,1.1433,1.1217
56.8,1.0669,0.97725,1.1101,1.1317,1.0877,1.1367,1.0968
56.9,1.0636,0.97974,1.1093,1.1441,1.0976,1.14,1.0935
57,1.0694,0.9814,1.1192,1.1649,1.0727,1.1176,1.1068
57.1,1.0661,0.98804,1.1184,1.1524,1.0844,1.0918,1.1226
57.2,1.0628,1.0038,1.1234,1.1607,1.0785,1.101,1.145
57.3,1.0495,0.99884,1.1151,1.1524,1.0802,1.1167,1.1466
57.4,1.0478,1.0088,1.1084,1.1375,1.0603,1.1126,1.1392
57.5,1.047,1.0163,1.0852,1.1657,1.0611,1.0835,1.15
57.6,1.0404,0.99469,1.0877,1.169,1.047,1.0678,1.1674
57.7,1.0354,1.003,1.0827,1.1674,1.047,1.0868,1.1616
57.8,1.0395,1.0013,1.1051,1.1632,1.0877,1.052,1.1682
57.9,1.0462,1.0088,1.1134,1.1475,1.0927,1.0478,1.1873
58,1.0437,1.0022,1.1309,1.1309,1.091,1.0702,1.179
58.1,1.0487,1.0096,1.1176,1.1367,1.1051,1.0769,1.179
58.2,1.0503,1.0088,1.1068,1.1491,1.1167,1.0711,1.2039
58.3,1.057,1.0163,1.0902,1.1375,1.1226,1.0711,1.1798
58.4,1.0528,1.0337,1.0985,1.1392,1.1159,1.0702,1.1574
58.5,1.0636,1.0453,1.1051,1.1524,1.0918,1.0561,1.145
58.6,1.0586,1.0445,1.0943,1.1583,1.1118,1.042,1.1732
58.7,1.0528,1.0561,1.0885,1.1317,1.091,1.0312,1.1782
58.8,1.0528,1.0545,1.0935,1.1217,1.0844,1.0345,1.1724
58.9,1.0362,1.0495,1.0952,1.135,1.0885,1.0453,1.1674
59,1.042,1.0528,1.0686,1.1392,1.0711,1.0428,1.189
59.1,1.0354,1.0594,1.0727,1.1367,1.0744,1.0586,1.1674
59.2,1.032,1.057,1.0819,1.1167,1.0952,1.0902,1.1798
59.3,1.0171,1.0694,1.0844,1.1284,1.0968,1.125,1.1666
59.4,1.0179,1.0719,1.0736,1.1159,1.0835,1.1284,1.1881
59.5,1.0121,1.0678,1.0935,1.1375,1.0744,1.1084,1.194
59.6,1.0063,1.0611,1.0968,1.1475,1.0594,1.1126,1.1956
59.7,1.0138,1.0719,1.0935,1.1724,1.0636,1.1416,1.174
59.8,1.0138,1.0761,1.0736,1.1715,1.0536,1.1483,1.1707
59.9,1.0296,1.0711,1.0761,1.1549,1.0578,1.1317,1.1807
60,1.0254,1.0628,1.081,1.1524,1.0453,1.1574,1.2006
