hyd,vel
0.000000,-2.204058
0.000000,-2.204058
0.000000,3.406272
0.000000,0.200369
0.000000,2.003689
0.000000,-0.400738
0.000000,-0.801476
0.000000,-2.604796
0.000000,-2.404427
0.000000,-0.400738
0.000000,2.003689
0.000000,0.000000
0.000000,1.803320
0.000000,0.000000
0.000000,-3.406272
0.000000,1.402583
0.000000,-3.205903
0.000000,-4.007379
0.000000,-0.601107
0.000000,1.202214
0.000000,-1.803320
0.000000,2.404427
0.000000,-1.803320
0.000000,0.601107
0.000000,2.814074
0.000000,0.000000
0.000000,-4.422116
0.000000,1.608042
0.000000,4.221111
0.000000,1.407037
0.000000,-1.407037
0.000000,-2.613069
0.000000,-0.402011
0.000000,1.809047
0.000000,1.407037
0.000000,1.809047
0.000000,2.211058
0.000000,0.000000
0.000000,-0.804021
0.000000,-0.402011
0.000000,2.211058
0.000000,2.211058
0.000000,-1.608042
0.000000,-0.201005
0.000000,3.216084
0.000000,-2.010053
0.000000,2.412063
0.000000,-1.781248
0.000000,-0.989582
0.000000,-1.385415
0.000000,0.197916
0.000000,0.593749
0.000000,2.770830
0.000000,3.760412
0.000000,-0.791666
0.000000,-0.197916
0.000000,-2.968746
0.000000,-2.770830
0.000000,-1.583331
0.000000,-1.187498
0.000000,-1.385415
0.000000,-3.166663
0.000000,-0.791666
0.000000,0.000000
0.000000,-1.385415
0.000000,0.593749
0.000000,-1.583331
0.000000,1.781248
0.000000,-1.781248
0.000000,0.791666
0.000000,-1.385415
0.000000,0.201060
0.000000,-0.402120
0.000000,0.402120
0.000000,0.402120
0.000000,1.005301
0.000000,1.206361
0.000000,1.608481
0.000000,2.814842
0.000000,-0.603181
0.000000,0.402120
0.000000,4.624384
0.000000,2.814842
0.000000,-1.608481
0.000000,0.603181
0.000000,0.603181
0.000000,-3.820143
0.000000,-0.804241
0.000000,0.402120
0.000000,-0.603181
0.000000,1.608481
0.000000,0.804241
0.000000,0.000000
0.000000,1.608481
0.000000,-0.804241
0.000000,-2.613782
0.000000,-4.222264
0.000000,3.216963
0.000000,-3.015903
0.000000,-1.608481
0.000000,0.603181
0.000000,0.201060
0.000000,-1.992141
0.000000,0.796856
0.000000,2.788998
0.000000,-0.199214
0.000000,2.191355
0.000000,-0.398428
0.000000,-0.398428
0.000000,0.597642
0.000000,0.996071
0.000000,-0.597642
0.000000,1.992141
0.000000,3.585854
0.000000,1.792927
0.000000,3.386640
0.000000,0.996071
0.000000,1.195285
0.000000,2.788998
0.000000,-1.394499
0.000000,2.788998
0.000000,-1.792927
0.000000,0.398428
0.000000,-0.796856
0.000000,-0.199214
0.000000,-2.191355
0.000000,0.199214
0.000000,0.597642
0.000000,0.000000
0.000000,0.796856
0.000000,1.992141
0.000000,-1.992141
0.000000,-2.589784
0.000000,0.597642
0.000000,1.195285
0.100000,2.806358
0.100000,5.412262
0.100000,9.822252
0.100000,0.801817
0.100000,4.610445
0.100000,8.018165
0.100000,2.004541
0.100000,7.817711
0.100000,6.013624
0.100000,3.407720
0.100000,0.000000
0.100000,3.808629
0.100000,5.813170
0.100000,5.612716
0.100000,3.407720
0.100000,3.006812
0.100000,9.020436
0.100000,5.813170
0.100000,4.209537
0.100000,2.605904
0.100000,4.009083
0.100000,-1.603633
0.100000,2.605904
0.100000,5.612716
0.100000,0.400908
0.100000,5.813170
0.100000,3.207266
0.100000,3.808629
0.100000,4.610445
0.100000,5.211807
0.100000,1.002271
0.100000,4.810899
0.100000,5.612716
0.100000,8.018165
0.100000,4.209537
0.100000,4.610445
0.100000,2.605904
0.100000,6.013624
0.100000,1.403179
0.100000,1.202725
0.100000,1.804087
0.100000,1.202725
0.100000,1.603633
0.100000,3.407720
0.100000,2.806358
0.100000,2.806358
0.100000,6.214078
0.100000,2.806358
0.100000,5.412262
0.100000,5.412262
0.100000,3.207266
0.100000,5.813170
0.100000,4.009083
0.100000,5.412262
0.100000,3.207266
0.100000,2.806358
0.100000,5.011353
0.100000,0.601362
0.100000,3.006812
0.100000,6.013624
0.100000,3.808629
0.100000,5.211807
0.100000,5.612716
0.100000,0.000000
0.100000,3.808629
0.100000,1.403179
0.100000,4.209537
0.100000,2.004541
0.100000,4.409991
0.100000,-0.200454
0.100000,7.990940
0.100000,0.599320
0.100000,7.591393
0.100000,1.198641
0.100000,5.393884
0.100000,0.799094
0.100000,3.995470
0.100000,3.995470
0.100000,5.393884
0.100000,4.195243
0.100000,4.994337
0.100000,4.195243
0.100000,5.793431
0.100000,5.993205
0.100000,6.392752
0.100000,4.594790
0.100000,0.599320
0.100000,4.195243
0.100000,4.195243
0.100000,6.192978
0.100000,5.793431
0.100000,4.395017
0.100000,2.996602
0.100000,7.191846
0.100000,5.793431
0.100000,2.397282
0.100000,2.197508
0.100000,2.197508
0.100000,1.598188
0.100000,4.794564
0.100000,4.794564
0.100000,1.598188
0.100000,4.395017
0.100000,0.799094
0.100000,4.994337
0.100000,3.396149
0.100000,4.395017
0.100000,2.796829
0.100000,5.593658
0.100000,3.995470
0.100000,4.794564
0.100000,7.591393
0.100000,4.594790
0.100000,2.197508
0.100000,1.598188
0.100000,6.992072
0.100000,1.797961
0.100000,3.595923
0.100000,5.194111
0.100000,5.593658
0.100000,3.995470
0.100000,6.392752
0.100000,5.593658
0.100000,5.194111
0.100000,6.392752
0.100000,2.996602
0.100000,3.196376
0.100000,4.794564
0.100000,6.992072
0.100000,4.794564
0.100000,6.192978
0.100000,4.195243
0.100000,5.593658
0.100000,4.195243
0.100000,7.990940
0.100000,6.192978
0.100000,4.395017
0.100000,4.994337
0.100000,2.996602
0.100000,4.794564
0.100000,2.796829
0.100000,2.796829
0.100000,1.997735
0.100000,5.393029
0.100000,4.793804
0.100000,2.396902
0.100000,4.993546
0.100000,3.195869
0.100000,2.396902
0.100000,1.797676
0.100000,2.197160
0.100000,5.393029
0.100000,5.992255
0.100000,2.796386
0.100000,4.793804
0.100000,4.793804
0.100000,3.595353
0.100000,3.994837
0.100000,1.797676
0.100000,5.792513
0.100000,3.195869
0.100000,3.195869
0.100000,3.395611
0.100000,1.398193
0.100000,2.596644
0.100000,1.997418
0.100000,5.992255
0.100000,4.793804
0.100000,4.194578
0.100000,3.994837
0.100000,4.194578
0.100000,3.195869
0.100000,6.990964
0.100000,3.195869
0.100000,5.592771
0.100000,4.394320
0.100000,3.795095
0.100000,3.994837
0.100000,5.592771
0.100000,2.796386
0.100000,2.197160
0.100000,3.595353
0.100000,3.395611
0.100000,4.793804
0.100000,1.198451
0.100000,0.998709
0.100000,3.195869
0.100000,2.197160
0.100000,4.793804
0.100000,4.993546
0.100000,5.792513
0.100000,1.597935
0.100000,3.595353
0.100000,1.597935
0.100000,0.399484
0.100000,2.996127
0.100000,3.595353
0.100000,5.592771
0.100000,5.592771
0.100000,3.595353
0.100000,2.796386
0.100000,2.596644
0.100000,4.594062
0.100000,2.596644
0.100000,4.993546
0.100000,6.391738
0.100000,5.792513
0.100000,1.797676
0.100000,6.591480
0.100000,4.793804
0.100000,1.597935
0.100000,2.396902
0.100000,1.198451
0.100000,7.190706
0.100000,5.393029
0.100000,2.996127
0.100000,5.203082
0.100000,4.002371
0.100000,4.202489
0.100000,4.402608
0.100000,3.001778
0.100000,3.802252
0.100000,7.204267
0.100000,1.600948
0.100000,5.002963
0.100000,4.602726
0.100000,6.203674
0.100000,2.401422
0.100000,4.602726
0.100000,5.203082
0.100000,4.402608
0.100000,1.000593
0.100000,5.203082
0.100000,3.602134
0.100000,5.803437
0.100000,2.801659
0.100000,6.203674
0.100000,3.802252
0.100000,3.201896
0.100000,5.002963
0.100000,3.402015
0.100000,6.403793
0.100000,3.402015
0.100000,3.602134
0.100000,2.401422
0.100000,4.402608
0.100000,3.602134
0.100000,3.201896
0.100000,1.600948
0.100000,7.804623
0.100000,1.400830
0.100000,5.403200
0.100000,4.602726
0.100000,3.402015
0.100000,4.802845
0.100000,2.401422
0.100000,1.801067
0.100000,4.002371
0.100000,1.600948
0.100000,6.203674
0.100000,3.602134
0.100000,2.801659
0.100000,5.203082
0.100000,5.203082
0.100000,6.403793
0.100000,6.203674
0.100000,2.201304
0.100000,8.805215
0.100000,1.801067
0.100000,2.001185
0.100000,1.400830
0.100000,3.001778
0.100000,5.002963
0.100000,6.203674
0.100000,1.000593
0.100000,7.004149
0.100000,2.201304
0.100000,5.403200
0.100000,5.002963
0.100000,8.404978
0.100000,-0.400237
0.100000,4.201986
0.100000,3.801797
0.100000,6.202932
0.100000,4.802270
0.100000,3.801797
0.100000,5.402554
0.100000,3.401608
0.100000,2.801324
0.100000,4.001892
0.100000,1.200567
0.100000,4.802270
0.100000,2.801324
0.100000,2.000946
0.100000,3.801797
0.100000,4.402081
0.100000,6.403027
0.100000,1.000473
0.100000,5.202459
0.100000,1.600757
0.100000,3.801797
0.100000,6.803216
0.100000,2.201040
0.100000,5.802743
0.100000,2.601230
0.100000,4.402081
0.100000,4.802270
0.100000,5.602648
0.100000,3.801797
0.100000,3.601702
0.100000,4.402081
0.100000,4.001892
0.100000,3.801797
0.100000,6.803216
0.100000,6.803216
0.100000,8.203878
0.100000,4.802270
0.100000,5.202459
0.100000,4.802270
0.100000,2.601230
0.100000,2.801324
0.100000,1.200567
0.100000,-0.600284
0.100000,5.802743
0.100000,0.200095
0.100000,5.402554
0.100000,4.201986
0.100000,-0.400189
0.100000,3.201513
0.100000,4.602175
0.100000,3.201513
0.100000,4.201986
0.100000,4.602175
0.100000,0.400189
0.100000,5.602648
0.100000,3.401608
0.100000,4.602175
0.100000,4.201986
0.100000,3.801797
0.100000,3.801797
0.100000,6.403027
0.100000,2.401135
0.100000,2.601230
0.100000,3.401608
0.100000,4.402081
0.100000,1.600757
0.100000,0.600284
0.100000,7.603594
0.100000,2.000946
0.100000,6.202932
0.100000,4.802270
0.100000,5.402554
0.100000,3.401608
0.100000,4.402081
0.200000,2.992648
0.200000,8.578924
0.200000,3.990197
0.200000,2.793138
0.200000,1.197059
0.200000,4.389217
0.200000,5.985296
0.200000,6.184805
0.200000,7.182355
0.200000,5.985296
0.200000,1.596079
0.200000,4.987746
0.200000,2.593628
0.200000,3.990197
0.200000,4.189707
0.200000,4.189707
0.200000,4.987746
0.200000,4.588727
0.200000,5.187256
0.200000,5.386766
0.200000,6.583825
0.200000,5.785786
0.200000,6.982845
0.200000,4.788237
0.200000,6.384315
0.200000,5.187256
0.200000,8.379414
0.200000,4.189707
0.200000,4.788237
0.200000,3.391668
0.200000,3.591177
0.200000,5.985296
0.200000,3.391668
0.200000,1.596079
0.200000,3.591177
0.200000,6.384315
0.200000,8.977943
0.200000,7.581374
0.200000,2.394118
0.200000,2.394118
0.200000,3.990197
0.200000,5.586276
0.200000,5.785786
0.200000,4.588727
0.200000,4.987746
0.200000,4.987746
0.200000,5.785786
0.200000,3.591177
0.200000,5.985296
0.200000,6.583825
0.200000,3.790687
0.200000,7.381865
0.200000,3.391668
0.200000,3.790687
0.200000,3.391668
0.200000,2.992648
0.200000,4.788237
0.200000,5.586276
0.200000,6.583825
0.200000,3.391668
0.200000,5.785786
0.200000,2.992648
0.200000,9.975493
0.200000,4.389217
0.200000,2.793138
0.200000,1.795589
0.200000,4.588727
0.200000,2.194608
0.200000,5.586276
0.200000,3.192158
0.200000,4.788237
0.200000,5.985296
0.200000,5.187256
0.200000,5.785786
0.200000,7.182355
0.200000,2.194608
0.200000,4.588727
0.200000,0.997549
0.200000,2.992648
0.200000,0.199510
0.200000,6.184805
0.200000,2.394118
0.200000,1.795589
0.200000,3.591177
0.200000,4.189707
0.200000,4.003815
0.200000,5.605341
0.200000,7.206867
0.200000,6.606295
0.200000,8.007630
0.200000,1.401335
0.200000,3.803624
0.200000,6.205913
0.200000,6.606295
0.200000,4.804578
0.200000,5.605341
0.200000,4.204006
0.200000,4.003815
0.200000,3.002861
0.200000,3.002861
0.200000,2.402289
0.200000,7.407058
0.200000,6.406104
0.200000,5.004769
0.200000,6.005722
0.200000,5.605341
0.200000,3.403243
0.200000,6.205913
0.200000,5.004769
0.200000,4.003815
0.200000,6.005722
0.200000,5.004769
0.200000,6.406104
0.200000,1.601526
0.200000,4.804578
0.200000,3.203052
0.200000,3.203052
0.200000,5.004769
0.200000,6.406104
0.200000,7.006676
0.200000,4.404196
0.200000,5.805532
0.200000,5.805532
0.200000,4.404196
0.200000,7.006676
0.200000,5.004769
0.200000,8.007630
0.200000,3.803624
0.200000,6.406104
0.200000,1.401335
0.200000,4.003815
0.200000,7.607248
0.200000,6.205913
0.200000,0.400381
0.200000,4.604387
0.200000,5.204959
0.200000,6.406104
0.200000,5.004769
0.200000,5.405150
0.200000,5.605341
0.200000,8.408011
0.200000,4.604387
0.200000,3.403243
0.200000,7.006676
0.200000,2.602480
0.200000,1.000954
0.200000,3.603433
0.200000,4.204006
0.200000,5.004769
0.200000,5.004769
0.200000,3.002861
0.200000,7.607248
0.200000,5.004769
0.200000,6.606295
0.200000,4.604387
0.200000,6.005722
0.200000,3.002861
0.200000,6.606295
0.200000,4.404196
0.200000,5.204959
0.200000,5.004769
0.200000,7.807439
0.200000,2.194841
0.200000,4.190150
0.200000,5.187805
0.200000,5.586867
0.200000,5.187805
0.200000,2.992965
0.200000,6.384991
0.200000,7.183115
0.200000,2.793434
0.200000,4.788743
0.200000,5.187805
0.200000,4.988274
0.200000,1.396717
0.200000,4.190150
0.200000,1.995310
0.200000,0.399062
0.200000,3.990619
0.200000,5.387336
0.200000,7.183115
0.200000,4.190150
0.200000,6.784053
0.200000,3.990619
0.200000,5.985929
0.200000,3.791089
0.200000,2.394372
0.200000,3.591558
0.200000,4.589212
0.200000,2.793434
0.200000,6.584522
0.200000,4.589212
0.200000,5.387336
0.200000,5.586867
0.200000,5.387336
0.200000,4.988274
0.200000,3.990619
0.200000,6.185460
0.200000,6.384991
0.200000,4.389681
0.200000,3.591558
0.200000,6.983584
0.200000,2.793434
0.200000,4.988274
0.200000,5.586867
0.200000,3.192496
0.200000,3.392027
0.200000,3.791089
0.200000,6.384991
0.200000,3.791089
0.200000,6.384991
0.200000,5.187805
0.200000,5.187805
0.200000,4.589212
0.200000,4.589212
0.200000,5.586867
0.200000,5.586867
0.200000,6.584522
0.200000,4.589212
0.200000,8.180770
0.200000,5.985929
0.200000,5.786398
0.200000,5.187805
0.200000,6.784053
0.200000,4.389681
0.200000,1.197186
0.200000,2.992965
0.200000,4.589212
0.200000,1.995310
0.200000,4.589212
0.200000,2.593903
0.200000,4.988274
0.200000,6.185460
0.200000,4.988274
0.200000,10.176080
0.200000,6.384991
0.200000,4.589212
0.200000,4.788743
0.200000,2.992965
0.200000,4.788743
0.200000,-0.199531
0.200000,4.788743
0.200000,5.387336
0.200000,4.589212
0.200000,8.380301
0.200000,7.382646
0.200000,4.788743
0.200000,6.611508
0.200000,4.006975
0.200000,4.407672
0.200000,4.207323
0.200000,3.405928
0.200000,4.006975
0.200000,6.210811
0.200000,6.811857
0.200000,4.407672
0.200000,3.806626
0.200000,4.207323
0.200000,5.409416
0.200000,7.412903
0.200000,1.402441
0.200000,7.613252
0.200000,3.806626
0.200000,2.804882
0.200000,4.207323
0.200000,4.407672
0.200000,7.613252
0.200000,6.210811
0.200000,7.613252
0.200000,1.803139
0.200000,0.801395
0.200000,3.405928
0.200000,5.409416
0.200000,3.606277
0.200000,3.806626
0.200000,1.202092
0.200000,6.210811
0.200000,3.606277
0.200000,4.006975
0.200000,4.808369
0.200000,7.813600
0.200000,2.404185
0.200000,3.005231
0.200000,4.808369
0.200000,2.604533
0.200000,6.010462
0.200000,4.608021
0.200000,5.609764
0.200000,4.808369
0.200000,5.209067
0.200000,4.608021
0.200000,3.405928
0.200000,2.003487
0.200000,4.207323
0.200000,8.614995
0.200000,4.006975
0.200000,7.012205
0.200000,6.010462
0.200000,1.803139
0.200000,6.210811
0.200000,7.613252
0.200000,5.209067
0.200000,6.411159
0.200000,4.808369
0.200000,4.207323
0.200000,3.005231
0.200000,3.606277
0.200000,1.602790
0.200000,1.202092
0.200000,5.409416
0.200000,1.803139
0.200000,5.409416
0.200000,4.006975
0.200000,2.604533
0.200000,5.810113
0.200000,1.001744
0.200000,2.404185
0.200000,1.803139
0.200000,9.216041
0.200000,6.210811
0.200000,6.411159
0.200000,5.409416
0.200000,3.806626
0.200000,6.611508
0.200000,5.810113
0.200000,6.210811
0.200000,6.010462
0.200000,5.409416
0.200000,5.609764
0.200000,8.414647
0.200000,3.606277
0.200000,5.609764
0.200000,7.212554
0.200000,1.803139
0.200000,7.412903
0.200000,1.402441
0.200000,4.793687
0.200000,6.791057
0.200000,5.193161
0.200000,3.195792
0.200000,4.394213
0.200000,7.190531
0.200000,3.795002
0.200000,5.193161
0.200000,5.792372
0.200000,7.590005
0.200000,5.992109
0.200000,6.591320
0.200000,1.597896
0.200000,5.392898
0.200000,5.392898
0.200000,3.795002
0.200000,3.395529
0.200000,6.791057
0.200000,4.194476
0.200000,3.595265
0.200000,6.191846
0.200000,5.392898
0.200000,6.990794
0.200000,7.390268
0.200000,7.190531
0.200000,3.395529
0.200000,4.394213
0.200000,6.990794
0.200000,4.993424
0.200000,9.387638
0.200000,4.394213
0.200000,7.789742
0.200000,3.595265
0.200000,5.193161
0.200000,3.795002
0.200000,3.195792
0.200000,4.793687
0.200000,7.190531
0.200000,5.392898
0.200000,0.599211
0.200000,3.195792
0.200000,3.795002
0.200000,6.391583
0.200000,7.190531
0.200000,6.391583
0.200000,4.394213
0.200000,3.195792
0.200000,3.195792
0.200000,4.993424
0.200000,4.194476
0.200000,6.191846
0.200000,-0.199737
0.200000,3.595265
0.200000,6.591320
0.200000,4.394213
0.200000,8.588690
0.200000,2.796318
0.200000,5.592635
0.200000,4.194476
0.200000,2.197107
0.200000,5.792372
0.200000,3.595265
0.200000,4.793687
0.200000,3.994739
0.200000,5.392898
0.200000,5.392898
0.200000,3.195792
0.200000,4.194476
0.200000,7.789742
0.200000,3.994739
0.200000,2.197107
0.200000,1.997370
0.200000,2.796318
0.200000,0.199737
0.200000,5.792372
0.200000,2.396844
0.200000,1.997370
0.200000,4.993424
0.200000,1.997370
0.200000,5.592635
0.200000,5.392898
0.200000,3.994739
0.200000,2.596581
0.200000,6.391583
0.200000,5.392898
0.300000,5.390422
0.300000,6.787938
0.300000,2.595388
0.300000,7.586519
0.300000,9.183681
0.300000,7.786165
0.300000,7.386874
0.300000,6.588293
0.300000,5.390422
0.300000,4.591841
0.300000,4.791486
0.300000,4.791486
0.300000,1.197871
0.300000,10.381553
0.300000,7.586519
0.300000,4.392195
0.300000,7.985810
0.300000,3.194324
0.300000,2.595388
0.300000,4.591841
0.300000,5.190776
0.300000,8.984036
0.300000,3.992905
0.300000,4.791486
0.300000,6.787938
0.300000,5.190776
0.300000,2.795033
0.300000,0.998226
0.300000,9.383327
0.300000,9.183681
0.300000,3.992905
0.300000,7.786165
0.300000,3.393969
0.300000,6.189003
0.300000,4.192550
0.300000,1.397517
0.300000,2.395743
0.300000,5.190776
0.300000,7.386874
0.300000,3.793260
0.300000,6.189003
0.300000,5.190776
0.300000,4.392195
0.300000,8.385100
0.300000,5.190776
0.300000,4.591841
0.300000,2.795033
0.300000,6.189003
0.300000,2.994679
0.300000,5.390422
0.300000,4.991131
0.300000,4.192550
0.300000,4.991131
0.300000,5.789712
0.300000,6.987584
0.300000,3.194324
0.300000,3.992905
0.300000,8.185455
0.300000,6.588293
0.300000,8.584746
0.300000,1.197871
0.300000,4.392195
0.300000,8.185455
0.300000,6.588293
0.300000,10.181908
0.300000,6.588293
0.300000,5.190776
0.300000,2.994679
0.300000,5.789712
0.300000,6.189003
0.300000,5.590067
0.300000,3.992905
0.300000,4.991131
0.300000,5.789712
0.300000,1.397517
0.300000,9.383327
0.300000,5.989357
0.300000,6.787938
0.300000,3.992905
0.300000,6.588293
0.300000,2.196098
0.300000,6.588293
0.300000,4.791486
0.300000,5.789712
0.300000,5.190776
0.300000,5.190776
0.300000,5.190776
0.300000,4.192550
0.300000,4.192550
0.300000,4.591841
0.300000,3.593614
0.300000,2.795033
0.300000,1.597162
0.300000,4.192550
0.300000,4.791486
0.300000,3.194324
0.300000,4.192550
0.300000,5.590067
0.300000,4.192550
0.300000,5.789712
0.300000,8.802999
0.300000,1.600545
0.300000,7.202454
0.300000,6.602249
0.300000,2.200750
0.300000,5.601909
0.300000,6.002045
0.300000,7.602590
0.300000,4.001363
0.300000,4.001363
0.300000,4.001363
0.300000,8.002726
0.300000,5.001704
0.300000,2.400818
0.300000,5.801977
0.300000,7.402522
0.300000,3.201091
0.300000,7.002386
0.300000,5.401840
0.300000,6.602249
0.300000,8.802999
0.300000,7.402522
0.300000,3.201091
0.300000,4.401500
0.300000,5.201772
0.300000,6.402181
0.300000,5.601909
0.300000,6.602249
0.300000,5.401840
0.300000,4.401500
0.300000,7.402522
0.300000,3.001022
0.300000,5.601909
0.300000,3.401159
0.300000,3.001022
0.300000,4.601568
0.300000,4.401500
0.300000,7.002386
0.300000,5.801977
0.300000,6.202113
0.300000,6.002045
0.300000,5.601909
0.300000,2.800954
0.300000,7.402522
0.300000,6.202113
0.300000,1.600545
0.300000,8.402863
0.300000,6.602249
0.300000,4.001363
0.300000,2.600886
0.300000,3.201091
0.300000,3.801295
0.300000,10.003408
0.300000,6.002045
0.300000,4.601568
0.300000,3.201091
0.300000,4.001363
0.300000,5.401840
0.300000,4.601568
0.300000,4.001363
0.300000,7.002386
0.300000,6.202113
0.300000,4.401500
0.300000,5.801977
0.300000,4.801636
0.300000,3.401159
0.300000,6.002045
0.300000,4.601568
0.300000,5.401840
0.300000,5.401840
0.300000,4.801636
0.300000,3.201091
0.300000,2.600886
0.300000,4.801636
0.300000,3.001022
0.300000,7.402522
0.300000,9.203135
0.300000,7.002386
0.300000,4.801636
0.300000,5.401840
0.300000,5.201772
0.300000,8.602931
0.300000,2.800954
0.300000,4.001363
0.300000,6.602249
0.300000,4.001363
0.300000,6.602249
0.300000,4.401500
0.300000,4.801636
0.300000,2.600886
0.300000,6.002045
0.300000,6.402181
0.300000,2.600886
0.300000,8.802999
0.300000,6.597881
0.300000,4.798459
0.300000,6.597881
0.300000,4.998395
0.300000,8.797175
0.300000,0.799743
0.300000,8.397304
0.300000,4.798459
0.300000,2.999037
0.300000,5.598202
0.300000,3.398909
0.300000,4.198652
0.300000,0.000000
0.300000,5.798138
0.300000,8.797175
0.300000,7.797496
0.300000,5.398267
0.300000,3.998716
0.300000,6.198010
0.300000,5.798138
0.300000,7.997432
0.300000,3.398909
0.300000,5.598202
0.300000,4.998395
0.300000,7.397625
0.300000,5.198331
0.300000,6.198010
0.300000,5.998074
0.300000,6.397946
0.300000,6.198010
0.300000,4.198652
0.300000,7.797496
0.300000,4.998395
0.300000,5.798138
0.300000,4.598523
0.300000,7.597560
0.300000,8.397304
0.300000,5.198331
0.300000,7.197689
0.300000,8.397304
0.300000,4.398588
0.300000,4.198652
0.300000,7.197689
0.300000,4.998395
0.300000,5.998074
0.300000,2.999037
0.300000,8.797175
0.300000,9.996790
0.300000,6.997753
0.300000,11.396341
0.300000,6.797817
0.300000,3.998716
0.300000,4.798459
0.300000,6.997753
0.300000,0.999679
0.300000,8.197368
0.300000,3.598844
0.300000,3.398909
0.300000,3.598844
0.300000,3.798780
0.300000,4.998395
0.300000,8.997111
0.300000,4.598523
0.300000,6.397946
0.300000,7.397625
0.300000,5.798138
0.300000,2.199294
0.300000,3.998716
0.300000,7.997432
0.300000,5.398267
0.300000,6.797817
0.300000,5.998074
0.300000,5.398267
0.300000,5.798138
0.300000,10.196726
0.300000,7.397625
0.300000,2.999037
0.300000,8.197368
0.300000,4.598523
0.300000,1.399551
0.300000,6.397946
0.300000,5.198331
0.300000,4.998395
0.300000,6.198010
0.300000,5.398267
0.300000,3.798780
0.300000,3.198973
0.300000,4.998395
0.300000,6.997753
0.300000,4.798459
0.300000,2.999037
0.300000,5.198331
0.300000,5.798138
0.300000,6.797817
0.300000,4.798459
0.300000,4.398588
0.300000,2.801860
0.300000,4.803189
0.300000,5.003322
0.300000,7.004651
0.300000,6.604385
0.300000,8.205449
0.300000,7.404917
0.300000,6.003987
0.300000,6.003987
0.300000,4.402924
0.300000,8.205449
0.300000,6.804518
0.300000,6.404253
0.300000,6.604385
0.300000,9.806512
0.300000,6.604385
0.300000,5.203455
0.300000,7.004651
0.300000,7.605050
0.300000,3.602392
0.300000,5.203455
0.300000,5.803854
0.300000,5.203455
0.300000,8.605714
0.300000,8.205449
0.300000,2.801860
0.300000,4.202791
0.300000,4.402924
0.300000,5.203455
0.300000,3.202126
0.300000,1.000664
0.300000,3.402259
0.300000,4.002658
0.300000,3.602392
0.300000,7.204784
0.300000,3.602392
0.300000,6.003987
0.300000,4.202791
0.300000,7.605050
0.300000,8.805847
0.300000,8.605714
0.300000,7.404917
0.300000,7.004651
0.300000,2.401595
0.300000,1.801196
0.300000,3.402259
0.300000,2.401595
0.300000,3.402259
0.300000,5.003322
0.300000,4.803189
0.300000,2.801860
0.300000,2.801860
0.300000,0.000000
0.300000,2.001329
0.300000,6.804518
0.300000,8.005316
0.300000,6.003987
0.300000,11.807841
0.300000,3.602392
0.300000,3.202126
0.300000,4.002658
0.300000,5.003322
0.300000,7.204784
0.300000,2.001329
0.300000,6.404253
0.300000,3.602392
0.300000,4.002658
0.300000,4.202791
0.300000,7.605050
0.300000,2.401595
0.300000,5.403588
0.300000,3.402259
0.300000,5.803854
0.300000,4.803189
0.300000,5.603721
0.300000,5.603721
0.300000,1.801196
0.300000,8.805847
0.300000,11.407575
0.300000,5.803854
0.300000,6.604385
0.300000,2.199626
0.300000,5.399083
0.300000,4.999151
0.300000,4.799185
0.300000,7.798675
0.300000,0.399932
0.300000,5.199117
0.300000,8.198607
0.300000,4.399253
0.300000,3.999321
0.300000,5.399083
0.300000,4.999151
0.300000,7.998641
0.300000,7.998641
0.300000,6.598879
0.300000,8.398573
0.300000,6.798845
0.300000,6.398913
0.300000,7.598709
0.300000,6.198947
0.300000,5.599049
0.300000,7.798675
0.300000,8.198607
0.300000,7.198777
0.300000,7.198777
0.300000,2.999490
0.300000,1.799694
0.300000,6.198947
0.300000,6.198947
0.300000,4.599219
0.300000,6.198947
0.300000,5.799015
0.300000,-0.999830
0.300000,7.598709
0.300000,6.398913
0.300000,6.198947
0.300000,3.599389
0.300000,4.399253
0.300000,5.799015
0.300000,4.599219
0.300000,2.999490
0.300000,6.598879
0.300000,5.599049
0.300000,2.199626
0.300000,3.999321
0.300000,5.998981
0.300000,10.398234
0.300000,4.799185
0.300000,5.998981
0.300000,3.399423
0.300000,5.199117
0.300000,3.399423
0.300000,5.599049
0.300000,4.199287
0.300000,4.399253
0.300000,4.199287
0.300000,5.399083
0.300000,7.198777
0.300000,8.998471
0.300000,6.598879
0.300000,7.198777
0.300000,2.799524
0.300000,6.198947
0.300000,3.799355
0.300000,5.799015
0.300000,5.599049
0.300000,7.598709
0.300000,8.998471
0.300000,4.199287
0.300000,6.598879
0.300000,5.799015
0.300000,4.799185
0.300000,4.399253
0.300000,3.399423
0.300000,2.799524
0.300000,3.799355
0.300000,2.799524
0.300000,4.799185
0.300000,4.399253
0.300000,3.999321
0.300000,7.398743
0.300000,3.399423
0.300000,6.398913
0.300000,0.599898
0.300000,8.598539
0.300000,2.999490
0.300000,7.398743
0.300000,4.399253
0.300000,4.599219
0.300000,4.399253
0.300000,3.999321
0.300000,5.599049
0.300000,5.599049
0.300000,3.599389
0.300000,7.198777
0.300000,8.598539
0.300000,2.599558
0.300000,3.999321
0.300000,6.398913
0.300000,5.399083
0.300000,6.598879
0.400000,6.205847
0.400000,6.406036
0.400000,5.204904
0.400000,6.406036
0.400000,8.007545
0.400000,8.407922
0.400000,6.606224
0.400000,2.802641
0.400000,4.203961
0.400000,7.206790
0.400000,5.605281
0.400000,7.807356
0.400000,1.801698
0.400000,7.807356
0.400000,5.605281
0.400000,7.807356
0.400000,8.407922
0.400000,1.201132
0.400000,8.608111
0.400000,5.405093
0.400000,7.807356
0.400000,7.006602
0.400000,4.203961
0.400000,6.806413
0.400000,7.607168
0.400000,4.404150
0.400000,7.006602
0.400000,5.805470
0.400000,7.006602
0.400000,8.007545
0.400000,4.404150
0.400000,7.006602
0.400000,8.207733
0.400000,5.405093
0.400000,6.406036
0.400000,3.603395
0.400000,7.006602
0.400000,2.602452
0.400000,6.406036
0.400000,6.205847
0.400000,4.804527
0.400000,4.203961
0.400000,3.203018
0.400000,8.007545
0.400000,7.807356
0.400000,3.002829
0.400000,6.406036
0.400000,6.606224
0.400000,1.601509
0.400000,7.006602
0.400000,3.203018
0.400000,3.403207
0.400000,8.407922
0.400000,4.203961
0.400000,2.802641
0.400000,3.603395
0.400000,3.803584
0.400000,4.203961
0.400000,4.804527
0.400000,6.005659
0.400000,4.604338
0.400000,7.006602
0.400000,2.602452
0.400000,5.805470
0.400000,3.803584
0.400000,8.407922
0.400000,6.205847
0.400000,9.408865
0.400000,5.805470
0.400000,5.805470
0.400000,6.806413
0.400000,6.005659
0.400000,8.808299
0.400000,6.606224
0.400000,5.405093
0.400000,7.006602
0.400000,5.004716
0.400000,4.804527
0.400000,1.000943
0.400000,5.605281
0.400000,4.604338
0.400000,6.606224
0.400000,3.203018
0.400000,5.004716
0.400000,8.207733
0.400000,1.601509
0.400000,6.606224
0.400000,4.804527
0.400000,2.802641
0.400000,6.806413
0.400000,4.404150
0.400000,4.604338
0.400000,4.804527
0.400000,7.006602
0.400000,8.007545
0.400000,4.604338
0.400000,3.203018
0.400000,3.803584
0.400000,3.403207
0.400000,6.606224
0.400000,9.008488
0.400000,6.205847
0.400000,7.006602
0.400000,5.204904
0.400000,6.005659
0.400000,6.205847
0.400000,8.808299
0.400000,3.803584
0.400000,10.409808
0.400000,1.000943
0.400000,2.001886
0.400000,4.003772
0.400000,4.604338
0.400000,2.999413
0.400000,6.398748
0.400000,7.598514
0.400000,2.999413
0.400000,7.398553
0.400000,4.399139
0.400000,3.999218
0.400000,8.998240
0.400000,4.999022
0.400000,2.799452
0.400000,1.999609
0.400000,8.398357
0.400000,5.198983
0.400000,3.199374
0.400000,5.798866
0.400000,6.798670
0.400000,3.799257
0.400000,1.799648
0.400000,3.399335
0.400000,6.598709
0.400000,8.398357
0.400000,6.998631
0.400000,4.399139
0.400000,5.598905
0.400000,5.998826
0.400000,5.998826
0.400000,6.198787
0.400000,3.799257
0.400000,3.999218
0.400000,4.999022
0.400000,5.998826
0.400000,5.998826
0.400000,5.998826
0.400000,8.398357
0.400000,9.398161
0.400000,6.398748
0.400000,5.598905
0.400000,6.398748
0.400000,3.999218
0.400000,6.598709
0.400000,2.999413
0.400000,4.999022
0.400000,3.799257
0.400000,4.199179
0.400000,5.798866
0.400000,7.998435
0.400000,4.599100
0.400000,3.999218
0.400000,9.798083
0.400000,8.998240
0.400000,3.999218
0.400000,5.198983
0.400000,7.998435
0.400000,6.198787
0.400000,5.198983
0.400000,5.598905
0.400000,8.998240
0.400000,5.398944
0.400000,6.998631
0.400000,6.398748
0.400000,4.799061
0.400000,2.799452
0.400000,4.799061
0.400000,7.798474
0.400000,4.599100
0.400000,3.599296
0.400000,7.998435
0.400000,4.599100
0.400000,4.199179
0.400000,1.999609
0.400000,6.398748
0.400000,4.799061
0.400000,5.598905
0.400000,6.798670
0.400000,7.798474
0.400000,5.998826
0.400000,5.598905
0.400000,5.798866
0.400000,1.799648
0.400000,5.998826
0.400000,5.198983
0.400000,3.399335
0.400000,2.799452
0.400000,4.999022
0.400000,3.399335
0.400000,6.598709
0.400000,5.198983
0.400000,3.199374
0.400000,1.999609
0.400000,5.598905
0.400000,3.799257
0.400000,3.799257
0.400000,6.198787
0.400000,5.798866
0.400000,4.199179
0.400000,5.998826
0.400000,2.599491
0.400000,12.197614
0.400000,6.998631
0.400000,6.998631
0.400000,8.598318
0.400000,5.598905
0.400000,6.598709
0.400000,3.399335
0.400000,4.399139
0.400000,6.798670
0.400000,4.399139
0.400000,8.598318
0.400000,8.198396
0.400000,4.999022
0.400000,8.598318
0.400000,6.798670
0.400000,5.798866
0.400000,6.398748
0.400000,4.004433
0.400000,1.601773
0.400000,5.606206
0.400000,4.204655
0.400000,8.209088
0.400000,1.201330
0.400000,7.207980
0.400000,7.007758
0.400000,5.405985
0.400000,4.004433
0.400000,4.404876
0.400000,6.607315
0.400000,5.205763
0.400000,6.206871
0.400000,6.206871
0.400000,6.607315
0.400000,6.607315
0.400000,4.805320
0.400000,6.006650
0.400000,4.004433
0.400000,3.403768
0.400000,5.806428
0.400000,2.602882
0.400000,5.806428
0.400000,7.408201
0.400000,5.606206
0.400000,4.605098
0.400000,6.206871
0.400000,6.006650
0.400000,6.607315
0.400000,3.003325
0.400000,7.207980
0.400000,1.801995
0.400000,3.804211
0.400000,6.006650
0.400000,8.209088
0.400000,4.204655
0.400000,6.206871
0.400000,7.408201
0.400000,7.007758
0.400000,3.203547
0.400000,6.807536
0.400000,6.607315
0.400000,6.407093
0.400000,8.609531
0.400000,5.005541
0.400000,2.602882
0.400000,6.807536
0.400000,2.803103
0.400000,-0.200222
0.400000,3.203547
0.400000,5.405985
0.400000,7.007758
0.400000,4.204655
0.400000,7.608423
0.400000,9.009975
0.400000,4.605098
0.400000,7.408201
0.400000,2.002217
0.400000,8.209088
0.400000,5.606206
0.400000,4.204655
0.400000,5.606206
0.400000,6.407093
0.400000,4.004433
0.400000,5.405985
0.400000,5.005541
0.400000,9.009975
0.400000,8.809753
0.400000,3.603990
0.400000,7.608423
0.400000,2.803103
0.400000,7.608423
0.400000,6.807536
0.400000,3.804211
0.400000,2.402660
0.400000,7.608423
0.400000,4.004433
0.400000,5.405985
0.400000,3.804211
0.400000,6.607315
0.400000,5.606206
0.400000,6.407093
0.400000,8.008866
0.400000,8.809753
0.400000,8.008866
0.400000,6.006650
0.400000,6.407093
0.400000,7.808645
0.400000,6.006650
0.400000,6.206871
0.400000,9.210196
0.400000,5.606206
0.400000,4.404876
0.400000,7.007758
0.400000,6.807536
0.400000,6.407093
0.400000,1.401552
0.400000,4.004433
0.400000,3.804211
0.400000,3.804211
0.400000,3.403768
0.400000,5.005541
0.400000,5.005541
0.400000,5.806428
0.400000,7.207980
0.400000,3.603990
0.400000,4.204655
0.400000,5.005541
0.400000,5.806428
0.400000,4.605098
0.400000,9.410418
0.400000,4.404876
0.400000,6.807536
0.400000,8.008866
0.400000,8.609531
0.400000,5.405985
0.400000,9.986110
0.400000,1.797500
0.400000,6.590833
0.400000,5.392499
0.400000,7.988888
0.400000,6.590833
0.400000,6.191388
0.400000,3.794722
0.400000,6.990277
0.400000,5.791944
0.400000,6.191388
0.400000,6.990277
0.400000,5.192777
0.400000,3.195555
0.400000,2.396666
0.400000,8.588055
0.400000,7.589444
0.400000,7.589444
0.400000,4.993055
0.400000,7.389721
0.400000,7.389721
0.400000,4.393888
0.400000,3.994444
0.400000,6.191388
0.400000,2.995833
0.400000,5.791944
0.400000,6.191388
0.400000,1.997222
0.400000,6.990277
0.400000,4.194166
0.400000,8.787777
0.400000,4.593611
0.400000,8.588055
0.400000,3.195555
0.400000,6.191388
0.400000,6.990277
0.400000,2.596389
0.400000,4.993055
0.400000,5.392499
0.400000,6.191388
0.400000,4.793333
0.400000,4.993055
0.400000,7.189999
0.400000,8.388332
0.400000,6.391110
0.400000,4.194166
0.400000,5.791944
0.400000,7.389721
0.400000,6.391110
0.400000,4.393888
0.400000,4.993055
0.400000,6.391110
0.400000,5.991666
0.400000,6.391110
0.400000,5.192777
0.400000,3.195555
0.400000,4.593611
0.400000,8.987499
0.400000,5.991666
0.400000,1.198333
0.400000,8.388332
0.400000,5.592222
0.400000,8.188610
0.400000,3.395277
0.400000,7.389721
0.400000,8.588055
0.400000,6.990277
0.400000,6.391110
0.400000,2.596389
0.400000,5.392499
0.400000,5.192777
0.400000,5.791944
0.400000,5.592222
0.400000,5.791944
0.400000,3.595000
0.400000,7.389721
0.400000,6.191388
0.400000,3.595000
0.400000,3.794722
0.400000,5.991666
0.400000,6.590833
0.400000,8.987499
0.400000,5.791944
0.400000,5.791944
0.400000,2.196944
0.400000,2.396666
0.400000,8.388332
0.400000,4.993055
0.400000,7.988888
0.400000,4.993055
0.400000,9.586666
0.400000,4.593611
0.400000,7.389721
0.400000,7.189999
0.400000,4.393888
0.400000,5.791944
0.400000,6.391110
0.400000,2.596389
0.400000,5.392499
0.400000,9.386943
0.400000,4.194166
0.400000,5.791944
0.400000,2.796111
0.400000,4.793333
0.400000,5.392499
0.400000,6.391110
0.400000,2.796111
0.400000,6.191388
0.400000,6.405294
0.400000,6.805625
0.400000,5.004136
0.400000,4.203474
0.400000,4.803970
0.400000,5.204301
0.400000,4.803970
0.400000,7.806452
0.400000,4.803970
0.400000,5.804798
0.400000,8.406948
0.400000,4.603805
0.400000,8.206783
0.400000,3.402812
0.400000,8.006617
0.400000,7.806452
0.400000,9.007444
0.400000,7.806452
0.400000,4.603805
0.400000,5.004136
0.400000,6.004963
0.400000,6.405294
0.400000,5.804798
0.400000,7.406121
0.400000,5.604632
0.400000,3.002481
0.400000,7.806452
0.400000,4.003309
0.400000,4.603805
0.400000,6.605459
0.400000,4.403639
0.400000,4.203474
0.400000,4.403639
0.400000,5.204301
0.400000,3.202647
0.400000,8.607114
0.400000,5.204301
0.400000,2.602151
0.400000,4.003309
0.400000,5.204301
0.400000,5.004136
0.400000,4.203474
0.400000,5.804798
0.400000,5.604632
0.400000,9.607941
0.400000,1.401158
0.400000,5.604632
0.400000,7.806452
0.400000,6.205128
0.400000,9.007444
0.400000,3.602978
0.400000,3.803143
0.400000,8.206783
0.400000,9.607941
0.400000,3.803143
0.400000,6.805625
0.400000,8.807279
0.400000,0.800662
0.400000,3.402812
0.400000,7.005790
0.400000,8.807279
0.400000,3.602978
0.400000,7.005790
0.400000,4.203474
0.400000,4.603805
0.400000,5.604632
0.400000,2.401985
0.400000,3.002481
0.400000,2.602151
0.400000,6.805625
0.400000,4.403639
0.400000,3.402812
0.400000,7.205956
0.400000,4.803970
0.400000,8.607114
0.400000,5.804798
0.400000,7.005790
0.400000,6.004963
0.400000,6.605459
0.400000,7.406121
0.400000,6.405294
0.400000,8.807279
0.400000,4.603805
0.400000,4.603805
0.400000,5.804798
0.400000,5.204301
0.400000,9.207610
0.400000,8.607114
0.400000,6.205128
0.400000,5.404467
0.400000,6.605459
0.400000,6.405294
0.400000,5.804798
0.400000,7.606286
0.400000,7.606286
0.400000,7.205956
0.400000,7.606286
0.400000,2.401985
0.400000,4.803970
0.400000,3.402812
0.400000,5.604632
0.400000,2.802316
0.400000,4.003309
0.400000,5.204301
0.400000,3.002481
0.400000,8.006617
0.400000,7.005790
0.400000,2.602151
0.400000,6.205128
0.400000,4.203474
0.400000,5.604632
0.400000,6.004963
0.400000,7.005790
0.400000,7.406121
0.400000,7.005790
0.400000,5.204301
0.400000,4.203474
0.500000,4.798814
0.500000,3.199209
0.500000,4.198962
0.500000,6.198467
0.500000,4.598863
0.500000,4.798814
0.500000,6.998270
0.500000,7.598121
0.500000,3.999011
0.500000,8.997775
0.500000,4.798814
0.500000,7.398171
0.500000,3.199209
0.500000,6.798319
0.500000,4.198962
0.500000,9.197726
0.500000,0.999753
0.500000,8.597874
0.500000,3.599110
0.500000,4.798814
0.500000,6.598369
0.500000,7.798072
0.500000,4.598863
0.500000,6.998270
0.500000,3.799061
0.500000,9.797578
0.500000,8.597874
0.500000,4.198962
0.500000,2.999258
0.500000,1.199703
0.500000,8.197973
0.500000,2.999258
0.500000,9.597627
0.500000,2.599357
0.500000,0.799802
0.500000,5.798566
0.500000,11.197232
0.500000,4.798814
0.500000,6.398418
0.500000,4.798814
0.500000,4.198962
0.500000,5.198715
0.500000,7.798072
0.500000,3.399160
0.500000,1.799555
0.500000,5.798566
0.500000,7.598121
0.500000,4.998764
0.500000,1.999506
0.500000,5.798566
0.500000,10.597380
0.500000,6.398418
0.500000,5.998517
0.500000,4.998764
0.500000,7.998023
0.500000,3.799061
0.500000,3.399160
0.500000,2.199456
0.500000,7.198220
0.500000,2.399407
0.500000,4.598863
0.500000,5.198715
0.500000,3.799061
0.500000,3.999011
0.500000,3.999011
0.500000,4.598863
0.500000,7.598121
0.500000,5.998517
0.500000,8.197973
0.500000,6.198467
0.500000,5.998517
0.500000,7.798072
0.500000,4.798814
0.500000,9.997528
0.500000,7.598121
0.500000,4.598863
0.500000,6.998270
0.500000,5.798566
0.500000,2.799308
0.500000,5.598616
0.500000,2.399407
0.500000,4.998764
0.500000,5.798566
0.500000,4.198962
0.500000,5.998517
0.500000,2.799308
0.500000,7.798072
0.500000,1.599605
0.500000,3.199209
0.500000,4.998764
0.500000,5.798566
0.500000,5.398665
0.500000,3.799061
0.500000,6.398418
0.500000,3.199209
0.500000,4.798814
0.500000,2.399407
0.500000,5.998517
0.500000,4.798814
0.500000,2.199456
0.500000,8.397924
0.500000,3.999011
0.500000,5.198715
0.500000,3.799061
0.500000,6.598369
0.500000,6.398418
0.500000,6.398418
0.500000,5.998517
0.500000,5.398665
0.500000,4.598863
0.500000,3.999011
0.500000,9.997528
0.500000,5.198715
0.500000,6.998270
0.500000,4.598863
0.500000,4.998764
0.500000,3.799061
0.500000,6.998270
0.500000,5.398665
0.500000,5.598616
0.500000,8.797825
0.500000,5.198715
0.500000,4.198962
0.500000,7.598121
0.500000,8.597874
0.500000,10.796447
0.500000,5.798092
0.500000,4.998355
0.500000,1.999342
0.500000,3.798750
0.500000,8.197302
0.500000,5.398223
0.500000,4.398552
0.500000,5.198289
0.500000,7.997368
0.500000,5.198289
0.500000,6.997697
0.500000,6.797763
0.500000,8.997039
0.500000,7.397565
0.500000,3.398881
0.500000,7.397565
0.500000,4.398552
0.500000,4.198618
0.500000,5.198289
0.500000,4.398552
0.500000,4.598487
0.500000,5.198289
0.500000,8.397236
0.500000,5.798092
0.500000,4.198618
0.500000,3.198947
0.500000,6.397894
0.500000,7.797434
0.500000,5.798092
0.500000,4.598487
0.500000,2.799079
0.500000,4.998355
0.500000,5.998026
0.500000,4.598487
0.500000,6.197960
0.500000,6.197960
0.500000,2.599145
0.500000,3.798750
0.500000,5.998026
0.500000,8.597171
0.500000,4.998355
0.500000,2.999013
0.500000,5.598158
0.500000,7.997368
0.500000,4.398552
0.500000,8.397236
0.500000,3.998684
0.500000,1.399539
0.500000,7.797434
0.500000,3.598816
0.500000,4.198618
0.500000,7.397565
0.500000,4.598487
0.500000,4.198618
0.500000,5.798092
0.500000,3.998684
0.500000,6.197960
0.500000,4.198618
0.500000,4.398552
0.500000,5.998026
0.500000,6.197960
0.500000,8.397236
0.500000,7.597500
0.500000,5.198289
0.500000,5.198289
0.500000,2.599145
0.500000,4.998355
0.500000,7.997368
0.500000,7.197631
0.500000,6.197960
0.500000,7.397565
0.500000,8.597171
0.500000,7.197631
0.500000,5.798092
0.500000,6.397894
0.500000,3.598816
0.500000,1.999342
0.500000,8.197302
0.500000,8.197302
0.500000,7.197631
0.500000,6.197960
0.500000,7.997368
0.500000,4.398552
0.500000,4.598487
0.500000,6.397894
0.500000,3.198947
0.500000,7.597500
0.500000,5.598158
0.500000,2.199276
0.500000,5.998026
0.500000,5.998026
0.500000,2.999013
0.500000,6.197960
0.500000,6.797763
0.500000,5.398223
0.500000,6.197960
0.500000,3.998684
0.500000,6.597829
0.500000,4.998355
0.500000,4.198618
0.500000,2.799079
0.500000,8.397236
0.500000,6.197960
0.500000,6.197960
0.500000,5.398223
0.500000,6.597829
0.500000,4.398552
0.500000,4.598487
0.500000,3.998684
0.500000,3.598816
0.500000,6.797763
0.500000,7.997368
0.500000,5.198289
0.500000,4.198618
0.500000,6.797763
0.500000,3.997879
0.500000,3.198303
0.500000,5.796925
0.500000,7.795864
0.500000,7.995758
0.500000,6.396607
0.500000,6.196713
0.500000,6.996288
0.500000,3.997879
0.500000,2.798515
0.500000,8.795334
0.500000,7.795864
0.500000,4.797455
0.500000,8.395546
0.500000,5.996819
0.500000,7.995758
0.500000,4.397667
0.500000,7.396076
0.500000,6.996288
0.500000,2.398727
0.500000,8.595440
0.500000,2.198834
0.500000,2.998409
0.500000,8.995228
0.500000,7.196182
0.500000,10.194592
0.500000,3.997879
0.500000,7.196182
0.500000,6.196713
0.500000,5.796925
0.500000,5.796925
0.500000,7.995758
0.500000,7.396076
0.500000,3.198303
0.500000,1.599152
0.500000,4.597561
0.500000,7.595970
0.500000,8.995228
0.500000,5.796925
0.500000,4.597561
0.500000,7.995758
0.500000,7.795864
0.500000,3.997879
0.500000,3.398197
0.500000,5.996819
0.500000,9.395016
0.500000,3.398197
0.500000,6.796394
0.500000,4.797455
0.500000,6.596501
0.500000,7.795864
0.500000,4.597561
0.500000,5.597031
0.500000,7.196182
0.500000,4.797455
0.500000,4.597561
0.500000,6.396607
0.500000,9.395016
0.500000,4.597561
0.500000,5.996819
0.500000,3.997879
0.500000,4.797455
0.500000,5.397137
0.500000,6.996288
0.500000,6.596501
0.500000,2.198834
0.500000,2.998409
0.500000,5.197243
0.500000,2.398727
0.500000,5.996819
0.500000,3.797985
0.500000,6.396607
0.500000,3.598091
0.500000,5.397137
0.500000,8.195652
0.500000,3.598091
0.500000,5.197243
0.500000,3.598091
0.500000,4.797455
0.500000,9.794804
0.500000,4.997349
0.500000,8.195652
0.500000,6.596501
0.500000,5.397137
0.500000,4.397667
0.500000,5.996819
0.500000,7.396076
0.500000,8.195652
0.500000,4.997349
0.500000,8.195652
0.500000,6.996288
0.500000,4.997349
0.500000,5.397137
0.500000,5.197243
0.500000,8.195652
0.500000,9.794804
0.500000,4.397667
0.500000,1.998940
0.500000,5.597031
0.500000,5.197243
0.500000,7.995758
0.500000,3.997879
0.500000,2.398727
0.500000,4.997349
0.500000,4.597561
0.500000,3.997879
0.500000,4.997349
0.500000,4.597561
0.500000,4.197773
0.500000,6.596501
0.500000,3.598091
0.500000,3.797985
0.500000,2.998409
0.500000,3.797985
0.500000,6.796394
0.500000,4.397667
0.500000,4.001251
0.500000,4.001251
0.500000,6.402002
0.500000,3.601126
0.500000,5.001564
0.500000,5.601751
0.500000,7.202252
0.500000,4.401376
0.500000,7.602377
0.500000,2.400751
0.500000,7.602377
0.500000,7.402314
0.500000,8.202564
0.500000,5.401689
0.500000,2.800876
0.500000,4.401376
0.500000,2.600813
0.500000,4.601439
0.500000,5.801814
0.500000,6.001876
0.500000,7.202252
0.500000,5.801814
0.500000,6.602064
0.500000,5.601751
0.500000,4.801501
0.500000,3.401063
0.500000,6.602064
0.500000,6.802127
0.500000,4.601439
0.500000,7.602377
0.500000,10.203190
0.500000,5.401689
0.500000,4.201314
0.500000,4.001251
0.500000,8.402627
0.500000,5.801814
0.500000,7.002189
0.500000,7.002189
0.500000,6.001876
0.500000,5.601751
0.500000,4.401376
0.500000,6.602064
0.500000,9.402940
0.500000,4.401376
0.500000,4.801501
0.500000,2.600813
0.500000,7.402314
0.500000,5.601751
0.500000,6.802127
0.500000,6.802127
0.500000,5.801814
0.500000,7.002189
0.500000,3.201001
0.500000,3.201001
0.500000,5.401689
0.500000,3.401063
0.500000,5.201626
0.500000,5.401689
0.500000,7.602377
0.500000,5.601751
0.500000,4.201314
0.500000,7.802439
0.500000,3.000938
0.500000,9.002815
0.500000,4.001251
0.500000,6.001876
0.500000,7.802439
0.500000,7.202252
0.500000,3.000938
0.500000,6.402002
0.500000,6.602064
0.500000,9.803065
0.500000,5.801814
0.500000,9.202877
0.500000,4.201314
0.500000,7.202252
0.500000,7.402314
0.500000,3.201001
0.500000,7.802439
0.500000,2.000625
0.500000,4.001251
0.500000,5.201626
0.500000,5.001564
0.500000,5.801814
0.500000,6.201939
0.500000,2.400751
0.500000,7.802439
0.500000,3.201001
0.500000,3.601126
0.500000,5.601751
0.500000,7.002189
0.500000,0.400125
0.500000,7.402314
0.500000,6.602064
0.500000,7.402314
0.500000,5.601751
0.500000,6.402002
0.500000,6.402002
0.500000,7.402314
0.500000,6.201939
0.500000,3.201001
0.500000,7.202252
0.500000,4.201314
0.500000,7.202252
0.500000,3.201001
0.500000,6.201939
0.500000,2.800876
0.500000,3.201001
0.500000,7.602377
0.500000,6.001876
0.500000,2.600813
0.500000,5.001564
0.500000,5.401689
0.500000,6.201939
0.500000,4.201314
0.500000,3.601126
0.500000,5.201626
0.500000,8.002502
0.500000,5.401689
0.500000,6.402002
0.500000,6.201939
0.500000,8.002502
0.500000,5.993224
0.500000,3.995483
0.500000,6.992095
0.500000,4.994353
0.500000,4.195257
0.500000,4.395031
0.500000,2.996612
0.500000,4.395031
0.500000,5.593676
0.500000,2.197516
0.500000,0.399548
0.500000,2.597064
0.500000,6.192998
0.500000,8.390514
0.500000,6.392772
0.500000,8.390514
0.500000,3.196386
0.500000,5.993224
0.500000,7.791191
0.500000,6.792321
0.500000,4.395031
0.500000,6.992095
0.500000,4.794579
0.500000,5.593676
0.500000,8.790062
0.500000,2.197516
0.500000,5.393902
0.500000,4.794579
0.500000,4.195257
0.500000,4.794579
0.500000,5.793450
0.500000,5.993224
0.500000,6.192998
0.500000,5.593676
0.500000,4.594805
0.500000,6.392772
0.500000,5.194128
0.500000,3.595934
0.500000,5.194128
0.500000,4.794579
0.500000,7.191869
0.500000,4.395031
0.500000,2.996612
0.500000,7.990966
0.500000,3.995483
0.500000,6.792321
0.500000,2.597064
0.500000,3.795709
0.500000,9.589159
0.500000,5.593676
0.500000,10.188481
0.500000,6.592547
0.500000,5.793450
0.500000,7.791191
0.500000,5.993224
0.500000,1.398419
0.500000,6.792321
0.500000,5.393902
0.500000,7.591417
0.500000,3.995483
0.500000,5.993224
0.500000,3.795709
0.500000,2.996612
0.500000,5.393902
0.500000,1.797967
0.500000,6.192998
0.500000,6.592547
0.500000,5.593676
0.500000,9.788933
0.500000,5.593676
0.500000,6.192998
0.500000,2.996612
0.500000,3.995483
0.500000,6.192998
0.500000,8.190740
0.500000,7.391643
0.500000,13.784415
0.500000,4.794579
0.500000,4.395031
0.500000,6.392772
0.500000,5.993224
0.500000,6.192998
0.500000,10.588029
0.500000,6.192998
0.500000,6.992095
0.500000,2.597064
0.500000,5.993224
0.500000,9.988707
0.500000,4.794579
0.500000,8.390514
0.500000,6.392772
0.500000,6.792321
0.500000,1.398419
0.500000,6.792321
0.500000,6.792321
0.500000,7.391643
0.500000,4.395031
0.500000,3.196386
0.500000,5.593676
0.500000,7.391643
0.500000,3.795709
0.500000,2.796838
0.500000,5.194128
0.500000,9.589159
0.500000,5.194128
0.500000,8.790062
0.500000,7.791191
