0,100,1000,10000,1e+05
0,3.1202,3.1202,3.1202,3.1202
0.1,3.1202,3.1202,3.1202,3.1202
0.2,3.1202,3.1202,3.1202,3.1202
0.3,3.1202,3.1202,3.1169,3.1202
0.4,3.1202,3.1186,3.1128,3.1202
0.5,3.1202,3.1177,3.1161,3.1202
0.6,3.1202,3.1161,3.1169,3.1202
0.7,3.1186,3.1152,3.1144,3.1202
0.8,3.1128,3.1094,3.1136,3.1202
0.9,3.1069,3.1011,3.1103,3.1202
1,3.102,3.097,3.1103,3.1169
1.1,3.0912,3.0928,3.1086,3.1069
1.2,3.0787,3.0771,3.1003,3.0961
1.3,3.0696,3.0704,3.0887,3.0912
1.4,3.058,3.0497,3.0571,3.0787
1.5,3.0397,3.0023,3.0322,3.0538
1.6,3.0231,2.9758,2.9907,3.0389
1.7,2.9998,2.9542,2.9699,3.0098
1.8,2.9583,2.8985,2.9176,2.9857
1.9,2.9334,2.8703,2.8786,2.9533
2,2.8911,2.8263,2.8338,2.916
2.1,2.8628,2.7674,2.7607,2.8703
2.2,2.8064,2.7192,2.671,2.8222
2.3,2.7549,2.6694,2.6121,2.7665
2.4,2.7084,2.6005,2.5257,2.7009
2.5,2.6536,2.5349,2.4676,2.6727
2.6,2.5988,2.4651,2.412,2.6054
2.7,2.5199,2.4012,2.3381,2.5174
2.8,2.451,2.3148,2.2717,2.4535
2.9,2.3912,2.2493,2.2111,2.3829
3,2.329,2.1936,2.1322,2.2966
3.1,2.2675,2.1397,2.0375,2.2351
3.2,2.2119,2.0641,1.9753,2.1994
3.3,2.1314,1.9952,1.913,2.1421
3.4,2.0541,1.9362,1.8574,2.0658
3.5,2.0051,1.8781,1.7984,2.0143
3.6,1.9313,1.8341,1.7195,1.9205
3.7,1.8607,1.7735,1.6556,1.83
3.8,1.7826,1.7287,1.6066,1.761
3.9,1.7162,1.6689,1.5493,1.7129
4,1.6216,1.6166,1.4962,1.6539
4.1,1.5684,1.5576,1.4613,1.6133
4.2,1.507,1.5203,1.4024,1.5543
4.3,1.4555,1.4713,1.3642,1.5061
4.4,1.4073,1.4389,1.3268,1.4596
4.5,1.3584,1.3816,1.2811,1.3957
4.6,1.3002,1.3584,1.2537,1.3575
4.7,1.2562,1.321,1.2131,1.311
4.8,1.2039,1.2737,1.179,1.2778
4.9,1.1641,1.228,1.1367,1.2446
5,1.1416,1.1857,1.0877,1.2164
5.1,1.1059,1.1259,1.0536,1.1666
5.2,1.0636,1.1026,1.0237,1.1433
5.3,1.0287,1.0478,0.98306,1.1142
5.4,0.9897,1.0163,0.95815,1.0686
5.5,0.96646,0.9922,0.9457,1.0337
5.6,0.94736,0.96646,0.93324,1.0113
5.7,0.92577,0.94653,0.91332,0.98223
5.8,0.88426,0.92743,0.89671,0.95068
5.9,0.86765,0.90501,0.86931,0.93574
6,0.84939,0.8718,0.86267,0.90501
6.1,0.82531,0.82697,0.85188,0.88758
6.2,0.80123,0.83029,0.83278,0.85686
6.3,0.79542,0.83029,0.8195,0.82199
6.4,0.7813,0.817,0.78213,0.79957
6.5,0.77051,0.79957,0.77051,0.78213
6.6,0.74394,0.76719,0.75224,0.77798
6.7,0.73315,0.7539,0.72899,0.76885
6.8,0.7265,0.75556,0.71239,0.7539
6.9,0.70076,0.75888,0.70242,0.73979
7,0.69412,0.73231,0.69163,0.73231
7.1,0.67835,0.72899,0.67918,0.72318
7.2,0.66755,0.72318,0.69329,0.7099
7.3,0.67004,0.70907,0.68831,0.69412
7.4,0.66257,0.69578,0.66755,0.68831
7.5,0.65261,0.6991,0.66423,0.69163
7.6,0.65593,0.69661,0.6468,0.68333
7.7,0.64181,0.68748,0.63102,0.66257
7.8,0.64098,0.67336,0.62438,0.64929
7.9,0.62272,0.6551,0.62687,0.63932
8,0.60777,0.65676,0.62604,0.63434
8.1,0.592,0.65759,0.62936,0.61524
8.2,0.57954,0.6634,0.6277,0.61358
8.3,0.58784,0.66921,0.63351,0.59283
8.4,0.56958,0.66755,0.63517,0.58867
8.5,0.56045,0.66008,0.6277,0.592
8.6,0.54716,0.65925,0.62853,0.60528
8.7,0.53803,0.6551,0.636,0.59283
8.8,0.55048,0.65012,0.62355,0.60196
8.9,0.54882,0.63766,0.61275,0.6169
9,0.54799,0.63019,0.60611,0.6169
9.1,0.53969,0.62272,0.60528,0.6194
9.2,0.54135,0.61857,0.60943,0.62023
9.3,0.54052,0.6169,0.61192,0.63434
9.4,0.53969,0.62936,0.6086,0.64015
9.5,0.56377,0.62272,0.60528,0.6443
9.6,0.57373,0.62687,0.60528,0.63766
9.7,0.58286,0.63351,0.60943,0.65178
9.8,0.58784,0.63102,0.61607,0.65261
9.9,0.6003,0.62189,0.61358,0.66589
10,0.59283,0.63683,0.60362,0.6825
10.1,0.58618,0.63268,0.59864,0.68084
10.2,0.58203,0.64181,0.60528,0.67253
10.3,0.59864,0.64264,0.60113,0.6551
10.4,0.59781,0.64596,0.60113,0.66257
10.5,0.58452,0.64181,0.60279,0.67004
10.6,0.59449,0.65925,0.60694,0.67087
10.7,0.58203,0.66174,0.61607,0.67918
10.8,0.57207,0.66008,0.59864,0.68831
10.9,0.57954,0.67004,0.6086,0.68084
11,0.58037,0.6551,0.60694,0.6825
11.1,0.58037,0.64929,0.60196,0.68167
11.2,0.57622,0.65012,0.60196,0.66589
11.3,0.57705,0.67087,0.61109,0.66257
11.4,0.58369,0.66589,0.61773,0.66589
11.5,0.59532,0.66091,0.62106,0.67502
11.6,0.59698,0.65759,0.61358,0.68001
11.7,0.61524,0.64763,0.60777,0.6908
11.8,0.61275,0.6443,0.6277,0.68582
11.9,0.60777,0.65261,0.62853,0.68001
12,0.62023,0.65925,0.62438,0.66091
12.1,0.62687,0.65344,0.61607,0.63268
12.2,0.63517,0.65261,0.61441,0.63185
12.3,0.64347,0.65925,0.62438,0.61857
12.4,0.66174,0.66008,0.62106,0.63185
12.5,0.65759,0.67253,0.63185,0.62604
12.6,0.68001,0.66672,0.63351,0.60528
12.7,0.68831,0.66921,0.61607,0.61773
12.8,0.69163,0.67336,0.60943,0.61524
12.9,0.68084,0.65759,0.61607,0.61773
13,0.68831,0.65676,0.63019,0.62687
13.1,0.67835,0.66589,0.6443,0.63185
13.2,0.66921,0.67004,0.6551,0.64015
13.3,0.69412,0.66257,0.65676,0.64264
13.4,0.67752,0.6634,0.6443,0.64763
13.5,0.67419,0.66423,0.66008,0.67669
13.6,0.67502,0.67253,0.66838,0.67502
13.7,0.68416,0.67087,0.69412,0.65261
13.8,0.68748,0.68167,0.70409,0.65261
13.9,0.68831,0.68665,0.69827,0.65012
14,0.69495,0.68167,0.69578,0.65925
14.1,0.71239,0.68084,0.68748,0.65261
14.2,0.69246,0.67419,0.6717,0.6277
14.3,0.70076,0.67669,0.66589,0.64264
14.4,0.69993,0.6717,0.6634,0.66755
14.5,0.69578,0.67502,0.65095,0.6717
14.6,0.70159,0.67586,0.64929,0.67419
14.7,0.69246,0.67253,0.64929,0.66755
14.8,0.68001,0.66672,0.65178,0.66672
14.9,0.67752,0.67419,0.63683,0.66174
15,0.68582,0.68001,0.64596,0.66838
15.1,0.69993,0.6825,0.64596,0.67752
15.2,0.69661,0.67253,0.6468,0.6717
15.3,0.71986,0.66838,0.64929,0.66838
15.4,0.70492,0.67918,0.66008,0.66589
15.5,0.69329,0.66838,0.66257,0.66174
15.6,0.6908,0.66589,0.65261,0.65925
15.7,0.68914,0.66174,0.66506,0.65925
15.8,0.68582,0.64763,0.65178,0.65759
15.9,0.68582,0.63434,0.65427,0.66423
16,0.68831,0.63102,0.64929,0.65925
16.1,0.68084,0.636,0.66672,0.63932
16.2,0.67419,0.63268,0.67835,0.63932
16.3,0.67918,0.63351,0.66921,0.65095
16.4,0.66672,0.63268,0.65759,0.63849
16.5,0.66257,0.63932,0.65427,0.64763
16.6,0.67004,0.64098,0.65427,0.65012
16.7,0.67835,0.64846,0.64015,0.64347
16.8,0.67669,0.65261,0.64015,0.6468
16.9,0.66838,0.65178,0.63766,0.65012
17,0.68416,0.64264,0.64846,0.65095
17.1,0.67253,0.6443,0.6551,0.66589
17.2,0.66506,0.65012,0.64264,0.63932
17.3,0.65759,0.6634,0.64846,0.64264
17.4,0.63268,0.67336,0.65344,0.64929
17.5,0.63517,0.67336,0.65759,0.65344
17.6,0.63849,0.66423,0.6468,0.63766
17.7,0.62853,0.65759,0.64264,0.64098
17.8,0.61773,0.66008,0.63683,0.64098
17.9,0.61275,0.67669,0.63185,0.65344
18,0.61358,0.67669,0.62023,0.66838
18.1,0.6194,0.68001,0.62521,0.67336
18.2,0.60445,0.66755,0.64264,0.67502
18.3,0.58867,0.66921,0.63849,0.66755
18.4,0.60362,0.67336,0.62687,0.65593
18.5,0.61192,0.66008,0.62853,0.65925
18.6,0.59615,0.6551,0.64264,0.65842
18.7,0.58951,0.65593,0.6277,0.6634
18.8,0.59532,0.65012,0.61773,0.6717
18.9,0.59864,0.65427,0.61441,0.6717
19,0.60694,0.63517,0.60611,0.67835
19.1,0.62687,0.62521,0.6086,0.67669
19.2,0.62272,0.62604,0.61857,0.6551
19.3,0.61192,0.63849,0.60777,0.6551
19.4,0.59449,0.636,0.63185,0.66672
19.5,0.592,0.63351,0.63351,0.65178
19.6,0.59117,0.62023,0.636,0.65178
19.7,0.60196,0.61275,0.65178,0.67253
19.8,0.60611,0.62023,0.63019,0.67752
19.9,0.61192,0.61773,0.64098,0.68084
20,0.60943,0.62438,0.64929,0.67586
20.1,0.60362,0.62189,0.63102,0.66174
20.2,0.6086,0.6003,0.64181,0.66506
20.3,0.59034,0.6086,0.64098,0.65676
20.4,0.59034,0.62521,0.65427,0.65095
20.5,0.58951,0.64098,0.64763,0.65759
20.6,0.59283,0.63019,0.65427,0.64846
20.7,0.57456,0.63102,0.63185,0.65427
20.8,0.56958,0.636,0.63019,0.66174
20.9,0.59449,0.64929,0.62272,0.65261
21,0.60694,0.6468,0.64347,0.64929
21.1,0.60362,0.65759,0.65261,0.65344
21.2,0.61192,0.6468,0.6443,0.65178
21.3,0.61192,0.6468,0.65261,0.63766
21.4,0.60279,0.64098,0.65095,0.65178
21.5,0.60196,0.64929,0.64098,0.63932
21.6,0.59283,0.64596,0.64098,0.6468
21.7,0.58867,0.65178,0.63351,0.65427
21.8,0.57705,0.64763,0.63683,0.64846
21.9,0.58452,0.63766,0.6468,0.64098
22,0.59366,0.64098,0.65427,0.65012
22.1,0.59283,0.63766,0.66174,0.64763
22.2,0.58951,0.63683,0.65759,0.65676
22.3,0.61607,0.63268,0.65178,0.65261
22.4,0.62604,0.63351,0.65925,0.63268
22.5,0.62355,0.62438,0.65427,0.63766
22.6,0.63351,0.60694,0.64929,0.62106
22.7,0.62355,0.61857,0.63517,0.62355
22.8,0.62438,0.61109,0.64098,0.60777
22.9,0.61773,0.62272,0.63849,0.61026
23,0.61857,0.63766,0.62853,0.62355
23.1,0.62106,0.63683,0.62604,0.63932
23.2,0.6086,0.64015,0.60445,0.64846
23.3,0.63102,0.6468,0.60943,0.62604
23.4,0.65261,0.64846,0.62106,0.63351
23.5,0.65012,0.66506,0.61607,0.63019
23.6,0.64596,0.66506,0.61441,0.6468
23.7,0.63932,0.67004,0.62521,0.65593
23.8,0.63517,0.66257,0.63766,0.65427
23.9,0.62272,0.66174,0.65178,0.64763
24,0.64098,0.65012,0.63766,0.64181
24.1,0.64181,0.64098,0.64347,0.64015
24.2,0.64264,0.63683,0.63683,0.64513
24.3,0.6443,0.64846,0.65842,0.65012
24.4,0.63766,0.65178,0.66423,0.65012
24.5,0.6468,0.6443,0.68001,0.66589
24.6,0.65012,0.63434,0.68084,0.67835
24.7,0.6551,0.64098,0.66589,0.68416
24.8,0.65427,0.63683,0.65344,0.69329
24.9,0.65095,0.64929,0.64513,0.68665
25,0.64929,0.63185,0.63434,0.67586
25.1,0.63019,0.64181,0.63185,0.6908
25.2,0.63185,0.64596,0.63849,0.68416
25.3,0.636,0.6443,0.62936,0.68582
25.4,0.64181,0.65178,0.636,0.68084
25.5,0.63019,0.64763,0.63351,0.67669
25.6,0.62189,0.63351,0.63102,0.68665
25.7,0.636,0.64015,0.62355,0.67835
25.8,0.6277,0.63517,0.61441,0.67502
25.9,0.63102,0.64929,0.61026,0.67502
26,0.63268,0.63766,0.60777,0.67586
26.1,0.62023,0.63517,0.61773,0.67336
26.2,0.6277,0.64181,0.60196,0.67419
26.3,0.61773,0.64596,0.59449,0.66921
26.4,0.62272,0.64015,0.61109,0.65344
26.5,0.62355,0.6468,0.62023,0.64098
26.6,0.61773,0.65178,0.62853,0.63683
26.7,0.636,0.63434,0.62853,0.62853
26.8,0.61441,0.63019,0.6194,0.62853
26.9,0.60279,0.63351,0.59615,0.63268
27,0.59615,0.60694,0.6086,0.62023
27.1,0.60113,0.61275,0.59615,0.63268
27.2,0.59698,0.61358,0.57124,0.63434
27.3,0.59615,0.63019,0.5646,0.62853
27.4,0.61607,0.63019,0.54135,0.63434
27.5,0.6169,0.61524,0.54218,0.63185
27.6,0.62355,0.61358,0.53886,0.63766
27.7,0.62604,0.6194,0.55546,0.62687
27.8,0.61524,0.60611,0.54633,0.63185
27.9,0.61441,0.60113,0.55712,0.62189
28,0.61358,0.60528,0.56128,0.6468
28.1,0.60694,0.60113,0.5646,0.6443
28.2,0.59864,0.60528,0.5455,0.6443
28.3,0.58618,0.60777,0.55214,0.66506
28.4,0.6003,0.60943,0.55878,0.66257
28.5,0.60777,0.58784,0.56128,0.66506
28.6,0.60362,0.57207,0.55048,0.6443
28.7,0.6169,0.58369,0.5646,0.636
28.8,0.60694,0.58701,0.57041,0.62438
28.9,0.60611,0.59283,0.58701,0.63268
29,0.60611,0.58701,0.58784,0.63434
29.1,0.61607,0.57705,0.59532,0.63102
29.2,0.61192,0.58701,0.592,0.64181
29.3,0.61607,0.58452,0.60528,0.63102
29.4,0.60279,0.58701,0.59698,0.62438
29.5,0.60279,0.59117,0.60943,0.62604
29.6,0.61441,0.61109,0.61773,0.62687
29.7,0.6277,0.62106,0.61441,0.62687
29.8,0.63766,0.62604,0.61026,0.62189
29.9,0.62687,0.62604,0.60694,0.60196
30,0.61773,0.63351,0.60362,0.61192
30.1,0.60694,0.61857,0.58701,0.61026
30.2,0.59283,0.60943,0.61192,0.61857
30.3,0.58535,0.60362,0.62853,0.62272
30.4,0.59034,0.59947,0.61524,0.63185
30.5,0.58535,0.61275,0.62189,0.62355
30.6,0.58618,0.59283,0.62023,0.62106
30.7,0.6003,0.59532,0.61275,0.61441
30.8,0.60196,0.59698,0.60279,0.61192
30.9,0.59781,0.59366,0.592,0.6169
31,0.60113,0.58452,0.59781,0.61524
31.1,0.59947,0.58452,0.60694,0.61607
31.2,0.58535,0.57705,0.59698,0.59947
31.3,0.57705,0.57207,0.60777,0.59947
31.4,0.58867,0.58286,0.62438,0.58618
31.5,0.58203,0.5812,0.62272,0.60777
31.6,0.57456,0.58701,0.6277,0.61109
31.7,0.59283,0.57788,0.63351,0.60196
31.8,0.57954,0.56875,0.64763,0.60196
31.9,0.59034,0.56045,0.65261,0.61524
32,0.57871,0.59117,0.64347,0.61607
32.1,0.57954,0.57041,0.64347,0.62189
32.2,0.56875,0.56377,0.63766,0.61275
32.3,0.57456,0.57788,0.64264,0.60113
32.4,0.592,0.58452,0.62438,0.61358
32.5,0.58452,0.58535,0.61441,0.61607
32.6,0.58286,0.59698,0.6169,0.6086
32.7,0.57124,0.59615,0.62936,0.59698
32.8,0.58286,0.59532,0.63268,0.61773
32.9,0.57788,0.592,0.60113,0.62189
33,0.57705,0.58951,0.62106,0.63268
33.1,0.58203,0.59615,0.60279,0.6194
33.2,0.58867,0.59698,0.61026,0.62023
33.3,0.59532,0.58784,0.60611,0.60528
33.4,0.60445,0.60279,0.6086,0.60279
33.5,0.60362,0.59615,0.59449,0.59449
33.6,0.592,0.59781,0.56543,0.60113
33.7,0.59117,0.62023,0.58369,0.60113
33.8,0.59864,0.63766,0.592,0.592
33.9,0.59781,0.64098,0.58867,0.58867
34,0.58784,0.63766,0.59034,0.5812
34.1,0.60113,0.62936,0.5812,0.57954
34.2,0.60279,0.62272,0.58203,0.58286
34.3,0.59449,0.62106,0.58452,0.59283
34.4,0.60694,0.62272,0.56626,0.58286
34.5,0.59532,0.63932,0.57871,0.57207
34.6,0.60445,0.64596,0.56211,0.58535
34.7,0.60611,0.63434,0.5646,0.58867
34.8,0.60279,0.62023,0.57539,0.59864
34.9,0.61026,0.61026,0.58203,0.59781
35,0.592,0.59864,0.57871,0.59615
35.1,0.59615,0.62853,0.57954,0.6086
35.2,0.59615,0.63019,0.57871,0.60113
35.3,0.61109,0.65012,0.57954,0.59947
35.4,0.60113,0.63351,0.57622,0.58535
35.5,0.6194,0.6277,0.58784,0.59117
35.6,0.60528,0.62853,0.57456,0.58037
35.7,0.60777,0.61607,0.58784,0.59117
35.8,0.6194,0.62189,0.60611,0.58369
35.9,0.62106,0.6169,0.61109,0.58535
36,0.61192,0.62521,0.6169,0.58037
36.1,0.62438,0.62106,0.62936,0.5812
36.2,0.60943,0.60611,0.6468,0.58618
36.3,0.60445,0.59615,0.64846,0.6003
36.4,0.58951,0.61358,0.66174,0.59449
36.5,0.58535,0.61773,0.64846,0.59781
36.6,0.57871,0.60362,0.65344,0.59449
36.7,0.5812,0.61607,0.65178,0.6003
36.8,0.58535,0.61109,0.64846,0.59781
36.9,0.59947,0.6086,0.6551,0.58951
37,0.60777,0.60528,0.65593,0.58867
37.1,0.61026,0.60528,0.63766,0.56543
37.2,0.59366,0.6277,0.62687,0.56875
37.3,0.58369,0.61773,0.61607,0.58452
37.4,0.57954,0.63268,0.60943,0.60196
37.5,0.57954,0.61109,0.60362,0.61109
37.6,0.58701,0.60943,0.60113,0.61275
37.7,0.55961,0.60362,0.59947,0.60528
37.8,0.58286,0.60279,0.61441,0.62272
37.9,0.56626,0.59366,0.61192,0.6169
38,0.57041,0.6086,0.61773,0.62853
38.1,0.5729,0.61857,0.60611,0.6194
38.2,0.5812,0.60611,0.61857,0.63019
38.3,0.58037,0.6086,0.61192,0.62272
38.4,0.592,0.6194,0.60694,0.62106
38.5,0.58037,0.64264,0.61026,0.61192
38.6,0.58867,0.63268,0.60694,0.62106
38.7,0.60528,0.62438,0.60611,0.60777
38.8,0.60528,0.61441,0.59781,0.59283
38.9,0.61773,0.59034,0.59532,0.59698
39,0.60362,0.58535,0.59532,0.59117
39.1,0.592,0.60777,0.58037,0.57622
39.2,0.58784,0.60445,0.58037,0.58452
39.3,0.56294,0.59283,0.56377,0.58535
39.4,0.57041,0.61275,0.56294,0.59117
39.5,0.54301,0.61358,0.5729,0.57622
39.6,0.54716,0.62355,0.5812,0.58037
39.7,0.56294,0.6277,0.57124,0.58286
39.8,0.58369,0.62106,0.58203,0.58452
39.9,0.57041,0.61607,0.56543,0.59283
40,0.58369,0.6003,0.5812,0.59366
40.1,0.57788,0.62106,0.57207,0.6194
40.2,0.592,0.61441,0.57705,0.62521
40.3,0.59366,0.59781,0.57456,0.60196
40.4,0.59117,0.5729,0.57705,0.60113
40.5,0.59366,0.54965,0.58369,0.61275
40.6,0.59532,0.5538,0.58867,0.60943
40.7,0.59366,0.5538,0.592,0.63849
40.8,0.59283,0.54135,0.59366,0.64846
40.9,0.57788,0.52142,0.57373,0.62936
41,0.57871,0.51478,0.56875,0.63351
41.1,0.54633,0.51395,0.57622,0.64015
41.2,0.54384,0.51478,0.58784,0.64929
41.3,0.5538,0.50482,0.59781,0.65261
41.4,0.5646,0.50565,0.58452,0.63683
41.5,0.56792,0.52308,0.57871,0.63683
41.6,0.58286,0.52972,0.58452,0.61607
41.7,0.56128,0.52225,0.58203,0.62853
41.8,0.55712,0.52557,0.60113,0.63268
41.9,0.54799,0.5372,0.61192,0.63683
42,0.55048,0.54384,0.60777,0.63434
42.1,0.5646,0.53055,0.60279,0.63434
42.2,0.56958,0.53222,0.60279,0.63185
42.3,0.56128,0.5372,0.60113,0.62853
42.4,0.55712,0.55712,0.59864,0.63019
42.5,0.54301,0.54882,0.58286,0.62438
42.6,0.55297,0.54301,0.57871,0.61607
42.7,0.5538,0.53803,0.59947,0.63019
42.8,0.53222,0.54135,0.59449,0.62023
42.9,0.5372,0.52557,0.57954,0.60279
43,0.52723,0.53803,0.58951,0.62189
43.1,0.52225,0.54384,0.592,0.62521
43.2,0.51395,0.55712,0.60445,0.63185
43.3,0.52059,0.5729,0.59366,0.61773
43.4,0.51893,0.57373,0.58452,0.58701
43.5,0.5098,0.57705,0.57456,0.59034
43.6,0.51395,0.58867,0.56792,0.62687
43.7,0.51478,0.59698,0.56294,0.64347
43.8,0.52557,0.58701,0.56045,0.62604
43.9,0.52059,0.57207,0.58452,0.60694
44,0.53388,0.58203,0.592,0.61524
44.1,0.52889,0.58784,0.57622,0.60362
44.2,0.52557,0.58951,0.58701,0.58784
44.3,0.52557,0.58203,0.58784,0.59532
44.4,0.53138,0.5646,0.56958,0.58203
44.5,0.54633,0.56626,0.57124,0.5729
44.6,0.53305,0.55629,0.57456,0.57041
44.7,0.53886,0.56626,0.56792,0.58784
44.8,0.53388,0.55795,0.57041,0.58618
44.9,0.54799,0.57539,0.58286,0.58535
45,0.53055,0.58203,0.59449,0.59449
45.1,0.52474,0.58784,0.59698,0.58618
45.2,0.52889,0.57788,0.58369,0.60943
45.3,0.53471,0.56792,0.57705,0.58951
45.4,0.53388,0.56045,0.56792,0.6003
45.5,0.5264,0.57539,0.55131,0.61109
45.6,0.51561,0.58951,0.56626,0.60528
45.7,0.52889,0.58037,0.57124,0.61773
45.8,0.52806,0.58784,0.57539,0.60362
45.9,0.53803,0.58369,0.57622,0.61441
46,0.53388,0.59034,0.57788,0.61857
46.1,0.5455,0.58618,0.56294,0.64181
46.2,0.55629,0.60196,0.5646,0.63019
46.3,0.55546,0.6003,0.58452,0.63102
46.4,0.54633,0.60445,0.56211,0.6169
46.5,0.55214,0.59366,0.5538,0.59781
46.6,0.56294,0.5812,0.55712,0.60611
46.7,0.57705,0.56958,0.57871,0.60528
46.8,0.55048,0.55546,0.56875,0.6169
46.9,0.54052,0.55546,0.592,0.60694
47,0.54965,0.54218,0.59283,0.6003
47.1,0.56543,0.54882,0.58037,0.6086
47.2,0.57622,0.53886,0.5812,0.60694
47.3,0.5812,0.53305,0.60279,0.59615
47.4,0.58951,0.53222,0.59864,0.58701
47.5,0.57954,0.54301,0.60528,0.59615
47.6,0.59366,0.55048,0.59366,0.59947
47.7,0.58452,0.56792,0.58951,0.60362
47.8,0.57207,0.55463,0.58535,0.60196
47.9,0.56543,0.58203,0.57705,0.59698
48,0.56211,0.58452,0.58286,0.58369
48.1,0.56792,0.59034,0.57871,0.58452
48.2,0.55629,0.58037,0.58037,0.58867
48.3,0.55795,0.5729,0.59947,0.59034
48.4,0.55878,0.55878,0.60777,0.59366
48.5,0.54716,0.55878,0.62272,0.61192
48.6,0.53471,0.53886,0.63268,0.60943
48.7,0.53055,0.55048,0.61857,0.60445
48.8,0.54882,0.54965,0.62853,0.58037
48.9,0.55131,0.56045,0.59781,0.59034
49,0.55712,0.56377,0.59781,0.57622
49.1,0.5455,0.56875,0.60362,0.58535
49.2,0.53222,0.5729,0.61192,0.60694
49.3,0.54384,0.5729,0.59947,0.61773
49.4,0.55878,0.57041,0.58452,0.60943
49.5,0.57373,0.5538,0.58535,0.59366
49.6,0.55214,0.54965,0.58452,0.57456
49.7,0.56211,0.54218,0.56792,0.59864
49.8,0.57871,0.55546,0.57456,0.59615
49.9,0.58369,0.55463,0.59615,0.6169
50,0.59117,0.56377,0.59034,0.60777
50.1,0.58701,0.58618,0.57622,0.60611
50.2,0.60113,0.6003,0.58535,0.60196
50.3,0.58452,0.61275,0.58784,0.58951
50.4,0.60445,0.58286,0.59117,0.60196
50.5,0.58784,0.58037,0.60943,0.59615
50.6,0.59283,0.57622,0.6003,0.60445
50.7,0.59781,0.5646,0.59781,0.61192
50.8,0.59283,0.55878,0.59947,0.60196
50.9,0.57788,0.55463,0.60528,0.59034
51,0.57705,0.55214,0.60445,0.59698
51.1,0.55546,0.55712,0.58701,0.58037
51.2,0.56958,0.55297,0.60528,0.56875
51.3,0.58618,0.56128,0.59449,0.5646
51.4,0.59283,0.55712,0.60196,0.58037
51.5,0.58951,0.55048,0.62189,0.58701
51.6,0.59947,0.54467,0.60611,0.57705
51.7,0.58618,0.54882,0.58784,0.55546
51.8,0.59947,0.54052,0.57539,0.56377
51.9,0.60694,0.56294,0.58203,0.57373
52,0.60279,0.55795,0.58618,0.57124
52.1,0.61441,0.56709,0.58286,0.56958
52.2,0.60196,0.56294,0.56958,0.56128
52.3,0.6003,0.5646,0.57622,0.56543
52.4,0.59947,0.56377,0.57539,0.56211
52.5,0.60445,0.57539,0.57456,0.56128
52.6,0.59864,0.56377,0.56709,0.5646
52.7,0.61109,0.56294,0.56543,0.55961
52.8,0.61441,0.55048,0.58535,0.56045
52.9,0.61192,0.55546,0.57954,0.57041
53,0.60362,0.56128,0.58618,0.56543
53.1,0.60943,0.57456,0.5812,0.58784
53.2,0.61441,0.57456,0.57705,0.58701
53.3,0.62272,0.5812,0.56709,0.59366
53.4,0.60694,0.59117,0.58369,0.58452
53.5,0.6003,0.59947,0.57871,0.59366
53.6,0.61275,0.58369,0.58784,0.592
53.7,0.60113,0.60113,0.58203,0.58701
53.8,0.60113,0.61026,0.57456,0.59781
53.9,0.6003,0.61524,0.56543,0.59283
54,0.58369,0.58618,0.57788,0.59698
54.1,0.59532,0.58618,0.58784,0.59615
54.2,0.59532,0.57456,0.61275,0.60694
54.3,0.59034,0.57622,0.61109,0.60196
54.4,0.59781,0.57539,0.61857,0.59698
54.5,0.59532,0.57124,0.59781,0.58203
54.6,0.59117,0.56294,0.59366,0.59781
54.7,0.58369,0.55878,0.58535,0.61607
54.8,0.57954,0.57373,0.57622,0.60445
54.9,0.5812,0.58369,0.58037,0.60694
55,0.58286,0.60611,0.58867,0.59532
55.1,0.58452,0.61358,0.58369,0.61192
55.2,0.58618,0.59449,0.58037,0.61275
55.3,0.57456,0.58951,0.57124,0.60694
55.4,0.57788,0.61441,0.55463,0.61275
55.5,0.5812,0.60362,0.54384,0.62106
55.6,0.57871,0.61026,0.5181,0.62687
55.7,0.57622,0.58618,0.52059,0.62853
55.8,0.57041,0.58535,0.52972,0.62853
55.9,0.5646,0.57539,0.52889,0.61773
56,0.57373,0.57622,0.54135,0.60611
56.1,0.57871,0.56377,0.53305,0.58784
56.2,0.5812,0.56626,0.5372,0.5646
56.3,0.58618,0.56543,0.52972,0.56709
56.4,0.58618,0.57871,0.52474,0.57124
56.5,0.59615,0.57124,0.53305,0.58452
56.6,0.60113,0.57705,0.53055,0.57373
56.7,0.60362,0.60445,0.55048,0.55214
56.8,0.60528,0.60196,0.55131,0.55878
56.9,0.58618,0.57954,0.53554,0.57124
57,0.59366,0.57788,0.53305,0.56958
57.1,0.58701,0.5729,0.53886,0.57705
57.2,0.57456,0.5538,0.52889,0.56294
57.3,0.58618,0.55214,0.53637,0.57456
57.4,0.59283,0.55214,0.53388,0.58535
57.5,0.59532,0.55131,0.54882,0.60113
57.6,0.58618,0.54301,0.55131,0.59532
57.7,0.59366,0.55214,0.53637,0.60445
57.8,0.59864,0.56211,0.54301,0.61358
57.9,0.59532,0.55795,0.55131,0.61607
58,0.59615,0.54384,0.55878,0.62189
58.1,0.57788,0.54633,0.53803,0.62687
58.2,0.5812,0.54716,0.53222,0.64763
58.3,0.58867,0.53803,0.54218,0.63932
58.4,0.59366,0.54965,0.53637,0.64846
58.5,0.592,0.54633,0.52972,0.63517
58.6,0.58286,0.55297,0.54052,0.62853
58.7,0.59449,0.56792,0.55712,0.63019
58.8,0.6003,0.55878,0.55131,0.62604
58.9,0.59366,0.55712,0.57041,0.61607
59,0.5812,0.55878,0.56128,0.6169
59.1,0.57705,0.55629,0.57041,0.61773
59.2,0.56958,0.5455,0.58535,0.62853
59.3,0.55878,0.56958,0.61358,0.63102
59.4,0.57207,0.57871,0.61524,0.61607
59.5,0.57373,0.57622,0.61524,0.63185
59.6,0.57705,0.57456,0.61857,0.60943
59.7,0.57788,0.55795,0.61275,0.61524
59.8,0.57124,0.57622,0.60113,0.6194
59.9,0.56294,0.57705,0.61109,0.63185
60,0.55795,0.57124,0.6169,0.6194
