0,6,6,6
0,0.89173,0.91747,0.88177
0.1,0.95815,0.98555,0.94155
0.2,0.95815,0.98555,1.0088
0.3,1.0229,1.0545,1.0088
0.4,1.0935,1.1234,1.0727
0.5,1.0935,1.1234,1.1392
0.6,1.1649,1.1906,1.1392
0.7,1.1649,1.1906,1.2089
0.8,1.2305,1.262,1.2089
0.9,1.2305,1.262,1.277
1,1.3019,1.3359,1.277
1.1,1.3019,1.3359,1.3434
1.2,1.3733,1.3359,1.3434
1.3,1.3733,1.4123,1.4148
1.4,1.4489,1.4123,1.4148
1.5,1.4489,1.4846,1.4854
1.6,1.4489,1.4846,1.4854
1.7,1.5269,1.5585,1.5593
1.8,1.5269,1.5585,1.5593
1.9,1.5983,1.5585,1.5593
2,1.5983,1.6332,1.6448
2.1,1.5983,1.6332,1.6448
2.2,1.6697,1.6332,1.7262
2.3,1.6697,1.7121,1.7262
2.4,1.7494,1.7121,1.8067
2.5,1.7494,1.7918,1.8067
2.6,1.7494,1.7918,1.8823
2.7,1.8275,1.7918,1.8823
2.8,1.8275,1.8756,1.8823
2.9,1.9105,1.8756,1.9694
3,1.9105,1.957,1.9694
3.1,1.9105,1.957,1.9694
3.2,1.9985,1.957,2.055
3.3,1.9985,2.045,2.055
3.4,1.9985,2.045,2.143
3.5,2.0824,2.045,2.143
3.6,2.0824,2.045,2.143
3.7,2.0824,2.1297,2.2243
3.8,2.1646,2.1297,2.2243
3.9,2.1646,2.1297,2.2243
4,2.2501,2.2102,2.3074
4.1,2.2501,2.2102,2.3074
4.2,2.2501,2.2102,2.3074
4.3,2.3256,2.2102,2.3987
4.4,2.3256,2.2949,2.3987
4.5,2.3256,2.2949,2.3987
4.6,2.4136,2.2949,2.4884
4.7,2.4136,2.3721,2.4884
4.8,2.4136,2.3721,2.4884
4.9,2.5075,2.3721,2.5772
5,2.5075,2.461,2.5772
5.1,2.5075,2.461,2.5772
5.2,2.5963,2.461,2.6661
5.3,2.5963,2.5548,2.6661
5.4,2.5963,2.5548,2.6661
5.5,2.6843,2.5548,2.7549
5.6,2.6843,2.5548,2.7549
5.7,2.6843,2.6387,2.7549
5.8,2.7773,2.6387,2.8371
5.9,2.7773,2.6387,2.8371
6,2.7773,2.6387,2.8371
6.1,2.8653,2.7267,2.8371
6.2,2.8653,2.7267,2.9301
6.3,2.8653,2.7267,2.9301
6.4,2.8653,2.8213,2.9301
6.5,2.96,2.8213,3.0206
6.6,2.96,2.8213,3.0206
6.7,2.96,2.8213,3.0206
6.8,2.96,2.9185,3.0206
6.9,3.0472,2.9185,3.1094
7,3.0472,2.9185,3.1094
7.1,3.0472,2.9185,3.1094
7.2,3.1402,3.0032,3.1094
7.3,3.1402,3.0032,3.1999
7.4,3.1402,3.0032,3.1999
7.5,3.1402,3.0895,3.1999
7.6,3.229,3.0895,3.2871
7.7,3.229,3.0895,3.2871
7.8,3.229,3.0895,3.2871
7.9,3.3187,3.1817,3.2871
8,3.3187,3.1817,3.376
8.1,3.3187,3.1817,3.376
8.2,3.3187,3.1817,3.376
8.3,3.4158,3.2722,3.376
8.4,3.4158,3.2722,3.4706
8.5,3.4158,3.2722,3.4706
8.6,3.4158,3.2722,3.4706
8.7,3.5105,3.2722,3.4706
8.8,3.5105,3.3635,3.5561
8.9,3.5105,3.3635,3.5561
9,3.5105,3.3635,3.5561
9.1,3.6051,3.3635,3.5561
9.2,3.6051,3.4457,3.645
9.3,3.6051,3.4457,3.645
9.4,3.6051,3.4457,3.645
9.5,3.7014,3.4457,3.7338
9.6,3.7014,3.4457,3.7338
9.7,3.7014,3.5387,3.7338
9.8,3.7014,3.5387,3.7338
9.9,3.7911,3.5387,3.826
10,3.7911,3.5387,3.826
10.1,3.7911,3.5387,3.826
10.2,3.7911,3.6309,3.826
10.3,3.7911,3.6309,3.826
10.4,3.8758,3.6309,3.9107
10.5,3.8758,3.6309,3.9107
10.6,3.8758,3.7214,3.9107
10.7,3.8758,3.7214,3.9107
10.8,3.8758,3.7214,3.9912
10.9,3.9729,3.7214,3.9912
11,3.9729,3.7214,3.9912
11.1,3.9729,3.8077,3.9912
11.2,3.9729,3.8077,4.0709
11.3,4.0593,3.8077,4.0709
11.4,4.0593,3.8077,4.0709
11.5,4.0593,3.8077,4.0709
11.6,4.0593,3.9015,4.0709
11.7,4.0593,3.9015,4.1622
11.8,4.1382,3.9015,4.1622
11.9,4.1382,3.9015,4.1622
12,4.1382,3.9015,4.1622
12.1,4.1382,3.9015,4.2511
12.2,4.2237,3.9945,4.2511
12.3,4.2237,3.9945,4.2511
12.4,4.2237,3.9945,4.2511
12.5,4.2237,3.9945,4.2511
12.6,4.31,3.9945,4.3383
12.7,4.31,3.9945,4.3383
12.8,4.31,4.0784,4.3383
12.9,4.31,4.0784,4.3383
13,4.31,4.0784,4.3383
13.1,4.4005,4.0784,4.4362
13.2,4.4005,4.0784,4.4362
13.3,4.4005,4.0784,4.4362
13.4,4.4005,4.1647,4.4362
13.5,4.4005,4.1647,4.4362
13.6,4.4861,4.1647,4.4362
13.7,4.4861,4.1647,4.5159
13.8,4.4861,4.1647,4.5159
13.9,4.4861,4.1647,4.5159
14,4.4861,4.1647,4.5159
14.1,4.5707,4.2403,4.5159
14.2,4.5707,4.2403,4.5973
14.3,4.5707,4.2403,4.5973
14.4,4.5707,4.2403,4.5973
14.5,4.5707,4.2403,4.5973
14.6,4.5707,4.2403,4.5973
14.7,4.6604,4.325,4.5973
14.8,4.6604,4.325,4.6903
14.9,4.6604,4.325,4.6903
15,4.6604,4.325,4.6903
15.1,4.6604,4.325,4.6903
15.2,4.6604,4.3997,4.6903
15.3,4.7401,4.3997,4.6903
15.4,4.7401,4.3997,4.7683
15.5,4.7401,4.3997,4.7683
15.6,4.7401,4.3997,4.7683
15.7,4.7401,4.4852,4.7683
15.8,4.7401,4.4852,4.7683
15.9,4.7401,4.4852,4.7683
16,4.8265,4.4852,4.7683
16.1,4.8265,4.4852,4.8589
16.2,4.8265,4.4852,4.8589
16.3,4.8265,4.4852,4.8589
16.4,4.8265,4.5724,4.8589
16.5,4.8265,4.5724,4.8589
16.6,4.8265,4.5724,4.8589
16.7,4.9103,4.5724,4.8589
16.8,4.9103,4.5724,4.8589
16.9,4.9103,4.5724,4.946
17,4.9103,4.6629,4.946
17.1,4.9103,4.6629,4.946
17.2,4.9103,4.6629,4.946
17.3,4.9103,4.6629,4.946
17.4,4.9867,4.6629,4.946
17.5,4.9867,4.6629,4.946
17.6,4.9867,4.6629,4.946
17.7,4.9867,4.7517,5.0199
17.8,4.9867,4.7517,5.0199
17.9,4.9867,4.7517,5.0199
18,4.9867,4.7517,5.0199
18.1,4.9867,4.7517,5.0199
18.2,5.0722,4.7517,5.0199
18.3,5.0722,4.7517,5.0199
18.4,5.0722,4.7517,5.1104
18.5,5.0722,4.8406,5.1104
18.6,5.0722,4.8406,5.1104
18.7,5.0722,4.8406,5.1104
18.8,5.0722,4.8406,5.1104
18.9,5.0722,4.8406,5.1104
19,5.1486,4.8406,5.1104
19.1,5.1486,4.8406,5.1104
19.2,5.1486,4.8406,5.1976
19.3,5.1486,4.9211,5.1976
19.4,5.1486,4.9211,5.1976
19.5,5.1486,4.9211,5.1976
19.6,5.1486,4.9211,5.1976
19.7,5.1486,4.9211,5.1976
19.8,5.1486,4.9211,5.1976
19.9,5.2358,4.9211,5.1976
20,5.2358,4.9211,5.2765
20.1,5.2358,5.0066,5.2765
20.2,5.2358,5.0066,5.2765
20.3,5.2358,5.0066,5.2765
20.4,5.2358,5.0066,5.2765
20.5,5.2358,5.0066,5.2765
20.6,5.2358,5.0066,5.2765
20.7,5.2358,5.0066,5.2765
20.8,5.2358,5.0066,5.2765
20.9,5.323,5.0922,5.2765
21,5.323,5.0922,5.2765
21.1,5.323,5.0922,5.3653
21.2,5.323,5.0922,5.3653
21.3,5.323,5.0922,5.3653
21.4,5.323,5.0922,5.3653
21.5,5.323,5.0922,5.3653
21.6,5.323,5.0922,5.3653
21.7,5.323,5.1735,5.3653
21.8,5.323,5.1735,5.3653
21.9,5.3952,5.1735,5.3653
22,5.3952,5.1735,5.3653
22.1,5.3952,5.1735,5.3653
22.2,5.3952,5.1735,5.3653
22.3,5.3952,5.1735,5.4409
22.4,5.3952,5.1735,5.4409
22.5,5.3952,5.1735,5.4409
22.6,5.3952,5.1735,5.4409
22.7,5.3952,5.2507,5.4409
22.8,5.3952,5.2507,5.4409
22.9,5.4699,5.2507,5.4409
23,5.4699,5.2507,5.4409
23.1,5.4699,5.2507,5.4409
23.2,5.4699,5.2507,5.4409
23.3,5.4699,5.2507,5.4409
23.4,5.4699,5.2507,5.4409
23.5,5.4699,5.2507,5.5098
23.6,5.4699,5.3329,5.5098
23.7,5.4699,5.3329,5.5098
23.8,5.4699,5.3329,5.5098
23.9,5.4699,5.3329,5.5098
24,5.4699,5.3329,5.5098
24.1,5.543,5.3329,5.5098
24.2,5.543,5.3329,5.5098
24.3,5.543,5.3329,5.5098
24.4,5.543,5.3329,5.5098
24.5,5.543,5.3329,5.5098
24.6,5.543,5.3329,5.5098
24.7,5.543,5.4135,5.5098
24.8,5.543,5.4135,5.592
24.9,5.543,5.4135,5.592
25,5.543,5.4135,5.592
25.1,5.543,5.4135,5.592
25.2,5.543,5.4135,5.592
25.3,5.543,5.4135,5.592
25.4,5.6128,5.4135,5.592
25.5,5.6128,5.4135,5.592
25.6,5.6128,5.4135,5.592
25.7,5.6128,5.4135,5.592
25.8,5.6128,5.4135,5.592
25.9,5.6128,5.4932,5.592
26,5.6128,5.4932,5.6759
26.1,5.6128,5.4932,5.6759
26.2,5.6128,5.4932,5.6759
26.3,5.6128,5.4932,5.6759
26.4,5.6128,5.4932,5.6759
26.5,5.6128,5.4932,5.6759
26.6,5.6128,5.4932,5.6759
26.7,5.6128,5.4932,5.6759
26.8,5.6875,5.4932,5.6759
26.9,5.6875,5.4932,5.6759
27,5.6875,5.4932,5.6759
27.1,5.6875,5.4932,5.6759
27.2,5.6875,5.4932,5.6759
27.3,5.6875,5.5771,5.7597
27.4,5.6875,5.5771,5.7597
27.5,5.6875,5.5771,5.7597
27.6,5.6875,5.5771,5.7597
27.7,5.6875,5.5771,5.7597
27.8,5.6875,5.5771,5.7597
27.9,5.6875,5.5771,5.7597
28,5.6875,5.5771,5.7597
28.1,5.6875,5.5771,5.7597
28.2,5.6875,5.5771,5.7597
28.3,5.6875,5.5771,5.7597
28.4,5.6875,5.5771,5.7597
28.5,5.6875,5.5771,5.7597
28.6,5.6875,5.5771,5.7597
28.7,5.6875,5.5771,5.7597
28.8,5.7597,5.5771,5.7597
28.9,5.7597,5.5771,5.7597
29,5.7597,5.5771,5.7597
29.1,5.7597,5.6526,5.8195
29.2,5.7597,5.6526,5.8195
29.3,5.7597,5.6526,5.8195
29.4,5.7597,5.6526,5.8195
29.5,5.7597,5.6526,5.8195
29.6,5.7597,5.6526,5.8195
29.7,5.7597,5.6526,5.8195
29.8,5.7597,5.6526,5.8195
29.9,5.7597,5.6526,5.8195
30,5.7597,5.6526,5.8195
30.1,5.7597,5.6526,5.8195
30.2,5.7597,5.6526,5.8195
30.3,5.7597,5.6526,5.8195
30.4,5.7597,5.6526,5.8195
30.5,5.7597,5.6526,5.8195
30.6,5.7597,5.6526,5.8195
30.7,5.7597,5.6526,5.8195
30.8,5.7597,5.6526,5.8195
30.9,5.8303,5.6526,5.8195
31,5.8303,5.6526,5.8195
31.1,5.8303,5.6526,5.8195
31.2,5.8303,5.7323,5.8195
31.3,5.8303,5.7323,5.8195
31.4,5.8303,5.7323,5.8195
31.5,5.8303,5.7323,5.8768
31.6,5.8303,5.7323,5.8768
31.7,5.8303,5.7323,5.8768
31.8,5.8303,5.7323,5.8768
31.9,5.8303,5.7323,5.8768
32,5.8303,5.7323,5.8768
32.1,5.8303,5.7323,5.8768
32.2,5.8303,5.7323,5.8768
32.3,5.8303,5.7323,5.8768
32.4,5.8303,5.7323,5.8768
32.5,5.8303,5.7323,5.8768
32.6,5.8303,5.7323,5.8768
32.7,5.8303,5.7323,5.8768
32.8,5.8303,5.7323,5.8768
32.9,5.8934,5.7323,5.8768
33,5.8934,5.7323,5.8768
33.1,5.8934,5.7323,5.8768
33.2,5.8934,5.7323,5.8768
33.3,5.8934,5.7323,5.8768
33.4,5.8934,5.7323,5.8768
33.5,5.8934,5.783,5.8768
33.6,5.8934,5.783,5.8768
33.7,5.8934,5.783,5.8768
33.8,5.8934,5.783,5.8768
33.9,5.8934,5.783,5.8768
34,5.8934,5.783,5.8768
34.1,5.8934,5.783,5.8768
34.2,5.8934,5.783,5.8768
34.3,5.8934,5.783,5.8768
34.4,5.8934,5.783,5.8768
34.5,5.8934,5.783,5.8768
34.6,5.8934,5.783,5.9341
34.7,5.8934,5.783,5.9341
34.8,5.8934,5.783,5.9341
34.9,5.8934,5.783,5.9341
35,5.8934,5.783,5.9341
35.1,5.8934,5.783,5.9341
35.2,5.8934,5.783,5.9341
35.3,5.8934,5.783,5.9341
35.4,5.8934,5.783,5.9341
35.5,5.8934,5.783,5.9341
35.6,5.9582,5.783,5.9341
35.7,5.9582,5.783,5.9341
35.8,5.9582,5.783,5.9341
35.9,5.9582,5.783,5.9341
36,5.9582,5.783,5.9341
36.1,5.9582,5.8527,5.9341
36.2,5.9582,5.8527,5.9341
36.3,5.9582,5.8527,5.9341
36.4,5.9582,5.8527,5.9341
36.5,5.9582,5.8527,5.9341
36.6,5.9582,5.8527,5.9341
36.7,5.9582,5.8527,5.9341
36.8,5.9582,5.8527,5.9341
36.9,5.9582,5.8527,5.9341
37,5.9582,5.8527,5.9341
37.1,5.9582,5.8527,5.9341
37.2,5.9582,5.8527,5.9341
37.3,5.9582,5.8527,5.9341
37.4,5.9582,5.8527,5.9341
37.5,5.9582,5.8527,5.9341
37.6,5.9582,5.8527,5.9341
37.7,5.9582,5.8527,5.9341
37.8,5.9582,5.8527,5.9341
37.9,5.9582,5.8527,5.9341
38,5.9582,5.8527,5.9341
38.1,5.9582,5.8527,5.9341
38.2,5.9582,5.8527,5.9922
38.3,5.9582,5.8527,5.9922
38.4,5.9582,5.8527,5.9922
38.5,5.9582,5.8527,5.9922
38.6,5.9582,5.8527,5.9922
38.7,5.9582,5.8527,5.9922
38.8,5.9582,5.8527,5.9922
38.9,5.9582,5.8527,5.9922
39,5.9582,5.8527,5.9922
39.1,5.9582,5.8527,5.9922
39.2,5.9582,5.8527,5.9922
39.3,5.9582,5.8527,5.9922
39.4,5.9582,5.8527,5.9922
39.5,5.9582,5.8527,5.9922
39.6,5.9582,5.9141,5.9922
39.7,5.9582,5.9141,5.9922
39.8,5.9582,5.9141,5.9922
39.9,5.9582,5.9141,5.9922
40,5.9582,5.9141,5.9922
40.1,5.9582,5.9141,5.9922
40.2,5.9582,5.9141,5.9922
40.3,5.9997,5.9141,5.9922
40.4,5.9997,5.9141,5.9922
40.5,5.9997,5.9141,5.9922
40.6,5.9997,5.9141,5.9922
40.7,5.9997,5.9141,5.9922
40.8,5.9997,5.9141,5.9922
40.9,5.9997,5.9141,5.9922
41,5.9997,5.9141,5.9922
41.1,5.9997,5.9141,5.9922
41.2,5.9997,5.9141,5.9922
41.3,5.9997,5.9141,5.9922
41.4,5.9997,5.9141,5.9922
41.5,5.9997,5.9141,5.9922
41.6,5.9997,5.9141,5.9922
41.7,5.9997,5.9141,5.9922
41.8,5.9997,5.9141,5.9922
41.9,5.9997,5.9141,5.9922
42,5.9997,5.9141,5.9922
42.1,5.9997,5.9141,5.9922
42.2,5.9997,5.9141,5.9922
42.3,5.9997,5.9141,5.9922
42.4,5.9997,5.9141,5.9922
42.5,5.9997,5.9141,5.9922
42.6,5.9997,5.9141,5.9922
42.7,5.9997,5.9141,5.9922
42.8,5.9997,5.9141,5.9922
42.9,5.9997,5.9141,5.9922
43,5.9997,5.9141,5.9922
43.1,5.9997,5.9141,5.9922
43.2,5.9997,5.9141,5.9922
43.3,5.9997,5.9141,5.9922
43.4,5.9997,5.9141,5.9922
43.5,5.9997,5.9141,5.9922
43.6,5.9997,5.9141,5.9922
43.7,5.9997,5.9141,5.9922
43.8,5.9997,5.9141,5.9922
43.9,5.9997,5.9141,5.9922
44,5.9997,5.9141,5.9922
44.1,5.9997,5.9141,5.9922
44.2,5.9997,5.9141,5.9922
44.3,5.9997,5.9141,5.9922
44.4,5.9997,5.9141,5.9922
44.5,5.9997,5.9141,5.9922
44.6,5.9997,5.9141,5.9922
44.7,5.9997,5.9631,5.998
44.8,5.9997,5.9631,5.998
44.9,5.9997,5.9631,5.998
45,5.9997,5.9631,5.998
45.1,5.9997,5.9631,5.998
45.2,5.9997,5.9631,5.998
45.3,5.9997,5.9631,5.998
45.4,5.9997,5.9631,5.998
45.5,5.9997,5.9631,5.998
45.6,5.9997,5.9631,5.998
45.7,5.9997,5.9631,5.998
45.8,5.9997,5.9631,5.998
45.9,5.9997,5.9631,5.998
46,5.9997,5.9631,5.998
46.1,5.9997,5.9631,5.998
46.2,5.9997,5.9631,5.998
46.3,5.9997,5.9631,5.998
46.4,5.9997,5.9631,5.998
46.5,5.9997,5.9631,5.998
46.6,5.9997,5.9631,5.998
46.7,5.9997,5.9631,5.998
46.8,5.9997,5.9631,5.998
46.9,5.9997,5.9631,5.998
47,5.9997,5.9631,5.998
47.1,5.9997,5.9631,5.998
47.2,5.9997,5.9631,5.998
47.3,5.9997,5.9631,5.998
47.4,5.9997,5.9631,5.998
47.5,5.9997,5.9631,5.998
47.6,5.9997,5.9631,5.998
47.7,5.9997,5.9631,5.998
47.8,5.9997,5.9631,5.998
47.9,5.9997,5.9631,5.998
48,5.9997,5.9631,5.998
48.1,5.9997,5.9631,5.998
48.2,5.9997,5.9631,5.998
48.3,5.9997,5.9631,5.998
48.4,5.9997,5.9631,5.998
48.5,5.9997,5.9631,5.998
48.6,5.9997,5.9631,5.998
48.7,5.9997,5.9631,5.998
48.8,5.9997,5.9631,5.998
48.9,5.9997,5.9631,5.998
49,5.9997,5.9631,5.998
49.1,5.9997,5.9631,5.998
49.2,5.9997,5.9631,5.998
49.3,5.9997,5.9631,5.998
49.4,5.9997,5.9631,5.998
49.5,5.9997,5.9631,5.998
49.6,5.9997,5.9631,5.998
49.7,5.9997,5.9631,5.998
49.8,5.9997,5.9631,5.998
49.9,5.9997,5.9631,5.998
50,5.9997,5.9631,5.998
50.1,5.9997,5.9631,5.998
50.2,5.9997,5.9631,5.998
50.3,5.9997,5.9631,5.998
50.4,5.9997,5.9631,5.998
50.5,5.9997,5.9631,5.998
50.6,5.9997,5.9631,5.998
50.7,5.9997,5.9631,5.998
50.8,5.9997,5.9631,5.998
50.9,5.9997,5.9631,5.998
51,5.9997,5.9631,5.998
51.1,5.9997,5.9631,5.998
51.2,5.9997,5.9631,5.998
51.3,5.9997,5.9631,5.998
51.4,5.9997,5.9631,5.998
51.5,5.9997,5.9631,5.998
51.6,5.9997,5.9631,5.998
51.7,5.9997,5.9631,5.998
51.8,5.9997,5.9631,5.998
51.9,5.9997,5.9631,5.998
52,5.9997,5.9631,5.998
52.1,5.9997,5.9631,5.998
52.2,5.9997,5.9631,5.998
52.3,5.9997,5.9631,5.998
52.4,5.9997,5.9631,5.998
52.5,5.9997,5.9631,5.998
52.6,5.9997,5.9997,5.998
52.7,5.9997,5.9997,5.998
52.8,5.9997,5.9997,5.998
52.9,5.9997,5.9997,5.998
53,5.9997,5.9997,5.998
53.1,5.9997,5.9997,5.998
53.2,5.9997,5.9997,5.998
53.3,5.9997,5.9997,5.998
53.4,5.9997,5.9997,5.998
53.5,5.9997,5.9997,5.998
53.6,5.9997,5.9997,5.998
53.7,5.9997,5.9997,5.998
53.8,5.9997,5.9997,5.998
53.9,5.9997,5.9997,5.998
54,5.9997,5.9997,5.998
54.1,5.9997,5.9997,5.998
54.2,5.9997,5.9997,5.998
54.3,5.9997,5.9997,5.998
54.4,5.9997,5.9997,5.998
54.5,5.9997,5.9997,5.998
54.6,5.9997,5.9997,5.998
54.7,5.9997,5.9997,5.998
54.8,5.9997,5.9997,5.998
54.9,5.9997,5.9997,5.998
55,5.9997,5.9997,5.998
55.1,5.9997,5.9997,5.998
55.2,5.9997,5.9997,5.998
55.3,5.9997,5.9997,5.998
55.4,5.9997,5.9997,5.998
55.5,5.9997,5.9997,5.998
55.6,5.9997,5.9997,5.998
55.7,5.9997,5.9997,5.998
55.8,5.9997,5.9997,5.998
55.9,5.9997,5.9997,5.998
56,5.9997,5.9997,5.998
56.1,5.9997,5.9997,5.998
56.2,5.9997,5.9997,5.998
56.3,5.9997,5.9997,5.998
56.4,5.9997,5.9997,5.998
56.5,5.9997,5.9997,5.998
56.6,5.9997,5.9997,5.998
56.7,5.9997,5.9997,5.998
56.8,5.9997,5.9997,5.9963
56.9,5.9997,5.9997,5.9963
57,5.9997,5.9997,5.9963
57.1,5.9997,5.9997,5.9963
57.2,5.9997,5.9997,5.9963
57.3,5.9997,5.9997,5.9963
57.4,5.9997,5.9997,5.9963
57.5,5.9997,5.9997,5.9963
57.6,5.9997,5.9997,5.9963
57.7,5.9997,5.9997,5.9963
57.8,5.9997,5.9997,5.9963
57.9,5.9997,5.9997,5.9963
58,5.9997,5.9997,5.9963
58.1,5.9997,5.9997,5.9963
58.2,5.9997,5.9997,5.9963
58.3,5.9997,5.9997,5.9963
58.4,5.9997,5.9997,5.9963
58.5,5.9997,5.9997,5.9963
58.6,5.9997,5.9997,5.9963
58.7,5.9997,5.9997,5.9963
58.8,5.9997,5.9997,5.9963
58.9,5.9997,5.9997,5.9963
59,5.9997,5.9997,5.9963
59.1,5.9997,5.9997,5.9963
59.2,5.9997,5.9997,5.9963
59.3,5.9997,5.9997,5.9963
59.4,5.9997,5.9997,5.9963
59.5,5.9997,5.9997,5.9963
59.6,5.9997,5.9997,5.9963
59.7,5.9997,5.9997,5.9963
59.8,5.9997,5.9997,5.9963
59.9,5.9997,5.9997,5.9963
60,5.9997,5.9997,5.9963
60.1,5.9997,5.9997,5.9963
60.2,5.9997,5.9997,5.9963
60.3,5.9997,5.9997,5.9963
60.4,5.9997,5.9997,5.9963
60.5,5.9997,5.9997,5.9963
60.6,5.9997,5.9997,5.9963
60.7,5.9997,5.9997,5.9963
60.8,5.9997,5.9997,5.9963
60.9,5.9997,5.9997,5.9963
61,5.9997,5.9997,5.9963
61.1,5.9997,5.9997,5.9963
61.2,5.9997,5.9997,5.9963
61.3,5.9997,5.9997,5.9963
61.4,5.9997,5.9997,5.9963
61.5,5.9997,5.9997,5.9963
61.6,5.9997,5.9997,5.9963
61.7,5.9997,5.9997,5.9963
61.8,5.9997,5.9997,5.9963
61.9,5.9997,5.9997,5.9963
62,5.9997,5.9997,5.9963
62.1,5.9997,5.9997,5.9963
62.2,5.9997,5.9997,5.9963
62.3,5.9997,5.9997,5.9963
62.4,5.9997,5.9997,5.9963
62.5,5.9997,5.9997,5.9963
62.6,5.9997,5.9997,5.9963
62.7,5.9963,5.9997,5.9963
62.8,5.9963,5.9997,5.9963
62.9,5.9963,5.9997,5.9963
63,5.9963,5.9997,5.9963
63.1,5.9963,5.998,5.9963
63.2,5.9963,5.998,5.9963
63.3,5.9963,5.998,5.9963
63.4,5.9963,5.998,5.9963
63.5,5.9963,5.998,5.9963
63.6,5.9963,5.998,5.9963
63.7,5.9963,5.998,5.9963
63.8,5.9963,5.998,5.9963
63.9,5.9963,5.998,5.9963
64,5.9963,5.998,5.9963
64.1,5.9963,5.998,5.9963
64.2,5.9963,5.998,5.9963
64.3,5.9963,5.998,5.9963
64.4,5.9963,5.998,5.9963
64.5,5.9963,5.998,5.9963
64.6,5.9963,5.998,5.9963
64.7,5.9963,5.998,5.9963
64.8,5.9963,5.998,5.9963
64.9,5.9963,5.998,5.9963
65,5.9963,5.998,5.9963
65.1,5.9963,5.998,5.9963
65.2,5.9963,5.998,5.9963
65.3,5.9963,5.998,5.9963
65.4,5.9963,5.998,5.9963
65.5,5.9963,5.998,5.9963
65.6,5.9963,5.998,5.9963
65.7,5.9963,5.998,5.9963
65.8,5.9963,5.998,5.9963
65.9,5.9963,5.998,5.9963
66,5.9963,5.998,5.9963
66.1,5.9963,5.998,5.9963
66.2,5.9963,5.998,5.9963
66.3,5.9963,5.998,5.9963
66.4,5.9963,5.998,5.9963
66.5,5.9963,5.998,5.9963
66.6,5.9963,5.998,5.9963
66.7,5.9963,5.998,5.9963
66.8,5.9963,5.998,5.9963
66.9,5.9963,5.998,5.9963
67,5.9963,5.998,5.9963
67.1,5.9963,5.998,5.9963
67.2,5.9963,5.998,5.9963
67.3,5.9963,5.998,5.9963
67.4,5.9963,5.998,5.9963
67.5,5.9963,5.998,5.9963
67.6,5.9963,5.998,5.9963
67.7,5.9963,5.998,5.9963
67.8,5.9963,5.998,5.9963
67.9,5.9963,5.998,5.9963
68,5.9963,5.998,5.9963
68.1,5.9963,5.998,5.9963
68.2,5.9963,5.998,5.9963
68.3,5.9963,5.998,5.9963
68.4,5.9963,5.998,5.9963
68.5,5.9963,5.998,5.9963
68.6,5.9963,5.998,5.9963
68.7,5.9963,5.998,5.9963
68.8,5.9963,5.998,5.9963
68.9,5.9963,5.998,5.9963
69,5.9963,5.998,5.9963
69.1,5.9963,5.998,5.9963
69.2,5.9963,5.998,5.9963
69.3,5.9963,5.998,5.998
69.4,5.9963,5.998,5.998
69.5,5.9963,5.998,5.998
69.6,5.9963,5.998,5.998
69.7,5.9963,5.998,5.998
69.8,5.9963,5.998,5.998
69.9,5.9963,5.998,5.998
70,5.9963,5.998,5.998
70.1,5.9963,5.998,5.998
70.2,5.9963,5.998,5.998
70.3,5.9963,5.998,5.998
70.4,5.9963,5.998,5.998
70.5,5.9963,5.998,5.998
70.6,5.9963,5.998,5.998
70.7,5.9963,5.998,5.998
70.8,5.9963,5.998,5.998
70.9,5.9963,5.998,5.998
71,5.9963,5.998,5.998
71.1,5.9963,5.998,5.998
71.2,5.9963,5.998,5.998
71.3,5.9963,5.998,5.998
71.4,5.9963,5.998,5.998
71.5,5.9963,5.998,5.998
71.6,5.9963,5.998,5.998
71.7,5.9963,5.998,5.998
71.8,5.9963,5.998,5.998
71.9,5.9963,5.998,5.998
72,5.9963,5.998,5.998
72.1,5.9963,5.998,5.998
72.2,5.9963,5.998,5.998
72.3,5.9963,5.998,5.998
72.4,5.9963,5.998,5.998
72.5,5.9963,5.998,5.998
72.6,5.9963,5.998,5.998
72.7,5.9963,5.998,5.998
72.8,5.9963,5.998,5.998
72.9,5.9963,5.998,5.998
73,5.9963,5.998,5.998
73.1,5.9963,5.998,5.998
73.2,5.9963,5.998,5.998
73.3,5.9963,5.998,5.998
73.4,5.9963,5.998,5.998
73.5,5.9963,5.998,5.998
73.6,5.9963,5.998,5.998
73.7,5.9963,5.998,5.998
73.8,5.9963,5.998,5.998
73.9,5.9963,5.998,5.998
74,5.9963,5.998,5.998
74.1,5.9963,5.998,5.998
74.2,5.9963,5.998,5.998
74.3,5.9963,5.998,5.998
74.4,5.9963,5.998,5.998
74.5,5.9963,5.998,5.998
74.6,5.9963,5.998,5.998
74.7,5.9963,5.998,5.998
74.8,5.9963,5.998,5.998
74.9,5.998,5.998,5.998
75,5.998,5.998,5.998
75.1,5.998,5.998,5.998
75.2,5.998,5.998,5.998
75.3,5.998,5.998,5.998
75.4,5.998,5.998,5.998
75.5,5.998,5.998,5.998
75.6,5.998,5.998,5.998
75.7,5.998,5.998,5.998
75.8,5.998,5.998,5.998
75.9,5.998,5.998,5.998
76,5.998,5.9947,5.998
76.1,5.998,5.9947,5.998
76.2,5.998,5.9947,5.998
76.3,5.998,5.9947,5.998
76.4,5.998,5.9947,5.998
76.5,5.998,5.9947,5.998
76.6,5.998,5.9947,5.998
76.7,5.998,5.9947,5.998
76.8,5.998,5.9947,5.998
76.9,5.998,5.9947,5.998
77,5.998,5.9947,5.998
77.1,5.998,5.9947,5.998
77.2,5.998,5.9947,5.998
77.3,5.998,5.9947,5.998
77.4,5.998,5.9947,5.998
77.5,5.998,5.9947,5.998
77.6,5.998,5.9947,5.998
77.7,5.998,5.9947,5.998
77.8,5.998,5.9947,5.998
77.9,5.998,5.9947,5.998
78,5.998,5.9947,5.998
78.1,5.998,5.9947,5.998
78.2,5.998,5.9947,5.998
78.3,5.998,5.9947,5.998
78.4,5.998,5.9947,5.998
78.5,5.998,5.9947,5.998
78.6,5.998,5.9947,5.998
78.7,5.998,5.9947,5.998
78.8,5.998,5.9947,5.998
78.9,5.998,5.9947,5.998
79,5.998,5.9947,5.998
79.1,5.998,5.9947,5.998
79.2,5.998,5.9947,5.998
79.3,5.998,5.9947,5.998
79.4,5.998,5.9947,5.998
79.5,5.998,5.9947,5.998
79.6,5.998,5.9947,5.998
79.7,5.998,5.9947,5.998
79.8,5.998,5.9947,5.9997
79.9,5.998,5.9947,5.9997
80,5.998,5.9947,5.9997
80.1,5.998,5.9947,5.9997
80.2,5.998,5.9947,5.9997
80.3,5.998,5.9947,5.9997
80.4,5.998,5.9947,5.9997
80.5,5.998,5.9947,5.9997
80.6,5.998,5.9947,5.9997
80.7,5.998,5.9947,5.9997
80.8,5.998,5.9947,5.9997
80.9,5.998,5.9947,5.9997
81,5.998,5.9947,5.9997
81.1,5.998,5.9947,5.9997
81.2,5.998,5.9947,5.9997
81.3,5.998,5.9947,5.9997
81.4,5.998,5.9947,5.9997
81.5,5.998,5.9947,5.9997
81.6,5.998,5.9947,5.9997
81.7,5.998,5.9947,5.9997
81.8,5.998,5.9947,5.9997
81.9,5.998,5.9947,5.9997
82,5.998,5.9947,5.9997
82.1,5.998,5.9947,5.9997
82.2,5.998,5.9947,5.9997
82.3,5.998,5.9947,5.9997
82.4,5.998,5.9947,5.9997
82.5,5.998,5.9947,5.9997
82.6,5.998,5.9947,5.9997
82.7,5.998,5.9947,5.9997
82.8,5.998,5.9947,5.9997
82.9,5.998,5.9947,5.9997
83,5.998,5.9947,5.9997
83.1,5.998,5.9947,5.9997
83.2,5.998,5.9947,5.9997
83.3,5.998,5.9947,5.9997
83.4,5.998,5.9947,5.9997
83.5,5.998,5.9947,5.9997
83.6,5.998,5.9947,5.9997
83.7,5.998,5.9947,5.9997
83.8,5.998,5.9947,5.9997
83.9,5.998,5.9947,5.9997
84,5.998,5.9947,5.9997
84.1,5.998,5.9947,5.9997
84.2,5.998,5.9947,5.9997
84.3,5.998,5.9947,5.9997
84.4,5.998,5.9947,5.9997
84.5,5.998,5.9947,5.9997
84.6,5.998,5.9947,5.9997
84.7,5.998,5.9947,5.9997
84.8,5.998,5.9947,5.9997
84.9,5.998,5.9947,5.9997
85,5.998,5.9947,5.9997
85.1,5.998,5.9947,5.9997
85.2,5.998,5.9947,5.9997
85.3,5.998,5.9947,5.9997
85.4,5.998,5.9947,5.9997
85.5,5.998,5.9947,5.9997
85.6,5.998,5.9947,5.9997
85.7,5.998,5.9947,5.9997
85.8,5.998,5.9947,5.9997
85.9,5.998,5.9947,5.9997
86,5.998,5.9947,5.9997
86.1,5.998,5.9947,5.9997
86.2,5.998,5.9947,5.9997
86.3,5.998,5.9947,5.9997
86.4,5.998,5.9947,5.9997
86.5,5.998,5.9947,5.9997
86.6,5.998,5.9947,5.9997
86.7,5.998,5.9947,5.9997
86.8,5.9947,5.9947,5.9997
86.9,5.9947,5.9947,5.9997
87,5.9947,5.9947,5.9997
87.1,5.9947,5.9947,5.9997
87.2,5.9947,5.9947,5.9997
87.3,5.9947,5.9947,5.9997
87.4,5.9947,5.9947,5.9997
87.5,5.9947,5.9947,5.9997
87.6,5.9947,5.9947,5.9997
87.7,5.9947,5.9947,5.9997
87.8,5.9947,5.9947,5.9997
87.9,5.9947,5.9947,5.9997
88,5.9947,5.9947,5.9997
88.1,5.9947,5.9947,5.9997
88.2,5.9947,5.9947,5.9997
88.3,5.9947,5.9947,5.9997
88.4,5.9947,5.9947,5.9997
88.5,5.9947,5.9947,5.9997
88.6,5.9947,5.9947,5.9997
88.7,5.9947,5.9947,5.9997
88.8,5.9947,5.993,5.9997
88.9,5.9947,5.993,5.9997
89,5.9947,5.993,5.9997
89.1,5.9947,5.993,5.9997
89.2,5.9947,5.993,5.9997
89.3,5.9947,5.993,5.9997
89.4,5.9947,5.993,5.9997
89.5,5.9947,5.993,5.9997
89.6,5.9947,5.993,5.9997
89.7,5.9947,5.993,5.9997
89.8,5.9947,5.993,5.9997
89.9,5.9947,5.993,5.9997
90,5.9947,5.993,5.9997
90.1,5.9947,5.993,5.9997
90.2,5.9947,5.993,5.9997
90.3,5.9947,5.993,5.9997
90.4,5.9947,5.993,5.9997
90.5,5.9947,5.993,5.9997
90.6,5.9947,5.993,5.9997
90.7,5.9947,5.993,5.9997
90.8,5.9947,5.993,5.9997
90.9,5.9947,5.993,5.9997
91,5.9947,5.993,5.9997
91.1,5.9947,5.993,5.9997
91.2,5.9947,5.993,5.9997
91.3,5.9947,5.993,5.9997
91.4,5.9947,5.993,5.9997
91.5,5.9947,5.993,5.9997
91.6,5.9947,5.993,5.9997
91.7,5.9947,5.993,5.9997
91.8,5.9947,5.993,5.9997
91.9,5.9947,5.993,5.9997
92,5.9947,5.993,5.9997
92.1,5.9947,5.993,5.9997
92.2,5.9947,5.993,5.9997
92.3,5.9947,5.993,5.9997
92.4,5.9947,5.993,5.9997
92.5,5.9947,5.993,5.9997
92.6,5.9947,5.993,5.9997
92.7,5.9947,5.993,5.9947
92.8,5.9947,5.993,5.9947
92.9,5.9947,5.993,5.9947
93,5.9947,5.993,5.9947
93.1,5.9947,5.993,5.9947
93.2,5.9947,5.993,5.9947
93.3,5.9947,5.993,5.9947
93.4,5.9947,5.993,5.9947
93.5,5.9947,5.993,5.9947
93.6,5.9947,5.993,5.9947
93.7,5.9947,5.993,5.9947
93.8,5.9947,5.993,5.9947
93.9,5.9947,5.993,5.9947
94,5.9947,5.993,5.9947
94.1,5.9947,5.993,5.9947
94.2,5.9947,5.993,5.9947
94.3,5.9947,5.993,5.9947
94.4,5.9947,5.993,5.9947
94.5,5.9947,5.993,5.9947
94.6,5.9947,5.993,5.9947
94.7,5.9947,5.993,5.9947
94.8,5.9947,5.993,5.9947
94.9,5.9947,5.993,5.9947
95,5.9947,5.993,5.9947
95.1,5.9947,5.993,5.9947
95.2,5.9947,5.993,5.9947
95.3,5.9947,5.993,5.9947
95.4,5.9947,5.993,5.9947
95.5,5.9947,5.993,5.9947
95.6,5.9947,5.993,5.9947
95.7,5.9947,5.993,5.9947
95.8,5.9947,5.993,5.9947
95.9,5.9947,5.993,5.9947
96,5.9947,5.993,5.9947
96.1,5.9947,5.993,5.9947
96.2,5.9947,5.993,5.9947
96.3,5.9947,5.993,5.9947
96.4,5.9947,5.993,5.9947
96.5,5.9947,5.993,5.9947
96.6,5.9947,5.993,5.9947
96.7,5.9947,5.993,5.9947
96.8,5.9947,5.993,5.9947
96.9,5.9947,5.993,5.9947
97,5.9947,5.993,5.9947
97.1,5.9947,5.993,5.9947
97.2,5.9947,5.993,5.9947
97.3,5.9947,5.993,5.9947
97.4,5.9947,5.993,5.9947
97.5,5.993,5.993,5.9947
97.6,5.993,5.993,5.9947
97.7,5.993,5.993,5.9947
97.8,5.993,5.993,5.9947
97.9,5.993,5.993,5.9947
98,5.993,5.993,5.9947
98.1,5.993,5.993,5.9947
98.2,5.993,5.993,5.9947
98.3,5.993,5.993,5.9947
98.4,5.993,5.993,5.9947
98.5,5.993,5.993,5.9947
98.6,5.993,5.993,5.9947
98.7,5.993,5.993,5.9947
98.8,5.993,5.993,5.9947
98.9,5.993,5.993,5.9947
99,5.993,5.993,5.9947
99.1,5.993,5.993,5.9947
99.2,5.993,5.993,5.9947
99.3,5.993,5.993,5.9947
99.4,5.993,5.993,5.9947
99.5,5.993,5.993,5.9947
99.6,5.993,5.993,5.9947
99.7,5.993,5.993,5.9947
99.8,5.993,5.993,5.9947
99.9,5.993,5.993,5.9947
100,5.993,5.993,5.9947
100.1,5.993,5.993,5.9947
100.2,5.993,5.993,5.9947
100.3,5.993,5.993,5.9947
100.4,5.993,5.993,5.9947
100.5,5.993,5.993,5.9947
100.6,5.993,5.993,5.9947
100.7,5.993,5.9997,5.9947
100.8,5.993,5.9997,5.9947
100.9,5.993,5.9997,5.9947
101,5.993,5.9997,5.9947
101.1,5.993,5.9997,5.9947
101.2,5.993,5.9997,5.9947
101.3,5.993,5.9997,5.9947
101.4,5.993,5.9997,5.9947
101.5,5.993,5.9997,5.9947
101.6,5.993,5.9997,5.9947
101.7,5.993,5.9997,5.9947
101.8,5.993,5.9997,5.9947
101.9,5.993,5.9997,5.9947
102,5.993,5.9997,5.9947
102.1,5.993,5.9997,5.9947
102.2,5.993,5.9997,5.9947
102.3,5.993,5.9997,5.9947
102.4,5.993,5.9997,5.9947
102.5,5.993,5.9997,5.9947
102.6,5.993,5.9997,5.9947
102.7,5.993,5.9997,5.9947
102.8,5.993,5.9997,5.9947
102.9,5.993,5.9997,5.9947
103,5.993,5.9997,5.9947
103.1,5.993,5.9997,5.9947
103.2,5.993,5.9997,5.9947
103.3,5.993,5.9997,5.9947
103.4,5.993,5.9997,5.9947
103.5,5.993,5.9997,5.9947
103.6,5.993,5.9997,5.9947
103.7,5.993,5.9997,5.9947
103.8,5.993,5.9997,5.9947
103.9,5.993,5.9997,5.9947
104,5.993,5.9997,5.9947
104.1,5.993,5.9997,5.9947
104.2,5.993,5.9997,5.9947
104.3,5.993,5.9997,5.9947
104.4,5.993,5.9997,5.9947
104.5,5.993,5.9997,5.9947
104.6,5.993,5.9997,5.9947
104.7,5.993,5.9997,5.9947
104.8,5.993,5.9997,5.9947
104.9,5.993,5.9997,5.9947
105,5.993,5.9997,5.9947
105.1,5.993,5.9997,5.9947
105.2,5.993,5.9997,5.9947
105.3,5.993,5.9997,5.9947
105.4,5.993,5.9997,5.9947
105.5,5.993,5.9997,5.9997
105.6,5.993,5.9997,5.9997
105.7,5.993,5.9997,5.9997
105.8,5.993,5.9997,5.9997
105.9,5.993,5.9997,5.9997
106,5.993,5.9997,5.9997
106.1,5.993,5.9997,5.9997
106.2,5.993,5.9997,5.9997
106.3,5.993,5.9997,5.9997
106.4,5.993,5.9997,5.9997
106.5,5.993,5.9997,5.9997
106.6,5.993,5.9997,5.9997
106.7,5.993,5.9997,5.9997
106.8,5.993,5.9997,5.9997
106.9,5.993,5.9997,5.9997
107,5.993,5.9997,5.9997
107.1,5.993,5.9997,5.9997
107.2,5.993,5.9997,5.9997
107.3,5.993,5.9997,5.9997
107.4,5.993,5.9997,5.9997
107.5,5.993,5.9997,5.9997
107.6,5.998,5.9997,5.9997
107.7,5.998,5.9997,5.9997
107.8,5.998,5.9997,5.9997
107.9,5.998,5.9997,5.9997
108,5.998,5.9997,5.9997
108.1,5.998,5.9997,5.9997
108.2,5.998,5.9997,5.9997
108.3,5.998,5.9997,5.9997
108.4,5.998,5.9997,5.9997
108.5,5.998,5.9997,5.9997
108.6,5.998,5.9997,5.9997
108.7,5.998,5.9997,5.9997
108.8,5.998,5.9997,5.9997
108.9,5.998,5.9997,5.9997
109,5.998,5.9997,5.9997
109.1,5.998,5.9997,5.9997
109.2,5.998,5.9997,5.9997
109.3,5.998,5.9997,5.9997
109.4,5.998,5.9997,5.9997
109.5,5.998,5.9997,5.9997
109.6,5.998,5.9997,5.9997
109.7,5.998,5.9997,5.9997
109.8,5.998,5.9997,5.9997
109.9,5.998,5.9997,5.9997
110,5.998,5.9997,5.9997
110.1,5.998,5.9997,5.9997
110.2,5.998,5.9997,5.9997
110.3,5.998,5.9997,5.9997
110.4,5.998,5.9997,5.9997
110.5,5.998,5.9997,5.9997
110.6,5.998,5.9997,5.9997
110.7,5.998,5.9997,5.9997
110.8,5.998,5.9997,5.9997
110.9,5.998,5.9997,5.9997
111,5.998,5.9997,5.9997
111.1,5.998,5.9997,5.9997
111.2,5.998,5.9997,5.9997
111.3,5.998,5.9997,5.9997
111.4,5.998,5.9997,5.9997
111.5,5.998,5.9997,5.9997
111.6,5.998,5.9997,5.9997
111.7,5.998,5.9997,5.9997
111.8,5.998,5.9997,5.9997
111.9,5.998,5.9997,5.9997
112,5.998,5.9997,5.9997
112.1,5.998,5.9997,5.9997
112.2,5.998,5.9997,5.9997
112.3,5.998,5.9997,5.9997
112.4,5.998,5.9997,5.9997
112.5,5.998,5.9997,5.9997
112.6,5.998,5.9997,5.9997
112.7,5.998,5.9997,5.9997
112.8,5.998,5.9997,5.9997
112.9,5.998,5.9997,5.9997
113,5.998,5.9963,5.9997
113.1,5.998,5.9963,5.9997
113.2,5.998,5.9963,5.9997
113.3,5.998,5.9963,5.9997
113.4,5.998,5.9963,5.9997
113.5,5.998,5.9963,5.9997
113.6,5.998,5.9963,5.9997
113.7,5.998,5.9963,5.9997
113.8,5.998,5.9963,5.9997
113.9,5.998,5.9963,5.9997
114,5.998,5.9963,5.9997
114.1,5.998,5.9963,5.9997
114.2,5.998,5.9963,5.9997
114.3,5.998,5.9963,5.9997
114.4,5.998,5.9963,5.9997
114.5,5.998,5.9963,5.9997
114.6,5.998,5.9963,5.9997
114.7,5.998,5.9963,5.9997
114.8,5.998,5.9963,5.9997
114.9,5.998,5.9963,5.9997
115,5.998,5.9963,5.9997
115.1,5.998,5.9963,5.9997
115.2,5.998,5.9963,5.9997
115.3,5.998,5.9963,5.9997
115.4,5.998,5.9963,5.9997
115.5,5.998,5.9963,5.9997
115.6,5.998,5.9963,5.9997
115.7,5.998,5.9963,5.9997
115.8,5.998,5.9963,5.9997
115.9,5.998,5.9963,5.9997
116,5.998,5.9963,5.9997
116.1,5.998,5.9963,5.9997
116.2,5.998,5.9963,5.9997
116.3,5.998,5.9963,5.9997
116.4,5.998,5.9963,5.9997
116.5,5.998,5.9963,5.9997
116.6,5.998,5.9963,5.9997
116.7,5.998,5.9963,5.9997
116.8,5.998,5.9963,5.9997
116.9,5.998,5.9963,5.9997
117,5.998,5.9963,5.9997
117.1,5.998,5.9963,5.9997
117.2,5.998,5.9963,5.9997
117.3,5.998,5.9963,5.9997
117.4,5.998,5.9963,5.9997
117.5,5.998,5.9963,5.9997
117.6,5.998,5.9963,5.9997
117.7,5.998,5.9963,5.9997
117.8,5.998,5.9963,5.9997
117.9,5.998,5.9963,5.9997
118,5.998,5.9963,5.9997
118.1,5.998,5.9963,5.9997
118.2,5.998,5.9963,5.9997
118.3,5.998,5.9963,5.9997
118.4,5.998,5.9963,5.9997
118.5,5.998,5.9963,5.9997
118.6,5.998,5.9963,5.9997
118.7,5.998,5.9963,5.9997
118.8,5.998,5.9963,5.9997
118.9,5.998,5.9963,5.9997
119,5.998,5.9963,5.9997
119.1,5.998,5.9963,5.9997
119.2,5.998,5.9963,5.9997
119.3,5.998,5.9963,5.9997
119.4,5.998,5.9963,5.9997
119.5,5.998,5.9963,5.9997
119.6,5.998,5.9963,5.9997
119.7,5.998,5.9963,5.9997
119.8,5.998,5.9963,5.9997
119.9,5.998,5.9963,5.9997
120,5.998,5.9963,5.9997
